# Árbol 3D generado desde L-System
# Generado con Tree-to-OBJ Converter

v -1.97233 -0.045159 0.328433
v -3.62995 1.29816 -9.44131
v -1.39465 -1.43296 0.0395975
v -3.05226 -0.0896404 -9.73014
v 8.62134e-08 -1.98136 -0.272434
v -1.65761 -0.638035 -10.0422
v 1.39465 -1.3691 -0.424877
v -0.262965 -0.0257759 -10.1946
v 1.97233 0.0451592 -0.328433
v 0.314717 1.38848 -10.0982
v 1.39465 1.43296 -0.0395975
v -0.262965 2.77629 -9.80934
v -2.35198e-08 1.98136 0.272434
v -1.65761 3.32468 -9.49731
v -1.39465 1.3691 0.424877
v -3.05226 2.71242 -9.34486
v 0 0 0
v -1.65761 1.34332 -9.76974
v -1.97352 0.322279 -0.0369965
v -0.35154 10.1255 -1.16237
v -1.39549 0.0665981 -1.43115
v 0.22649 9.8698 -2.55652
v 8.62651e-08 -0.228095 -1.98695
v 1.62198 9.5751 -3.11232
v 1.39549 -0.389173 -1.37883
v 3.01746 9.41403 -2.5042
v 1.97352 -0.322279 0.0369966
v 3.59549 9.48092 -1.08838
v 1.39549 -0.0665981 1.43115
v 3.01746 9.7366 0.305774
v -2.35339e-08 0.228095 1.98695
v 1.62198 10.0313 0.861578
v -1.39549 0.389173 1.37883
v 0.22649 10.1924 0.253453
v 0 0 0
v 1.62198 9.8032 -1.12537
v -1.95297 -0.424117 -0.077737
v -4.10888 9.18071 1.68275
v -1.38096 -0.0449299 -1.44601
v -3.53687 9.5599 0.314476
v 8.53669e-08 0.360576 -1.96723
v -2.15591 9.96541 -0.206744
v 1.38096 0.554862 -1.33607
v -0.774954 10.1597 0.424412
v 1.95297 0.424117 0.0777372
v -0.202943 10.0289 1.83822
v 1.38096 0.0449299 1.44601
v -0.774954 9.64976 3.20649
v -2.32889e-08 -0.360576 1.96723
v -2.15591 9.24425 3.72771
v -1.38096 -0.554862 1.33607
v -3.53687 9.04997 3.09656
v 0 0 0
v -2.15591 9.60483 1.76048
v -3.97741 8.88293 1.35924
v -8.10698 16.8434 5.78383
v -3.44391 9.78142 0.240655
v -7.57347 17.7419 4.66525
v -2.15591 10.5765 0.0123645
v -6.28548 18.537 4.43696
v -0.867915 10.8023 0.808099
v -4.99748 18.7628 5.23269
v -0.334409 10.3267 2.16173
v -4.46398 18.2872 6.58632
v -0.867915 9.42824 3.28031
v -4.99748 17.3887 7.70491
v -2.15591 8.63319 3.5086
v -6.28548 16.5937 7.9332
v -3.44391 8.40732 2.71287
v -7.57347 16.3678 7.13746
v -2.15591 9.60483 1.76048
v -6.28548 17.5653 6.18508
v -8.21476 17.5304 5.6591
v -10.8505 18.1697 15.2843
v -7.64969 18.9517 5.71943
v -10.2854 19.591 15.3446
v -6.28548 19.5609 6.05254
v -8.92117 20.2002 15.6777
v -4.92127 19.0011 6.46328
v -7.55696 19.6404 16.0885
v -4.3562 17.6003 6.71106
v -6.99189 18.2395 16.3363
v -4.92127 16.1789 6.65072
v -7.55696 16.8182 16.2759
v -6.28548 15.5697 6.31762
v -8.92117 16.209 15.9428
v -7.64969 16.1295 5.90688
v -10.2854 16.7688 15.5321
v -6.28548 17.5653 6.18508
v -8.92117 18.2046 15.8103
v -8.01386 16.5946 6.45027
v -13.0455 24.931 4.17292
v -7.50763 16.5062 5.00837
v -12.5393 24.8427 2.73103
v -6.28548 17.0383 4.25577
v -11.3171 25.3747 1.97842
v -5.06333 17.8791 4.63333
v -10.095 26.2155 2.35599
v -4.5571 18.5361 5.91989
v -9.58876 26.8725 3.64254
v -5.06333 18.6244 7.36178
v -10.095 26.9609 5.08444
v -6.28548 18.0924 8.11438
v -11.3171 26.4288 5.83704
v -7.50763 17.2516 7.73682
v -12.5393 25.588 5.45948
v -6.28548 17.5653 6.18508
v -11.3171 25.9018 3.90773
v -4.03108 8.91517 1.85064
v -7.50871 18.2119 0.635273
v -3.48185 8.93385 0.421955
v -6.95948 18.2306 -0.793415
v -2.15591 9.34557 -0.222641
v -5.63354 18.6423 -1.43801
v -0.829969 9.90917 0.29445
v -4.3076 19.2059 -0.92092
v -0.280746 10.2945 1.67032
v -3.75838 19.5912 0.454954
v -0.829969 10.2758 3.09901
v -4.3076 19.5725 1.88364
v -2.15591 9.86409 3.74361
v -5.63354 19.1608 2.52824
v -3.48185 9.30049 3.22652
v -6.95948 18.5972 2.01115
v -2.15591 9.60483 1.76048
v -5.63354 18.9015 0.545114
v -4.13198 9.51441 2.0554
v -5.67431 12.4107 -7.3909
v -3.5532 8.1888 1.55446
v -5.09553 11.0851 -7.89184
v -2.15591 7.69269 1.17421
v -3.69824 10.589 -8.27209
v -0.758619 8.31668 1.13739
v -2.30095 11.213 -8.30891
v -0.179841 9.69525 1.46557
v -1.72217 12.5916 -7.98073
v -0.758619 11.0209 1.96651
v -2.30095 13.9172 -7.47979
v -2.15591 11.517 2.34676
v -3.69824 14.4133 -7.09954
v -3.5532 10.893 2.38358
v -5.09553 13.7893 -7.06272
v -2.15591 9.60483 1.76048
v -3.69824 12.5011 -7.68582
v -3.96035 8.79033 1.47662
v -8.27311 17.3099 4.44585
v -3.43184 9.49431 0.224326
v -7.7446 18.0139 3.19356
v -2.15591 10.263 -0.128104
v -6.46867 18.7826 2.84113
v -0.879978 10.6462 0.625776
v -5.19274 19.1658 3.59501
v -0.35147 10.4193 2.04435
v -4.66423 18.9389 5.01359
v -0.879978 9.71535 3.29664
v -5.19274 18.235 6.26588
v -2.15591 8.94662 3.64907
v -6.46867 17.4662 6.61831
v -3.43184 8.56347 2.89519
v -7.7446 17.0831 5.86443
v -2.15591 9.60483 1.76048
v -6.46867 18.1244 4.72972
v -8.30125 17.3383 4.88364
v -12.3064 26.3305 3.12291
v -7.7645 17.2968 3.4507
v -11.7696 26.289 1.68997
v -6.46867 17.7401 2.76699
v -10.4738 26.7323 1.00626
v -5.17284 18.4085 3.23302
v -9.17795 27.4007 1.47229
v -4.63608 18.9105 4.5758
v -8.64119 27.9027 2.81507
v -5.17284 18.952 6.00874
v -9.17795 27.9442 4.24801
v -6.46867 18.5088 6.69245
v -10.4738 27.5009 4.93172
v -7.7645 17.8403 6.22642
v -11.7696 26.8325 4.46569
v -6.46867 18.1244 4.72972
v -10.4738 27.1166 2.96899
v -12.3539 26.692 3.50274
v -15.7641 32.5444 -3.85388
v -11.8032 25.7096 2.46598
v -15.2135 31.562 -4.89065
v -10.4738 25.5515 1.72388
v -13.884 31.4038 -5.63275
v -9.14434 26.3101 1.71114
v -12.5546 32.1625 -5.64549
v -8.59367 27.5412 2.43524
v -12.0039 33.3936 -4.92139
v -9.14434 28.5236 3.472
v -12.5546 34.3759 -3.88463
v -10.4738 28.6817 4.2141
v -13.884 34.5341 -3.14252
v -11.8032 27.9231 4.22684
v -15.2135 33.7755 -3.12979
v -10.4738 27.1166 2.96899
v -13.884 32.969 -4.38764
v -12.2181 26.6924 3.85076
v -17.1107 30.4736 -4.00828
v -11.7072 25.5422 2.97935
v -16.5998 29.3235 -4.8797
v -10.4738 25.3144 2.10187
v -15.3664 29.0956 -5.75718
v -9.24039 26.1422 1.73234
v -14.133 29.9234 -6.12671
v -8.7295 27.5408 2.08722
v -13.6221 31.3221 -5.77183
v -9.24039 28.691 2.95863
v -14.133 32.4722 -4.90041
v -10.4738 28.9188 3.83611
v -15.3664 32.7001 -4.02294
v -11.7072 28.091 4.20564
v -16.5998 31.8722 -3.6534
v -10.4738 27.1166 2.96899
v -15.3664 30.8978 -4.89006
v -8.36596 17.529 4.51574
v -11.5294 26.4565 7.72411
v -7.81025 18.1817 3.24753
v -10.9737 27.1091 6.45591
v -6.46867 18.8009 2.84757
v -9.63214 27.7283 6.05595
v -5.12708 19.0238 3.55015
v -8.29055 27.9512 6.75852
v -4.57138 18.7199 4.9437
v -7.73485 27.6473 8.15207
v -5.12708 18.0672 6.2119
v -8.29055 26.9946 9.42028
v -6.46867 17.448 6.61186
v -9.63214 26.3754 9.82024
v -7.81025 17.2251 5.90929
v -10.9737 26.1525 9.11766
v -6.46867 18.1244 4.72972
v -9.63214 27.0519 7.93809
v -11.5659 26.5442 7.9919
v -14.1185 36.1591 6.97282
v -10.9995 26.5438 6.5698
v -13.5521 36.1587 5.55072
v -9.63214 26.8411 5.94923
v -12.1847 36.4559 4.93015
v -8.26477 27.2618 6.49371
v -10.8173 36.8767 5.47462
v -7.69839 27.5595 7.88428
v -10.251 37.1744 6.8652
v -8.26477 27.5599 9.30638
v -10.8173 37.1748 8.28729
v -9.63214 27.2627 9.92695
v -12.1847 36.8775 8.90787
v -10.9995 26.8419 9.38248
v -13.5521 36.4568 8.36339
v -9.63214 27.0519 7.93809
v -12.1847 36.6667 6.91901
v -11.4513 26.3247 7.53556
v -15.6069 34.2824 11.9407
v -10.9185 27.2226 6.41617
v -15.0741 35.1803 10.8213
v -9.63214 28.0205 6.18831
v -13.7878 35.9782 10.5935
v -8.34582 28.251 6.98544
v -12.5015 36.2087 11.3906
v -7.81301 27.779 8.34062
v -11.9687 35.7367 12.7458
v -8.34582 26.8811 9.46001
v -12.5015 34.8388 13.8652
v -9.63214 26.0832 9.68788
v -13.7878 34.0409 14.0931
v -10.9185 25.8528 8.89074
v -15.0741 33.8104 13.2959
v -9.63214 27.0519 7.93809
v -13.7878 35.0096 12.3433
v -11.5119 26.6819 7.36402
v -14.9268 31.7735 15.2643
v -10.9613 27.979 6.76604
v -14.3762 33.0706 14.6663
v -9.63214 28.733 6.85463
v -13.047 33.8246 14.7549
v -8.30293 28.5022 7.5779
v -11.7178 33.5938 15.4782
v -7.75236 27.4218 8.51217
v -11.1672 32.5135 16.4124
v -8.30293 26.1248 9.11014
v -11.7178 31.2164 17.0104
v -9.63214 25.3708 9.02155
v -13.047 30.4624 16.9218
v -10.9613 25.6015 8.29828
v -14.3762 30.6932 16.1985
v -9.63214 27.0519 7.93809
v -13.047 32.1435 15.8383
v -14.6604 31.7879 14.7112
v -20.5698 34.2152 22.4046
v -14.1879 33.2407 14.6158
v -20.0972 35.6681 22.3092
v -13.047 34.0508 15.2366
v -18.9563 36.4782 22.9299
v -11.9061 33.7436 16.2098
v -17.8154 36.171 23.9032
v -11.4335 32.4991 16.9654
v -17.3429 34.9265 24.6588
v -11.9061 31.0463 17.0608
v -17.8154 33.4736 24.7542
v -13.047 30.2362 16.4401
v -18.9563 32.6635 24.1335
v -14.1879 30.5434 15.4669
v -20.0972 32.9707 23.1603
v -13.047 32.1435 15.8383
v -18.9563 34.5709 23.5317
v -14.9579 32.3013 15.2694
v -17.9099 29.7477 24.4762
v -14.3982 33.6178 15.814
v -17.3502 31.0643 25.0208
v -13.047 34.0707 16.3729
v -15.999 31.5172 25.5797
v -11.6958 33.3947 16.6186
v -14.6478 30.8411 25.8254
v -11.1361 31.9857 16.4073
v -14.0881 29.4322 25.6141
v -11.6958 30.6692 15.8627
v -14.6478 28.1156 25.0695
v -13.047 30.2163 15.3038
v -15.999 27.6627 24.5106
v -14.3982 30.8923 15.0581
v -17.3502 28.3388 24.2649
v -13.047 32.1435 15.8383
v -15.999 29.5899 25.0451
v -15.008 31.7516 15.8667
v -16.9728 41.5311 15.1595
v -14.4336 31.7644 14.4479
v -16.3984 41.5439 13.7407
v -13.047 31.9993 13.8436
v -15.0118 41.7788 13.1364
v -11.6603 32.3186 14.4078
v -13.6251 42.0982 13.7006
v -11.086 32.5354 15.81
v -13.0507 42.315 15.1028
v -11.6603 32.5226 17.2288
v -13.6251 42.3022 16.5216
v -13.047 32.2878 17.8331
v -15.0118 42.0673 17.1259
v -14.4336 31.9684 17.2689
v -16.3984 41.7479 16.5617
v -13.047 32.1435 15.8383
v -15.0118 41.923 15.1311
v -17.0016 41.9345 14.9302
v -15.9955 42.4987 4.99699
v -16.4188 40.5192 14.9089
v -15.4126 41.0834 4.97564
v -15.0118 39.9263 15.0177
v -14.0056 40.4905 5.08449
v -13.6047 40.503 15.193
v -12.5986 41.0672 5.25977
v -13.0219 41.9116 15.3321
v -12.0158 42.4758 5.39881
v -13.6047 43.3269 15.3534
v -12.5986 43.8911 5.42016
v -15.0118 43.9198 15.2446
v -14.0056 44.484 5.31132
v -16.4188 43.3431 15.0693
v -15.4126 43.9072 5.13603
v -15.0118 41.923 15.1311
v -14.0056 42.4872 5.1979
v -16.9784 41.9082 14.7678
v -18.7969 42.3093 24.5928
v -16.4024 43.3256 14.8165
v -18.2208 43.7267 24.6416
v -15.0118 43.9214 15.0496
v -16.8302 44.3225 24.8746
v -13.6211 43.3466 15.3304
v -15.4396 43.7477 25.1555
v -13.0451 41.9379 15.4945
v -14.8636 42.339 25.3196
v -13.6211 40.5205 15.4458
v -15.4396 40.9216 25.2709
v -15.0118 39.9247 15.2127
v -16.8302 40.3258 25.0378
v -16.4024 40.4995 14.9319
v -18.2208 40.9006 24.757
v -15.0118 41.923 15.1311
v -16.8302 42.3242 24.9562
v -15.0039 31.7695 15.6629
v -17.0694 40.6274 19.8188
v -14.4307 32.4797 14.434
v -16.4962 41.3376 18.5899
v -13.047 32.993 14.0277
v -15.1125 41.8509 18.1836
v -11.6633 33.0086 14.6821
v -13.7288 41.8665 18.838
v -11.0901 32.5175 16.0138
v -13.1556 41.3754 20.1697
v -11.6633 31.8073 17.2427
v -13.7288 40.6651 21.3986
v -13.047 31.294 17.649
v -15.1125 40.1519 21.8049
v -14.4307 31.2784 16.9946
v -16.4962 40.1362 21.1505
v -13.047 32.1435 15.8383
v -15.1125 41.0014 19.9943
v -17.112 40.9627 19.9752
v -17.3278 49.9371 24.3812
v -16.5264 41.5972 18.7113
v -16.7421 50.5717 23.1173
v -15.1125 41.8828 18.1989
v -15.3282 50.8572 22.6049
v -13.6986 41.652 18.7382
v -13.9143 50.6265 23.1442
v -13.113 41.0401 20.0133
v -13.3287 50.0146 24.4192
v -13.6986 40.4055 21.2772
v -13.9143 49.38 25.6831
v -15.1125 40.12 21.7896
v -15.3282 49.0944 26.1955
v -16.5264 40.3508 21.2503
v -16.7421 49.3252 25.6563
v -15.1125 41.0014 19.9943
v -15.3282 49.9758 24.4002
v -17.0594 40.5988 19.7765
v -19.3477 49.1611 24.4081
v -16.4892 41.3896 18.5964
v -18.7775 49.9519 23.228
v -15.1125 41.9529 18.2351
v -17.4008 50.5152 22.8667
v -13.7358 41.9589 18.9043
v -16.0241 50.5211 23.5359
v -13.1656 41.4039 20.212
v -15.4538 49.9662 24.8436
v -13.7358 40.6132 21.3921
v -16.0241 49.1754 26.0237
v -15.1125 40.0498 21.7534
v -17.4008 48.6121 26.385
v -16.4892 40.0439 21.0842
v -18.7775 48.6061 25.7158
v -15.1125 41.0014 19.9943
v -17.4008 49.5636 24.6258
v -11.5799 27.2324 8.35463
v -9.31014 31.1046 17.2907
v -11.0094 28.4771 7.67033
v -8.73964 32.3494 16.6064
v -9.63214 28.887 7.14288
v -7.36234 32.7592 16.079
v -8.25483 28.2219 7.08126
v -5.98504 32.0941 16.0173
v -7.68434 26.8714 7.52156
v -5.41454 30.7436 16.4576
v -8.25483 25.6266 8.20586
v -5.98504 29.4989 17.1419
v -9.63214 25.2167 8.7333
v -7.36234 29.089 17.6694
v -11.0094 25.8819 8.79492
v -8.73964 29.7541 17.731
v -9.63214 27.0519 7.93809
v -7.36234 30.9241 16.8742
v -11.6236 26.9206 8.06726
v -12.5445 34.0188 1.08388
v -11.0403 25.9672 7.02131
v -11.9612 33.0654 0.0379289
v -9.63214 25.6492 6.51239
v -10.553 32.7474 -0.470982
v -8.22393 26.1529 6.83864
v -9.14481 33.2511 -0.14474
v -7.64063 27.1832 7.80893
v -8.56151 34.2813 0.825549
v -8.22393 28.1365 8.85488
v -9.14481 35.2347 1.8715
v -9.63214 28.4545 9.36379
v -10.553 35.5527 2.38041
v -11.0403 27.9508 9.03755
v -11.9612 35.049 2.05417
v -9.63214 27.0519 7.93809
v -10.553 34.1501 0.954715
v -11.4686 26.2887 7.72617
v -15.4289 35.1363 10.183
v -10.9307 26.8906 6.42559
v -14.891 35.7382 8.88239
v -9.63214 27.587 6.01101
v -13.5924 36.4346 8.4678
v -8.33355 27.9699 6.72528
v -12.2938 36.8175 9.18208
v -7.79566 27.815 8.15001
v -11.7559 36.6627 10.6068
v -8.33355 27.2131 9.45059
v -12.2938 36.0608 11.9074
v -9.63214 26.5168 9.86518
v -13.5924 35.3644 12.322
v -10.9307 26.1338 9.1509
v -14.891 34.9815 11.6077
v -9.63214 27.0519 7.93809
v -13.5924 35.8995 10.3949
v -15.5841 35.731 10.4624
v -16.4917 44.9759 6.75991
v -15.0008 35.2546 9.12976
v -15.9083 44.4995 5.4273
v -13.5924 35.1559 8.53825
v -14.4999 44.4008 4.83579
v -12.184 35.4929 9.03433
v -13.0916 44.7378 5.33187
v -11.6006 36.068 10.3274
v -12.5082 45.3129 6.62495
v -12.184 36.5444 11.66
v -13.0916 45.7893 7.95756
v -13.5924 36.6431 12.2515
v -14.4999 45.888 8.54907
v -15.0008 36.3061 11.7554
v -15.9083 45.551 8.05299
v -13.5924 35.8995 10.3949
v -14.4999 45.1444 6.69243
v -16.489 45.3496 6.72923
v -15.4465 55.139 8.48456
v -15.9065 45.5391 5.32644
v -14.8639 55.3285 7.08177
v -14.4999 45.4974 4.72383
v -13.4574 55.2868 6.47915
v -13.0934 45.2489 5.2744
v -12.0509 55.0383 7.02972
v -12.5108 44.9392 6.65563
v -11.4683 54.7285 8.41096
v -13.0934 44.7497 8.05842
v -12.0509 54.5391 9.81375
v -14.4999 44.7914 8.66103
v -13.4574 54.5808 10.4164
v -15.9065 45.0399 8.11047
v -14.8639 54.8293 9.86579
v -14.4999 45.1444 6.69243
v -13.4574 54.9338 8.44776
v -16.373 45.6159 6.17354
v -12.8675 51.914 -0.757911
v -15.8244 44.4311 5.37448
v -12.3189 50.7292 -1.55697
v -14.4999 43.6642 5.34746
v -10.9944 49.9623 -1.58399
v -13.1755 43.7643 6.10831
v -9.66995 50.0625 -0.823142
v -12.6269 44.6729 7.21133
v -9.12134 50.971 0.279878
v -13.1755 45.8577 8.01038
v -9.66995 52.1558 1.07894
v -14.4999 46.6246 8.0374
v -10.9944 52.9227 1.10596
v -15.8244 46.5245 7.27656
v -12.3189 52.8226 0.345109
v -14.4999 45.1444 6.69243
v -10.9944 51.4425 -0.239017
v -15.5006 35.4932 10.8352
v -18.496 41.9631 3.82312
v -14.9417 34.5728 9.74722
v -17.9371 41.0427 2.73516
v -13.5924 34.4296 9.03865
v -16.5878 40.8994 2.02659
v -12.2431 35.1474 9.12455
v -15.2385 41.6172 2.11248
v -11.6842 36.3057 9.95459
v -14.6796 42.7756 2.94253
v -12.2431 37.2261 11.0426
v -15.2385 43.6959 4.03049
v -13.5924 37.3694 11.7511
v -16.5878 43.8392 4.73906
v -14.9417 36.6516 11.6652
v -17.9371 43.1214 4.65317
v -13.5924 35.8995 10.3949
v -16.5878 42.3693 3.38283
v -15.5277 35.4929 10.6937
v -18.0506 43.2908 4.9642
v -14.9609 34.7746 9.46648
v -17.4838 42.5726 3.73703
v -13.5924 34.7153 8.78316
v -16.1153 42.5133 3.05371
v -12.2239 35.3497 9.04397
v -14.7468 43.1476 3.31452
v -11.6571 36.3061 10.0961
v -14.18 44.1041 4.36668
v -12.2239 37.0244 11.3233
v -14.7468 44.8223 5.59385
v -13.5924 37.0837 12.0066
v -16.1153 44.8817 6.27717
v -14.9609 36.4493 11.7458
v -17.4838 44.2473 6.01636
v -13.5924 35.8995 10.3949
v -16.1153 43.6975 4.66544
v -15.4289 35.1363 10.183
v -19.3891 43.9839 12.6398
v -14.891 35.7382 8.88239
v -18.8512 44.5859 11.3392
v -13.5924 36.4346 8.4678
v -17.5526 45.2822 10.9246
v -12.2938 36.8175 9.18208
v -16.2541 45.6651 11.6389
v -11.7559 36.6627 10.6068
v -15.7162 45.5103 13.0636
v -12.2938 36.0608 11.9074
v -16.2541 44.9084 14.3642
v -13.5924 35.3644 12.322
v -17.5526 44.212 14.7788
v -14.891 34.9815 11.6077
v -18.8512 43.8291 14.0645
v -13.5924 35.8995 10.3949
v -17.5526 44.7471 12.8517
v -19.5511 44.6891 12.8005
v -19.9381 52.1865 19.4064
v -18.9658 45.641 11.7544
v -19.3527 53.1385 18.3603
v -17.5526 46.0693 11.3511
v -17.9396 53.5668 17.957
v -16.1395 45.7231 11.8268
v -16.5264 53.2206 18.4327
v -15.5541 44.8052 12.9028
v -15.9411 52.3027 19.5088
v -16.1395 43.8533 13.949
v -16.5264 51.3507 20.5549
v -17.5526 43.4249 14.3523
v -17.9396 50.9224 20.9582
v -18.9658 43.7711 13.8766
v -19.3527 51.2686 20.4825
v -17.5526 44.7471 12.8517
v -17.9396 52.2446 19.4576
v -19.8517 51.7139 19.2083
v -22.7834 60.3673 23.2733
v -19.2917 52.4706 18.0013
v -22.2234 61.124 22.0663
v -17.9396 53.095 17.6474
v -20.8713 61.7483 21.7124
v -16.5875 53.2212 18.3539
v -19.5192 61.8745 22.4189
v -16.0275 52.7753 19.7069
v -18.9592 61.4287 23.7719
v -16.5875 52.0186 20.9139
v -19.5192 60.6719 24.9789
v -17.9396 51.3942 21.2678
v -20.8713 60.0476 25.3328
v -19.2917 51.268 20.5613
v -22.2234 59.9214 24.6263
v -17.9396 52.2446 19.4576
v -20.8713 60.898 23.5226
v -19.9194 51.9617 19.4792
v -21.3378 61.832 18.7269
v -19.3395 51.9371 18.0627
v -20.758 61.8074 17.3105
v -17.9396 52.0926 17.4634
v -19.3581 61.9629 16.7112
v -16.5397 52.3371 18.0322
v -17.9581 62.2074 17.28
v -15.9598 52.5275 19.436
v -17.3783 62.3977 18.6838
v -16.5397 52.5521 20.8525
v -17.9581 62.4223 20.1003
v -17.9396 52.3966 21.4518
v -19.3581 62.2668 20.6996
v -19.3395 52.152 20.883
v -20.758 62.0223 20.1307
v -17.9396 52.2446 19.4576
v -19.3581 62.1149 18.7054
v -19.238 43.737 12.4787
v -24.6219 51.6423 15.3976
v -18.7444 44.5227 11.2613
v -24.1283 52.428 14.1802
v -17.5526 45.4399 10.9755
v -22.9366 53.3452 13.8944
v -16.3609 45.9512 11.7887
v -21.7448 53.8565 14.7076
v -15.8673 45.7572 13.2247
v -21.2512 53.6625 16.1436
v -16.3609 44.9715 14.4421
v -21.7448 52.8768 17.361
v -17.5526 44.0544 14.7279
v -22.9366 51.9597 17.6468
v -18.7444 43.543 13.9146
v -24.1283 51.4483 16.8335
v -17.5526 44.7471 12.8517
v -22.9366 52.6524 15.7706
v -24.9331 52.5598 15.6985
v -25.5196 60.4368 21.8312
v -24.3483 53.4557 14.6037
v -24.9348 61.3327 20.7364
v -22.9366 53.8811 14.1925
v -23.523 61.758 20.3252
v -21.5248 53.5866 14.7056
v -22.1113 61.4636 20.8383
v -20.94 52.745 15.8426
v -21.5265 60.6219 21.9753
v -21.5248 51.8491 16.9374
v -22.1113 59.726 23.0701
v -22.9366 51.4238 17.3487
v -23.523 59.3007 23.4814
v -24.3483 51.7182 16.8355
v -24.9348 59.5951 22.9682
v -22.9366 52.6524 15.7706
v -23.523 60.5294 21.9033
v -24.4983 52.2336 14.5936
v -30.745 54.8514 21.9506
v -24.0409 53.6886 14.4642
v -30.2875 56.3065 21.8213
v -22.9366 54.5367 15.1001
v -29.1832 57.1545 22.4572
v -21.8322 54.2809 16.1288
v -28.0788 56.8988 23.4859
v -21.3748 53.0712 16.9476
v -27.6214 55.6891 24.3047
v -21.8322 51.6162 17.077
v -28.0788 54.234 24.434
v -22.9366 50.7681 16.4411
v -29.1832 53.386 23.7981
v -24.0409 51.0239 15.4124
v -30.2875 53.6417 22.7695
v -22.9366 52.6524 15.7706
v -29.1832 55.2702 23.1277
v -24.137 51.054 15.7063
v -32.1353 57.0514 15.9474
v -23.7854 51.579 14.3121
v -31.7838 57.5763 14.5531
v -22.9366 52.7327 13.7722
v -30.9349 58.7301 14.0133
v -22.0877 53.8394 14.4029
v -30.0861 59.8368 14.644
v -21.7361 54.2508 15.8348
v -29.7345 60.2481 16.0759
v -22.0877 53.7258 17.2291
v -30.0861 59.7232 17.4702
v -22.9366 52.5721 17.769
v -30.9349 58.5694 18.01
v -23.7854 51.4654 17.1382
v -31.7838 57.4627 17.3793
v -22.9366 52.6524 15.7706
v -30.9349 58.6497 16.0117
v -32.4126 58.0991 14.7815
v -39.1514 61.1179 21.5251
v -31.9798 59.5511 14.564
v -38.7186 62.57 21.3076
v -30.9349 60.4752 15.1945
v -37.6737 63.494 21.938
v -29.89 60.3299 16.3036
v -36.6288 63.3488 23.0472
v -29.4572 59.2004 17.2418
v -36.196 62.2193 23.9853
v -29.89 57.7484 17.4593
v -36.6288 60.7672 24.2029
v -30.9349 56.8243 16.8288
v -37.6737 59.8432 23.5724
v -31.9798 56.9696 15.7197
v -38.7186 59.9884 22.4632
v -30.9349 58.6497 16.0117
v -37.6737 61.6686 22.7552
v -32.3181 57.8647 14.7991
v -39.5409 61.6234 20.6045
v -31.913 59.2817 14.3856
v -39.1358 63.0404 20.1911
v -30.9349 60.3286 14.9247
v -38.1577 64.0873 20.7302
v -29.9568 60.392 16.1005
v -37.1796 64.1507 21.906
v -29.5517 59.4348 17.2243
v -36.7745 63.1935 23.0297
v -29.9568 58.0178 17.6377
v -37.1796 61.7764 23.4431
v -30.9349 56.9709 17.0986
v -38.1577 60.7296 22.9041
v -31.913 56.9075 15.9228
v -39.1358 60.6662 21.7283
v -30.9349 58.6497 16.0117
v -38.1577 62.4084 21.8171
v -32.647 58.1559 16.9199
v -37.8162 62.2447 9.3992
v -32.1455 57.0581 15.9784
v -37.3147 61.1469 8.45768
v -30.9349 56.8926 15.0564
v -36.1041 60.9814 7.53563
v -29.7243 57.7565 14.6939
v -34.8935 61.8452 7.17318
v -29.2228 59.1435 15.1034
v -34.392 63.2323 7.58263
v -29.7243 60.2414 16.0449
v -34.8935 64.3302 8.52415
v -30.9349 60.4069 16.9669
v -36.1041 64.4956 9.4462
v -32.1455 59.543 17.3294
v -37.3147 63.6318 9.80865
v -30.9349 58.6497 16.0117
v -36.1041 62.7385 8.49092
v -37.275 61.1178 8.53832
v -45.3721 66.9769 8.86617
v -36.9892 61.5925 7.11138
v -45.0863 67.4516 7.43923
v -36.185 62.7385 6.49255
v -44.2821 68.5977 6.8204
v -35.3334 63.8846 7.04434
v -43.4305 69.7437 7.37218
v -34.9332 64.3593 8.44351
v -43.0303 70.2184 8.77135
v -35.219 63.8846 9.87045
v -43.316 69.7437 10.1983
v -36.0232 62.7385 10.4893
v -44.1203 68.5977 10.8171
v -36.8748 61.5925 9.93749
v -44.9719 67.4516 10.2653
v -36.1041 62.7385 8.49092
v -44.2012 68.5977 8.81876
v -38.1016 62.7755 8.39885
v -37.6055 66.5022 -0.867521
v -37.5166 61.4526 7.89813
v -37.0204 65.1793 -1.36824
v -36.1041 60.883 7.74466
v -35.608 64.6096 -1.52171
v -34.6916 61.4003 8.02833
v -34.1955 65.1269 -1.23804
v -34.1066 62.7015 8.58298
v -33.6104 66.4282 -0.683395
v -34.6916 64.0244 9.0837
v -34.1955 67.7511 -0.182677
v -36.1041 64.5941 9.23717
v -35.608 68.3208 -0.0292025
v -37.5166 64.0768 8.9535
v -37.0204 67.8035 -0.312874
v -36.1041 62.7385 8.49092
v -35.608 66.4652 -0.775458
v -31.4993 56.7379 15.8493
v -40.6859 59.6745 13.2068
v -30.9431 57.2979 14.5377
v -40.1297 60.2345 11.8953
v -30.382 58.6497 14.0896
v -39.5686 61.5864 11.4471
v -30.1449 60.0016 14.7674
v -39.3315 62.9382 12.1249
v -30.3705 60.5616 16.174
v -39.5571 63.4982 13.5315
v -30.9267 60.0016 17.4856
v -40.1133 62.9382 14.8431
v -31.4878 58.6497 17.9337
v -40.6744 61.5864 15.2912
v -31.725 57.2979 17.256
v -40.9116 60.2345 14.6135
v -30.9349 58.6497 16.0117
v -40.1215 61.5864 13.3692
v -39.9896 59.5927 13.4587
v -48.2384 58.7957 7.86203
v -39.2342 60.1766 12.2622
v -47.483 59.3796 6.66554
v -38.9986 61.5864 11.7141
v -47.2474 60.7893 6.11751
v -39.4208 62.9961 12.1356
v -47.6696 62.199 6.53897
v -40.2534 63.58 13.2797
v -48.5022 62.783 7.68304
v -41.0088 62.9961 14.4762
v -49.2576 62.199 8.87953
v -41.2444 61.5864 15.0242
v -49.4932 60.7893 9.42756
v -40.8223 60.1766 14.6027
v -49.071 59.3796 9.0061
v -40.1215 61.5864 13.3692
v -48.3703 60.7893 7.77254
v -40.1517 59.5866 13.3708
v -50.1354 59.7379 13.9219
v -40.2208 60.1723 11.9583
v -50.2045 60.3236 12.5093
v -40.2317 61.5864 11.3722
v -50.2154 61.7376 11.9232
v -40.1781 63.0004 11.9559
v -50.1617 63.1517 12.507
v -40.0913 63.5861 13.3675
v -50.075 63.7374 13.9185
v -40.0222 63.0004 14.7801
v -50.0059 63.1517 15.3311
v -40.0113 61.5864 15.3661
v -49.9949 61.7376 15.9172
v -40.0649 60.1723 14.7824
v -50.0486 60.3236 15.3335
v -40.1215 61.5864 13.3692
v -50.1052 61.7376 13.9202
v -24.733 51.7774 15.6871
v -29.1281 60.7192 16.54
v -24.2069 52.1679 14.3037
v -28.602 61.1097 15.1566
v -22.9366 52.8423 13.7796
v -27.3317 61.7841 14.6325
v -21.6663 53.4054 14.4218
v -26.0614 62.3472 15.2746
v -21.1401 53.5275 15.854
v -25.5352 62.4692 16.7069
v -21.6663 53.1369 17.2374
v -26.0614 62.0787 18.0903
v -22.9366 52.4625 17.7615
v -27.3317 61.4043 18.6144
v -24.2069 51.8994 17.1194
v -28.602 60.8412 17.9722
v -22.9366 52.6524 15.7706
v -27.3317 61.5942 16.6234
v -29.1652 61.3672 17.3893
v -33.1594 63.9721 8.59954
v -28.6282 60.0778 16.7632
v -32.6224 62.6827 7.97337
v -27.3317 59.6766 16.0551
v -31.3259 62.2816 7.26534
v -26.0351 60.3988 15.68
v -30.0294 63.0037 6.8902
v -25.4981 61.8212 15.8575
v -29.4923 64.4261 7.06771
v -26.0351 63.1106 16.4837
v -30.0294 65.7155 7.69388
v -27.3317 63.5118 17.1917
v -31.3259 66.1167 8.40191
v -28.6282 62.7896 17.5669
v -32.6224 65.3945 8.77704
v -27.3317 61.5942 16.6234
v -31.3259 64.1991 7.83362
v -28.606 60.213 15.9391
v -36.3133 65.9222 18.7679
v -28.2327 61.2454 14.8723
v -35.94 66.9547 17.7011
v -27.3317 62.4821 14.8313
v -35.0389 68.1914 17.6602
v -26.4306 63.1987 15.8402
v -34.1378 68.908 18.669
v -26.0573 62.9754 17.3078
v -33.7646 68.6847 20.1366
v -26.4306 61.943 18.3745
v -34.1378 67.6523 21.2034
v -27.3317 60.7063 18.4155
v -35.0389 66.4155 21.2443
v -28.2327 59.9897 17.4067
v -35.94 65.6989 20.2355
v -27.3317 61.5942 16.6234
v -35.0389 67.3035 19.4523
v -29.18 61.1056 16.0362
v -32.9996 67.0171 23.1401
v -28.6386 62.3357 15.3036
v -32.4582 68.2472 22.4075
v -27.3317 63.1315 15.3441
v -31.1512 69.043 22.448
v -26.0247 63.0268 16.134
v -29.8443 68.9383 23.2379
v -25.4833 62.0828 17.2106
v -29.3029 67.9943 24.3145
v -26.0247 60.8527 17.9432
v -29.8443 66.7642 25.0471
v -27.3317 60.0569 17.9027
v -31.1512 65.9684 25.0066
v -28.6386 60.1616 17.1128
v -32.4582 66.0731 24.2167
v -27.3317 61.5942 16.6234
v -31.1512 67.5057 23.7273
v -32.9846 67.0374 23.0796
v -36.9807 72.4083 30.5083
v -32.4476 68.3206 22.4407
v -36.4437 73.6915 29.8694
v -31.1512 69.1265 22.5555
v -35.1474 74.4973 29.9841
v -29.8549 68.9829 23.3567
v -33.851 74.3537 30.7853
v -29.3179 67.974 24.375
v -33.314 73.3448 31.8036
v -29.8549 66.6908 25.0139
v -33.851 72.0616 32.4425
v -31.1512 65.8849 24.8991
v -35.1474 71.2558 32.3277
v -32.4476 66.0285 24.0979
v -36.4437 71.3994 31.5266
v -31.1512 67.5057 23.7273
v -35.1474 72.8766 31.1559
v -33.0473 67.904 23.231
v -36.2293 61.9704 30.6247
v -32.492 68.8903 24.2615
v -35.674 62.9567 31.6552
v -31.1512 69.0655 24.9791
v -34.3332 63.132 32.3728
v -29.8105 68.327 24.9634
v -32.9925 62.3934 32.3571
v -29.2552 67.1074 24.2236
v -32.4372 61.1738 31.6174
v -29.8105 66.1211 23.1931
v -32.9925 60.1875 30.5869
v -31.1512 65.9459 22.4755
v -34.3332 60.0123 29.8693
v -32.492 66.6844 22.4912
v -35.674 60.7508 29.8849
v -31.1512 67.5057 23.7273
v -34.3332 61.5721 31.121
v -29.3055 61.4365 16.9043
v -30.916 66.2684 8.2985
v -28.7274 60.2496 16.1297
v -30.3379 65.0814 7.52387
v -27.3317 59.8503 15.6443
v -28.9421 64.6821 7.03849
v -25.9359 60.4726 15.7325
v -27.5464 65.3044 7.12669
v -25.3578 61.7519 16.3426
v -26.9682 66.5837 7.7368
v -25.9359 62.9388 17.1172
v -27.5464 67.7707 8.51142
v -27.3317 63.3381 17.6026
v -28.9421 68.17 8.9968
v -28.7274 62.7158 17.5144
v -30.3379 67.5477 8.9086
v -27.3317 61.5942 16.6234
v -28.9421 66.4261 8.01765
v -30.9059 66.5032 7.64687
v -29.0124 68.5034 -1.96632
v -30.3307 65.0961 7.46738
v -28.4372 67.0963 -2.14581
v -28.9421 64.468 7.61023
v -27.0485 66.4682 -2.00297
v -27.5535 64.987 7.99174
v -25.6599 66.9872 -1.62146
v -26.9783 66.3489 8.38842
v -25.0847 68.3491 -1.22478
v -27.5535 67.7561 8.56791
v -25.6599 69.7563 -1.04529
v -28.9421 68.3841 8.42506
v -27.0485 70.3843 -1.18814
v -30.3307 67.8652 8.04356
v -28.4372 69.8654 -1.56964
v -28.9421 66.4261 8.01765
v -27.0485 68.4263 -1.59555
v -30.6728 65.6984 7.32824
v -25.6607 59.4165 1.377
v -30.1659 64.9389 8.55682
v -25.1538 58.657 2.60558
v -28.9421 65.0506 9.46955
v -23.93 58.7687 3.51831
v -27.7183 65.968 9.53178
v -22.7063 59.6861 3.58054
v -27.2114 67.1538 8.70705
v -22.1994 60.8719 2.75581
v -27.7183 67.9132 7.47847
v -22.7063 61.6314 1.52723
v -28.9421 67.8016 6.56574
v -23.93 61.5197 0.614498
v -30.1659 66.8841 6.50351
v -25.1538 60.6022 0.552269
v -28.9421 66.4261 8.01765
v -23.93 60.1442 2.0664
v -29.0797 60.6777 16.9466
v -33.9389 68.9202 14.04
v -28.5677 60.4758 15.5182
v -33.4269 68.7184 12.6116
v -27.3317 60.9291 14.7373
v -32.1909 69.1716 11.8307
v -26.0956 61.772 15.0612
v -30.9548 70.0145 12.1546
v -25.5836 62.5107 16.3002
v -30.4429 70.7533 13.3936
v -26.0956 62.7126 17.7286
v -30.9548 70.9552 14.822
v -27.3317 62.2593 18.5096
v -32.1909 70.5019 15.603
v -28.5677 61.4164 18.1857
v -33.4269 69.659 15.2791
v -27.3317 61.5942 16.6234
v -32.1909 69.8368 13.7168
v -33.1403 68.0876 13.9141
v -41.7033 72.9364 15.6931
v -33.1499 68.5999 12.4717
v -41.7129 73.4488 14.2507
v -32.5977 69.8368 11.7586
v -41.1606 74.6856 13.5377
v -31.8071 71.0736 12.1927
v -40.3701 75.9224 13.9717
v -31.2414 71.5859 13.5196
v -39.8043 76.4348 15.2986
v -31.2318 71.0736 14.962
v -39.7947 75.9224 16.741
v -31.784 69.8368 15.675
v -40.347 74.6856 17.454
v -32.5746 68.5999 15.241
v -41.1375 73.4488 17.02
v -32.1909 69.8368 13.7168
v -40.7538 74.6856 15.4959
v -33.9805 68.9445 13.6851
v -38.4447 77.8871 14.0032
v -33.4563 69.2561 12.2811
v -37.9205 78.1987 12.5992
v -32.1909 69.9079 11.7181
v -36.6551 78.8504 12.0362
v -30.9254 70.518 12.326
v -35.3896 79.4605 12.644
v -30.4012 70.729 13.7486
v -34.8654 79.6716 14.0667
v -30.9254 70.4174 15.1526
v -35.3896 79.36 15.4707
v -32.1909 69.7657 15.7156
v -36.6551 78.7082 16.0337
v -33.4563 69.1556 15.1077
v -37.9205 78.0981 15.4258
v -32.1909 69.8368 13.7168
v -36.6551 78.7793 14.0349
v -34.1301 69.4821 14.054
v -36.577 76.5094 7.37359
v -33.5621 68.6116 12.9303
v -36.0091 75.6389 6.24984
v -32.1909 68.4588 12.2673
v -34.6378 75.4862 5.58685
v -30.8196 69.1132 12.4534
v -33.2666 76.1406 5.77299
v -30.2517 70.1915 13.3796
v -32.6986 77.2188 6.69921
v -30.8196 71.062 14.5034
v -33.2666 78.0893 7.82295
v -32.1909 71.2147 15.1664
v -34.6378 78.2421 8.48594
v -33.5621 70.5603 14.9802
v -36.0091 77.5877 8.29981
v -32.1909 69.8368 13.7168
v -34.6378 76.8641 7.0364
v -36.5785 76.533 7.38892
v -38.9968 83.1764 0.316604
v -36.0101 75.5992 6.31741
v -38.4284 82.2426 -0.754899
v -34.6378 75.4064 5.66708
v -37.0561 82.0498 -1.40523
v -33.2656 76.0675 5.81887
v -35.6839 82.7109 -1.25344
v -32.6972 77.1953 6.68388
v -35.1155 83.8386 -0.388437
v -33.2656 78.1291 7.75538
v -35.6839 84.7724 0.683066
v -34.6378 78.3219 8.40571
v -37.0561 84.9652 1.3334
v -36.0101 77.6608 8.25392
v -38.4284 84.3041 1.18161
v -34.6378 76.8641 7.0364
v -37.0561 83.5075 -0.0359168
v -36.0385 75.4452 7.19374
v -43.1767 82.4058 6.4219
v -35.6283 75.7049 5.74206
v -42.7665 82.6655 4.97021
v -34.6378 76.6437 5.04858
v -41.7761 83.6043 4.27674
v -33.6474 77.7116 5.51954
v -40.7857 84.6722 4.7477
v -33.2372 78.2831 6.87905
v -40.3754 85.2437 6.10721
v -33.6474 78.0233 8.33074
v -40.7857 84.9839 7.55889
v -34.6378 77.0846 9.02421
v -41.7761 84.0451 8.25237
v -35.6283 76.0166 8.55325
v -42.7665 82.9772 7.78141
v -34.6378 76.8641 7.0364
v -41.7761 83.8247 6.26455
v -33.2179 68.1238 13.6114
v -41.7377 73.286 12.7366
v -32.7726 68.6255 12.2355
v -41.2925 73.7877 11.3607
v -31.9866 69.8368 11.7273
v -40.5064 74.9989 10.8525
v -31.3202 71.048 12.3846
v -39.84 76.2101 11.5098
v -31.1638 71.5497 13.8223
v -39.6837 76.7118 12.9475
v -31.6091 71.048 15.1982
v -40.1289 76.2101 14.3235
v -32.3951 69.8368 15.7064
v -40.9149 74.9989 14.8316
v -33.0615 68.6255 15.0491
v -41.5813 73.7877 14.1743
v -32.1909 69.8368 13.7168
v -40.7107 74.9989 12.8421
v -42.0086 73.9035 11.786
v -49.6167 78.5755 16.2903
v -41.6285 75.2059 11.0772
v -49.2366 79.8779 15.5815
v -40.7107 76.387 11.4023
v -48.3188 81.059 15.9066
v -39.7929 76.755 12.5708
v -47.401 81.427 17.0751
v -39.4127 76.0943 13.8982
v -47.0209 80.7663 18.4025
v -39.7929 74.7919 14.607
v -47.401 79.4639 19.1113
v -40.7107 73.6107 14.2819
v -48.3188 78.2828 18.7862
v -41.6285 73.2427 13.1134
v -49.2366 77.9147 17.6177
v -40.7107 74.9989 12.8421
v -48.3188 79.6709 17.3464
v -42.2503 74.4401 11.6943
v -48.6331 77.8099 18.6156
v -41.7993 75.8753 11.4114
v -48.1822 79.2451 18.3327
v -40.7107 76.7971 11.9666
v -47.0935 80.1669 18.8878
v -39.622 76.6655 13.0346
v -46.0049 80.0354 19.9558
v -39.1711 75.5577 13.9898
v -45.5539 78.9275 20.9111
v -39.622 74.1225 14.2728
v -46.0049 77.4923 21.194
v -40.7107 73.2007 13.7176
v -47.0935 76.5705 20.6388
v -41.7993 73.3322 12.6496
v -48.1822 76.7021 19.5708
v -40.7107 74.9989 12.8421
v -47.0935 78.3687 19.7633
v -33.1799 68.1184 13.9794
v -41.4844 73.2347 16.1836
v -33.253 68.6217 12.5356
v -41.5575 73.738 14.7399
v -32.704 69.8368 11.7838
v -41.0084 74.9531 13.9881
v -31.8543 71.0519 12.1643
v -40.1588 76.1682 14.3686
v -31.2018 71.5552 13.4543
v -39.5063 76.6715 15.6586
v -31.1287 71.0519 14.8981
v -39.4332 76.1682 17.1024
v -31.6778 69.8368 15.6499
v -39.9822 74.9531 17.8542
v -32.5274 68.6217 15.2693
v -40.8319 73.738 17.4736
v -32.1909 69.8368 13.7168
v -40.4953 74.9531 15.9211
v -41.837 73.4704 15.8803
v -49.2532 80.176 16.0648
v -41.444 73.9436 14.4786
v -48.8602 80.6492 14.6631
v -40.4953 75.0081 13.9219
v -47.9116 81.7137 14.1063
v -39.5467 76.0404 14.5363
v -46.9629 82.746 14.7207
v -39.1537 76.4358 15.9619
v -46.5699 83.1414 16.1464
v -39.5467 75.9626 17.3636
v -46.9629 82.6683 17.5481
v -40.4953 74.8981 17.9204
v -47.9116 81.6037 18.1048
v -41.444 73.8658 17.306
v -48.8602 80.5714 17.4904
v -40.4953 74.9531 15.9211
v -47.9116 81.6587 16.1056
v -40.3733 72.9584 16.0004
v -48.7379 72.2309 10.5685
v -39.6388 73.5426 14.7911
v -48.0034 72.8151 9.35925
v -39.4061 74.9531 14.2438
v -47.7706 74.2256 8.81193
v -39.8114 76.3635 14.679
v -48.176 75.636 9.24718
v -40.6174 76.9478 15.8419
v -48.9819 76.2203 10.41
v -41.3518 76.3635 17.0512
v -49.7164 75.636 11.6193
v -41.5846 74.9531 17.5985
v -49.9491 74.2256 12.1666
v -41.1793 73.5426 17.1632
v -49.5438 72.8151 11.7314
v -40.4953 74.9531 15.9211
v -48.8599 74.2256 10.4893
v -42.1551 75.0078 17.0356
v -47.7342 74.6006 8.74658
v -41.669 73.5793 16.7786
v -47.2481 73.1721 8.48955
v -40.4953 72.9555 16.0193
v -46.0744 72.5483 7.73024
v -39.3217 73.5019 15.2025
v -44.9008 73.0947 6.91344
v -38.8355 74.8983 14.8067
v -44.4146 74.4911 6.51763
v -39.3217 76.3269 15.0637
v -44.9008 75.9197 6.77467
v -40.4953 76.9507 15.823
v -46.0744 76.5435 7.53398
v -41.669 76.4043 16.6398
v -47.2481 75.9971 8.35077
v -40.4953 74.9531 15.9211
v -46.0744 74.5459 7.63211
v -48.0623 74.4748 7.4241
v -46.9633 71.2627 -1.98196
v -47.4801 73.1573 7.94207
v -46.3811 69.9451 -1.464
v -46.0744 72.6532 8.27846
v -44.9754 69.441 -1.12761
v -44.6688 73.2578 8.23623
v -43.5698 70.0456 -1.16984
v -44.0865 74.6169 7.84011
v -42.9876 71.4047 -1.56595
v -44.6688 75.9344 7.32215
v -43.5698 72.7223 -2.08392
v -46.0744 76.4386 6.98576
v -44.9754 73.2264 -2.42031
v -47.4801 75.834 7.02799
v -46.3811 72.6218 -2.37808
v -46.0744 74.5459 7.63211
v -44.9754 71.3337 -1.77396
v -47.6295 75.0693 8.77576
v -53.9181 71.8336 1.7059
v -47.174 73.6301 9.02933
v -53.4627 70.3944 1.95947
v -46.0744 72.7273 8.46442
v -52.3631 69.4916 1.39457
v -44.9749 72.8898 7.41196
v -51.2636 69.6542 0.342104
v -44.5194 74.0225 6.48846
v -50.8081 70.7868 -0.581399
v -44.9749 75.4617 6.23489
v -51.2636 72.226 -0.834967
v -46.0744 76.3645 6.79979
v -52.3631 73.1288 -0.270062
v -47.174 76.2019 7.85226
v -53.4627 72.9663 0.782401
v -46.0744 74.5459 7.63211
v -52.3631 71.3102 0.562253
v -42.1992 74.3237 16.7583
v -47.4359 79.4427 9.9486
v -41.7001 73.3776 15.6633
v -46.9369 78.4966 8.85362
v -40.4953 73.3544 14.7194
v -45.7321 78.4734 7.90965
v -39.2905 74.2676 14.4794
v -44.5273 79.3866 7.66965
v -38.7915 75.5824 15.0839
v -44.0283 80.7014 8.27421
v -39.2905 76.5285 16.1789
v -44.5273 81.6475 9.36919
v -40.4953 76.5518 17.1229
v -45.7321 81.6707 10.3132
v -41.7001 75.6385 17.3629
v -46.9369 80.7575 10.5532
v -40.4953 74.9531 15.9211
v -45.7321 80.0721 9.11141
v -47.7278 80.1226 9.23307
v -48.3865 76.2924 0.0191909
v -47.1432 78.8019 9.74029
v -47.802 74.9717 0.526411
v -45.7321 78.2253 9.87912
v -46.3909 74.3951 0.665241
v -44.321 78.7304 9.56823
v -44.9797 74.9002 0.354357
v -43.7364 80.0215 8.98975
v -44.3952 76.1913 -0.22413
v -44.321 81.3422 8.48252
v -44.9797 77.5119 -0.73135
v -45.7321 81.9188 8.34369
v -46.3909 78.0886 -0.87018
v -47.1432 81.4137 8.65458
v -47.802 77.5835 -0.559296
v -45.7321 80.0721 9.11141
v -46.3909 76.2418 -0.102469
v -47.5909 80.0249 9.84795
v -51.2812 80.6185 0.572731
v -47.0465 78.6274 9.54189
v -50.7367 79.221 0.266675
v -45.7321 78.0761 8.98366
v -49.4224 78.6698 -0.291555
v -44.4177 78.6941 8.50026
v -48.108 79.2877 -0.774954
v -43.8733 80.1192 8.37486
v -47.5635 80.7128 -0.900355
v -44.4177 81.5167 8.68092
v -48.108 82.1103 -0.594298
v -45.7321 82.068 9.23915
v -49.4224 82.6616 -0.0360684
v -47.0465 81.45 9.72255
v -50.7367 82.0437 0.447331
v -45.7321 80.0721 9.11141
v -49.4224 80.6657 -0.163812
v -34.1756 69.594 13.7579
v -35.4067 79.3792 12.1044
v -33.5943 69.4295 12.3514
v -34.8254 79.2147 10.6979
v -32.1909 69.5035 11.7448
v -33.4219 79.2888 10.0913
v -30.7874 69.7728 12.2934
v -32.0184 79.558 10.6399
v -30.2061 70.0795 13.6758
v -31.4371 79.8648 12.0223
v -30.7874 70.244 15.0823
v -32.0184 80.0293 13.4288
v -32.1909 70.17 15.6889
v -33.4219 79.9552 14.0354
v -33.5943 69.9007 15.1403
v -34.8254 79.686 13.4868
v -32.1909 69.8368 13.7168
v -33.4219 79.622 12.0634
v -35.4125 79.4296 12.0411
v -36.3811 89.3165 13.1861
v -34.8295 79.6486 10.6428
v -35.7981 89.5355 11.7878
v -33.4219 79.8521 10.0766
v -34.3905 89.739 11.2217
v -32.0143 79.9207 10.6743
v -32.9829 89.8076 11.8193
v -31.4313 79.8144 12.0857
v -32.3999 89.7013 13.2307
v -32.0143 79.5954 13.4839
v -32.9829 89.4823 14.629
v -33.4219 79.3919 14.0501
v -34.3905 89.2788 15.1951
v -34.8295 79.3232 13.4524
v -35.7981 89.2101 14.5974
v -33.4219 79.622 12.0634
v -34.3905 89.5089 13.2084
v -35.3416 80.1782 12.1373
v -32.5363 89.693 13.4014
v -34.7793 80.2015 10.7137
v -31.9741 89.7164 11.9779
v -33.4219 79.8854 10.0808
v -30.6166 89.4002 11.345
v -32.0645 79.415 10.6092
v -29.2592 88.9298 11.8734
v -31.5022 79.0658 11.9895
v -28.6969 88.5807 13.2537
v -32.0645 79.0425 13.413
v -29.2592 88.5573 14.6772
v -33.4219 79.3586 14.0459
v -30.6166 88.8734 15.3101
v -34.7793 79.829 13.5175
v -31.9741 89.3438 14.7817
v -33.4219 79.622 12.0634
v -30.6166 89.1368 13.3275
v -35.126 79.5384 13.107
v -40.3609 80.2188 4.61394
v -34.6269 78.1532 12.6884
v -39.8618 78.8336 4.19533
v -33.4219 77.6284 11.9037
v -38.6569 78.3088 3.41058
v -32.217 78.2714 11.2125
v -37.4519 78.9518 2.71939
v -31.7178 79.7056 11.0197
v -36.9528 80.386 2.52664
v -32.217 81.0908 11.4383
v -37.4519 81.7712 2.94525
v -33.4219 81.6156 12.2231
v -38.6569 82.296 3.73
v -34.6269 80.9726 12.9143
v -39.8618 81.653 4.42119
v -33.4219 79.622 12.0634
v -38.6569 80.3024 3.57029
v -40.3024 79.2097 3.25709
v -45.9859 87.1191 5.52418
v -39.8205 79.9194 1.98936
v -45.5039 87.8288 4.25644
v -38.6569 80.8534 1.64771
v -44.3403 88.7629 3.91479
v -37.4933 81.4647 2.43228
v -43.1767 89.3741 4.69937
v -37.0113 81.3951 3.88349
v -42.6947 89.3045 6.15057
v -37.4933 80.6854 5.15122
v -43.1767 88.5948 7.41831
v -38.6569 79.7513 5.49287
v -44.3403 87.6607 7.75996
v -39.8205 79.1401 4.7083
v -45.5039 87.0495 6.97538
v -38.6569 80.3024 3.57029
v -44.3403 88.2118 5.83737
v -40.0461 80.0673 4.98967
v -47.2397 81.2024 -1.86333
v -39.6392 78.7409 4.34284
v -46.8328 79.8761 -2.51016
v -38.6569 78.3293 3.24346
v -45.8505 79.4644 -3.60954
v -37.6745 79.0734 2.33554
v -44.8681 80.2085 -4.51747
v -37.2676 80.5375 2.15091
v -44.4612 81.6726 -4.70209
v -37.6745 81.8638 2.79774
v -44.8681 82.999 -4.05526
v -38.6569 82.2755 3.89712
v -45.8505 83.4106 -2.95588
v -39.6392 81.5313 4.80505
v -46.8328 82.6665 -2.04796
v -38.6569 80.3024 3.57029
v -45.8505 81.4375 -3.28271
v -35.4201 79.539 12.0847
v -35.8483 89.2156 9.59854
v -34.8348 79.2114 10.7087
v -35.2631 88.888 8.22257
v -33.4219 79.1243 10.1263
v -33.8502 88.8008 7.64014
v -32.009 79.3287 10.6786
v -32.4373 89.0053 8.19242
v -31.4237 79.7049 12.0421
v -31.852 89.3815 9.55591
v -32.009 80.0326 13.418
v -32.4373 89.7091 10.9319
v -33.4219 80.1197 14.0005
v -33.8502 89.7962 11.5143
v -34.8348 79.9152 13.4482
v -35.2631 89.5918 10.962
v -33.4219 79.622 12.0634
v -33.8502 89.2985 9.57722
v -35.734 89.8821 9.91002
v -32.3748 98.0643 14.5757
v -35.1822 90.4118 8.58403
v -31.8231 98.5939 13.2497
v -33.8502 90.2892 7.83984
v -30.491 98.4714 12.5056
v -32.5181 89.5864 8.11339
v -29.159 97.7685 12.7791
v -31.9664 88.7149 9.24443
v -28.6072 96.8971 13.9101
v -32.5181 88.1853 10.5704
v -29.159 96.3675 15.2361
v -33.8502 88.3078 11.3146
v -30.491 96.49 15.9803
v -35.1822 89.0107 11.0411
v -31.8231 97.1928 15.7068
v -33.8502 89.2985 9.57722
v -30.491 97.4807 14.2429
v -35.7799 89.8226 9.61715
v -33.152 99.4433 10.35
v -35.2147 89.7765 8.19533
v -32.5868 99.3972 8.92821
v -33.8502 89.4505 7.583
v -31.2223 99.0711 8.31589
v -32.4857 89.0354 8.13887
v -29.8577 98.656 8.87175
v -31.9205 88.7745 9.5373
v -29.2926 98.3951 10.2702
v -32.4857 88.8205 10.9591
v -29.8577 98.4412 11.692
v -33.8502 89.1466 11.5714
v -31.2223 98.7673 12.3043
v -35.2147 89.5617 11.0156
v -32.5868 99.1823 11.7485
v -33.8502 89.2985 9.57722
v -31.2223 98.9192 10.3101
v -29.3316 61.5904 16.6179
v -29.3651 67.2524 24.8605
v -28.7459 62.7572 15.8188
v -28.7793 68.4192 24.0614
v -27.3317 63.2427 15.491
v -27.3651 68.9047 23.7336
v -25.9174 62.7626 15.8266
v -25.9509 68.4246 24.0692
v -25.3317 61.598 16.6289
v -25.3651 67.26 24.8716
v -25.9174 60.4312 17.4281
v -25.9509 66.0932 25.6707
v -27.3317 59.9457 17.7558
v -27.3651 65.6077 25.9984
v -28.7459 60.4258 17.4203
v -28.7793 66.0878 25.6629
v -27.3317 61.5942 16.6234
v -27.3651 67.2562 24.866
v -29.218 60.9444 16.4845
v -32.5407 70.1679 18.456
v -28.6655 61.4303 15.1422
v -31.9882 70.6538 17.1137
v -27.3317 62.0122 14.6676
v -30.6543 71.2358 16.6391
v -25.9978 62.3493 15.3387
v -29.3204 71.5728 17.3102
v -25.4453 62.244 16.7623
v -28.7679 71.4676 18.7338
v -25.9978 61.7581 18.1046
v -29.3204 70.9816 20.0761
v -27.3317 61.1762 18.5793
v -30.6543 70.3997 20.5507
v -28.6655 60.8391 17.9082
v -31.9882 70.0626 19.8797
v -27.3317 61.5942 16.6234
v -30.6543 70.8177 18.5949
v -29.2817 61.1536 16.6794
v -31.5023 70.8262 15.4501
v -28.7106 61.1044 15.2601
v -30.9311 70.7769 14.0308
v -27.3317 61.342 14.6394
v -29.5522 71.0146 13.4101
v -25.9527 61.7274 15.1809
v -28.1733 71.4 13.9516
v -25.3816 62.0348 16.5674
v -27.6021 71.7073 15.3382
v -25.9527 62.084 17.9868
v -28.1733 71.7566 16.7575
v -27.3317 61.8464 18.6075
v -29.5522 71.5189 17.3782
v -28.7106 61.461 18.066
v -30.9311 71.1335 16.8367
v -27.3317 61.5942 16.6234
v -29.5522 71.2667 15.3941
v -31.3335 70.3889 15.1568
v -35.8803 78.9867 17.4817
v -30.8118 71.0152 13.8611
v -35.3586 79.613 16.1861
v -29.5522 71.7888 13.4635
v -34.099 80.3866 15.7884
v -28.2926 72.2566 14.1968
v -32.8394 80.8544 16.5218
v -27.7709 72.1446 15.6315
v -32.3177 80.7423 17.9565
v -28.2926 71.5183 16.9272
v -32.8394 80.1161 19.2521
v -29.5522 70.7447 17.3248
v -34.099 79.3424 19.6498
v -30.8118 70.2769 16.5915
v -35.3586 78.8746 18.9164
v -29.5522 71.2667 15.3941
v -34.099 79.8645 17.7191
v -35.6505 78.9912 16.8079
v -41.9609 84.3588 22.4085
v -35.196 80.268 16.0963
v -41.5065 85.6356 21.6969
v -34.099 81.3084 16.3352
v -40.4095 86.676 21.9359
v -33.0019 81.503 17.3849
v -39.3124 86.8706 22.9855
v -32.5475 80.7378 18.6303
v -38.858 86.1054 24.2309
v -33.0019 79.461 19.3419
v -39.3124 84.8286 24.9426
v -34.099 78.4206 19.103
v -40.4095 83.7881 24.7036
v -35.196 78.226 18.0533
v -41.5065 83.5936 23.6539
v -34.099 79.8645 17.7191
v -40.4095 85.2321 23.3197
v -36.0989 79.8778 17.7129
v -36.0255 88.9307 13.4656
v -35.5131 79.2732 16.4344
v -35.4397 88.3262 12.1871
v -34.099 79.015 15.9085
v -34.0255 88.068 11.6612
v -32.6848 79.2544 16.4432
v -32.6114 88.3074 12.1959
v -32.099 79.8512 17.7253
v -32.0256 88.9041 13.4781
v -32.6848 80.4558 19.0038
v -32.6114 89.5087 14.7566
v -34.099 80.714 19.5297
v -34.0255 89.7669 15.2825
v -35.5131 80.4746 18.995
v -35.4397 89.5275 14.7477
v -34.099 79.8645 17.7191
v -34.0255 88.9174 13.4718
v -31.4463 70.6753 15.1442
v -34.6569 79.3988 18.831
v -30.8916 71.3991 13.9147
v -34.1021 80.1226 17.6015
v -29.5522 72.0453 13.5519
v -32.7627 80.7688 17.2387
v -28.2129 72.2355 14.2682
v -31.4234 80.959 17.955
v -27.6581 71.8582 15.6441
v -30.8686 80.5817 19.3309
v -28.2129 71.1344 16.8736
v -31.4234 79.8579 20.5604
v -29.5522 70.4882 17.2364
v -32.7627 79.2117 20.9232
v -30.8916 70.298 16.52
v -34.1021 79.0215 20.2068
v -29.5522 71.2667 15.3941
v -32.7627 79.9903 19.0809
v -31.4638 70.7086 15.2094
v -34.4036 79.7825 18.213
v -30.9039 71.3165 13.9209
v -33.8437 80.3904 16.9245
v -29.5522 71.8952 13.4955
v -32.492 80.9692 16.4991
v -28.2005 72.1058 14.1822
v -31.1403 81.1798 17.1858
v -27.6406 71.8249 15.5789
v -30.5804 80.8988 18.5825
v -28.2005 71.217 16.8674
v -31.1403 80.2909 19.871
v -29.5522 70.6382 17.2928
v -32.492 79.7122 20.2964
v -30.9039 70.4276 16.6061
v -33.8437 79.5016 19.6097
v -29.5522 71.2667 15.3941
v -32.492 80.3407 18.3977
v -31.5023 70.8262 15.4501
v -33.7228 80.4987 14.2208
v -30.9311 70.7769 14.0308
v -33.1517 80.4494 12.8015
v -29.5522 71.0146 13.4101
v -31.7728 80.6871 12.1808
v -28.1733 71.4 13.9516
v -30.3939 81.0725 12.7223
v -27.6021 71.7073 15.3382
v -29.8227 81.3798 14.1089
v -28.1733 71.7566 16.7575
v -30.3939 81.4291 15.5282
v -29.5522 71.5189 17.3782
v -31.7728 81.1914 16.1489
v -30.9311 71.1335 16.8367
v -33.1517 80.806 15.6074
v -29.5522 71.2667 15.3941
v -31.7728 80.9393 14.1649
v -33.7627 80.9088 13.9667
v -34.7653 82.4217 23.8006
v -33.1799 82.3155 13.8097
v -34.1824 83.8284 23.6436
v -31.7728 82.916 13.8607
v -32.7753 84.429 23.6947
v -30.3657 82.3586 14.0899
v -31.3683 83.8715 23.9239
v -29.7829 80.9698 14.363
v -30.7854 82.4827 24.197
v -30.3657 79.5631 14.52
v -31.3683 81.076 24.354
v -31.7728 78.9625 14.469
v -32.7753 80.4755 24.3029
v -33.1799 79.52 14.2398
v -34.1824 81.0329 24.0737
v -31.7728 80.9393 14.1649
v -32.7753 82.4522 23.9988
v -34.7717 82.361 24.0777
v -34.1686 74.8103 30.6064
v -34.187 83.3127 25.1243
v -33.5839 75.762 31.653
v -32.7753 83.7603 25.5117
v -32.1723 76.2097 32.0404
v -31.3637 83.4417 25.0128
v -30.7606 75.8911 31.5415
v -30.779 82.5434 23.9199
v -30.1759 74.9928 30.4486
v -31.3637 81.5917 22.8732
v -30.7606 74.0411 29.4019
v -32.7753 81.1441 22.4859
v -32.1723 73.5935 29.0146
v -34.187 81.4627 22.9848
v -33.5839 73.9121 29.5135
v -32.7753 82.4522 23.9988
v -32.1723 74.9016 30.5275
v -34.6808 81.8659 24.1578
v -31.6433 72.6707 26.6523
v -34.1227 82.4079 25.4761
v -31.0852 73.2128 27.9706
v -32.7753 82.9759 25.929
v -29.7378 73.7807 28.4235
v -31.4279 83.2371 25.2512
v -28.3904 74.0419 27.7457
v -30.8698 83.0385 23.8397
v -27.8323 73.8434 26.3342
v -31.4279 82.4965 22.5214
v -28.3904 73.3014 25.0159
v -32.7753 81.9286 22.0685
v -29.7378 72.7334 24.5631
v -34.1227 81.6674 22.7464
v -31.0852 72.4722 25.2409
v -32.7753 82.4522 23.9988
v -29.7378 73.2571 26.4933
v -33.7699 80.8322 14.1728
v -34.3068 90.7902 13.4307
v -33.185 80.7584 12.7602
v -33.7218 90.7164 12.018
v -31.7728 80.7906 12.1704
v -32.3097 90.7486 11.4282
v -30.3606 80.9099 12.7489
v -30.8975 90.8678 12.0067
v -29.7757 81.0464 14.1569
v -30.3125 91.0043 13.4147
v -30.3606 81.1201 15.5695
v -30.8975 91.0781 14.8273
v -31.7728 81.0879 16.1593
v -32.3097 91.0459 15.4171
v -33.185 80.9687 15.5808
v -33.7218 90.9266 14.8386
v -31.7728 80.9393 14.1649
v -32.3097 90.8972 13.4227
v -34.234 90.3533 13.3899
v -36.9584 99.9577 13.9682
v -33.6704 90.5976 11.9879
v -36.3948 100.202 12.5662
v -32.3097 91.0174 11.4263
v -35.034 100.622 12.0046
v -30.9489 91.3668 12.0342
v -33.6733 100.971 12.6125
v -30.3853 91.4411 13.4554
v -33.1097 101.045 14.0337
v -30.9489 91.1968 14.8575
v -33.6733 100.801 15.4358
v -32.3097 90.777 15.4191
v -35.034 100.381 15.9974
v -33.6704 90.4276 14.8112
v -36.3948 100.032 15.3895
v -32.3097 90.8972 13.4227
v -35.034 100.502 14.001
v -34.0992 90.2577 12.7995
v -38.5642 96.6661 19.0441
v -33.5751 91.432 11.9691
v -38.04 97.8404 18.2138
v -32.3097 92.293 11.9903
v -36.7746 98.7015 18.235
v -31.0442 92.3364 12.8505
v -35.5092 98.7449 19.0952
v -30.5201 91.5368 14.0459
v -34.985 97.9453 20.2906
v -31.0442 90.3625 14.8762
v -35.5092 96.771 21.1209
v -32.3097 89.5014 14.8551
v -36.7746 95.9099 21.0998
v -33.5751 89.458 13.9949
v -38.04 95.8665 20.2395
v -32.3097 90.8972 13.4227
v -36.7746 97.3057 19.6674
v -34.08 91.1438 12.5254
v -29.4272 93.489 3.99007
v -33.5615 89.7079 12.4135
v -28.9086 92.0531 3.87819
v -32.3097 88.9687 12.8928
v -27.6568 91.3139 4.35748
v -31.0578 89.3592 13.6825
v -26.405 91.7044 5.14718
v -30.5393 90.6507 14.32
v -25.8865 92.9959 5.78469
v -31.0578 92.0866 14.4319
v -26.405 94.4318 5.89656
v -32.3097 92.8258 13.9526
v -27.6568 95.171 5.41727
v -33.5615 92.4352 13.1629
v -28.9086 94.7805 4.62758
v -32.3097 90.8972 13.4227
v -27.6568 93.2424 4.88738
v -29.5493 92.6063 5.00567
v -32.7846 101.909 3.27591
v -28.995 92.5341 3.58064
v -32.2303 101.837 1.85088
v -27.6568 92.8768 2.92108
v -30.8922 102.18 1.19132
v -26.3187 93.4338 3.41335
v -29.554 102.736 1.68359
v -25.7644 93.8786 4.76909
v -28.9998 103.181 3.03933
v -26.3187 93.9508 6.19412
v -29.554 103.254 4.46436
v -27.6568 93.6081 6.85367
v -30.8922 102.911 5.12392
v -28.995 93.0511 6.3614
v -32.2303 102.354 4.63164
v -27.6568 93.2424 4.88738
v -30.8922 102.545 3.15762
v -29.1347 92.7633 3.62789
v -22.3969 90.1357 -3.27848
v -28.7018 91.5818 4.49967
v -21.964 88.9543 -2.40671
v -27.6568 91.3732 5.59856
v -20.919 88.7456 -1.30782
v -26.6118 92.2595 6.28085
v -19.874 89.6319 -0.625529
v -26.179 93.7216 6.14686
v -19.4412 91.0941 -0.759513
v -26.6118 94.9031 5.27509
v -19.874 92.2755 -1.63129
v -27.6568 95.1117 4.1762
v -20.919 92.4842 -2.73018
v -28.7018 94.2254 3.49391
v -21.964 91.5978 -3.41247
v -27.6568 93.2424 4.88738
v -20.919 90.6149 -2.019
v -29.4941 93.651 4.2109
v -25.5426 98.4004 -3.65226
v -28.956 92.3208 3.67787
v -25.0045 97.0702 -4.18529
v -27.6568 91.5305 3.85335
v -23.7053 96.2798 -4.0098
v -26.3577 91.743 4.63456
v -22.4062 96.4923 -3.2286
v -25.8196 92.8339 5.56386
v -21.8681 97.5832 -2.2993
v -26.3577 94.1641 6.09689
v -22.4062 98.9134 -1.76627
v -27.6568 94.9544 5.9214
v -23.7053 99.7038 -1.94175
v -28.956 94.7419 5.1402
v -25.0045 99.4913 -2.72296
v -27.6568 93.2424 4.88738
v -23.7053 97.9918 -2.97578
v -25.6685 98.1169 -3.337
v -23.7571 101.33 -12.612
v -25.0935 96.744 -3.69408
v -23.1821 99.9566 -12.9691
v -23.7053 96.102 -3.63038
v -21.794 99.3147 -12.9054
v -22.3172 96.567 -3.18323
v -20.4058 99.7797 -12.4582
v -21.7422 97.8667 -2.61456
v -19.8308 101.079 -11.8895
v -22.3172 99.2397 -2.25748
v -20.4058 102.452 -11.5325
v -23.7053 99.8816 -2.32117
v -21.794 103.094 -11.5962
v -25.0935 99.4166 -2.76832
v -23.1821 102.629 -12.0433
v -23.7053 97.9918 -2.97578
v -21.794 101.204 -12.2508
v -25.4472 97.6304 -3.88976
v -20.533 94.4281 -11.9889
v -24.937 96.4211 -3.10207
v -20.0229 93.2188 -11.2012
v -23.7053 96.1319 -2.2404
v -18.7912 92.9296 -10.3396
v -22.4737 96.9322 -1.8095
v -17.5595 93.7299 -9.90866
v -21.9635 98.3532 -2.0618
v -17.0493 95.1509 -10.161
v -22.4737 99.5625 -2.84949
v -17.5595 96.3602 -10.9486
v -23.7053 99.8517 -3.71116
v -18.7912 96.6494 -11.8103
v -24.937 99.0514 -4.14205
v -20.0229 95.8491 -12.2412
v -23.7053 97.9918 -2.97578
v -18.7912 94.7895 -11.0749
v -29.1145 92.6794 3.63914
v -22.2677 89.6824 -3.00464
v -28.6876 91.5552 4.58626
v -21.8408 88.5582 -2.05752
v -27.6568 91.4193 5.70976
v -20.81 88.4224 -0.934017
v -26.6261 92.3515 6.35153
v -19.7793 89.3545 -0.292253
v -26.1991 93.8055 6.13561
v -19.3524 90.8086 -0.508167
v -26.6261 94.9297 5.1885
v -19.7793 91.9328 -1.45528
v -27.6568 95.0655 4.06499
v -20.81 92.0686 -2.57879
v -28.6876 94.1334 3.42323
v -21.8408 91.1365 -3.22055
v -27.6568 93.2424 4.88738
v -20.81 90.2455 -1.7564
v -22.7567 89.8851 -2.04058
v -20.4619 82.2422 -8.06723
v -22.1865 89.115 -0.846846
v -19.8918 81.4721 -6.87349
v -20.81 89.0071 -0.185917
v -18.5153 81.3642 -6.21256
v -19.4336 89.6247 -0.444957
v -17.1388 81.9818 -6.4716
v -18.8634 90.6059 -1.47222
v -16.5687 82.963 -7.49887
v -19.4336 91.376 -2.66596
v -17.1388 83.7331 -8.6926
v -20.81 91.4839 -3.32689
v -18.5153 83.841 -9.35353
v -22.1865 90.8663 -3.06785
v -19.8918 83.2234 -9.09449
v -20.81 90.2455 -1.7564
v -18.5153 82.6026 -7.78305
v -20.8553 88.2461 -1.73712
v -11.6585 88.0002 -5.65608
v -20.2876 88.8317 -0.441751
v -11.0908 88.5858 -4.3607
v -20.026 90.2455 0.0835166
v -10.8292 89.9996 -3.83544
v -20.2237 91.6593 -0.469015
v -11.0269 91.4134 -4.38797
v -20.7648 92.2449 -1.77568
v -11.568 91.999 -5.69463
v -21.3324 91.6593 -3.07105
v -12.1356 91.4134 -6.99001
v -21.5941 90.2455 -3.59632
v -12.3973 89.9996 -7.51527
v -21.3964 88.8317 -3.04379
v -12.1996 88.5858 -6.96274
v -20.81 90.2455 -1.7564
v -11.6132 89.9996 -5.67535
v -34.3095 90.9248 13.4145
v -34.1657 100.516 10.5883
v -33.7237 90.517 12.0604
v -33.5799 100.108 9.2341
v -32.3097 90.3319 11.5042
v -32.1659 99.9231 8.67795
v -30.8956 90.478 12.0719
v -30.7518 100.069 9.2456
v -30.3099 90.8697 13.4308
v -30.1661 100.461 10.6045
v -30.8956 91.2775 14.785
v -30.7518 100.869 11.9587
v -32.3097 91.4625 15.3411
v -32.1659 101.054 12.5148
v -33.7237 91.3165 14.7735
v -33.5799 100.908 11.9472
v -32.3097 90.8972 13.4227
v -32.1659 100.488 10.5964
v -34.2985 90.9947 13.2354
v -33.2429 95.5844 4.41379
v -33.716 89.7116 12.6375
v -32.6604 94.3013 3.81592
v -32.3097 89.123 12.4996
v -31.2541 93.7127 3.67798
v -30.9033 89.5738 12.9024
v -29.8478 94.1635 4.08078
v -30.3208 90.7998 13.61
v -29.2652 95.3895 4.78836
v -30.9033 92.0829 14.2078
v -29.8478 96.6726 5.38623
v -32.3097 92.6715 14.3458
v -31.2541 97.2612 5.52417
v -33.716 92.2207 13.943
v -32.6604 96.8104 5.12137
v -32.3097 90.8972 13.4227
v -31.2541 95.4869 4.60108
v -34.2779 90.5424 13.4212
v -36.0521 100.384 13.4618
v -33.7014 90.6522 12.0074
v -35.4756 100.493 12.048
v -32.3097 90.9055 11.4227
v -34.0838 100.747 11.4633
v -30.9179 91.154 12.0095
v -32.692 100.995 12.0501
v -30.3414 91.2521 13.4241
v -32.1155 101.093 13.4647
v -30.9179 91.1423 14.8379
v -32.692 100.984 14.8785
v -32.3097 90.889 15.4227
v -34.0838 100.73 15.4633
v -33.7014 90.6405 14.8358
v -35.4756 100.482 14.8764
v -32.3097 90.8972 13.4227
v -34.0838 100.739 13.4633
v -36.0837 100.717 13.4574
v -36.1968 110.374 16.0508
v -35.4979 101.09 12.0933
v -35.611 110.747 14.6867
v -34.0838 101.257 11.5317
v -34.1969 110.914 14.1252
v -32.6697 101.121 12.1016
v -32.7828 110.778 14.695
v -32.0839 100.76 13.4691
v -32.197 110.418 16.0626
v -32.6697 100.387 14.8332
v -32.7828 110.044 17.4267
v -34.0838 100.22 15.3948
v -34.1969 109.877 17.9883
v -35.4979 100.356 14.8249
v -35.611 110.013 17.4184
v -34.0838 100.739 13.4633
v -34.1969 110.396 16.0567
v -36.1832 110.629 16.0568
v -35.016 120.561 16.0624
v -35.6014 110.562 14.6426
v -34.4342 120.493 14.6481
v -34.1969 110.397 14.0567
v -33.0296 120.328 14.0622
v -32.7923 110.231 14.6424
v -31.6251 120.163 14.6479
v -32.2106 110.162 16.0566
v -31.0433 120.094 16.0621
v -32.7923 110.23 17.4708
v -31.6251 120.161 17.4763
v -34.1969 110.395 18.0567
v -33.0296 120.326 18.0622
v -35.6014 110.56 17.471
v -34.4342 120.492 17.4765
v -34.1969 110.396 16.0567
v -33.0296 120.327 16.0622
v -36.1907 110.24 16.0354
v -36.9749 120.117 17.3929
v -35.6067 110.478 14.6406
v -36.3909 120.355 15.9981
v -34.1969 110.668 14.0753
v -34.9811 120.544 15.4329
v -32.787 110.698 14.6708
v -33.5712 120.574 16.0283
v -32.203 110.551 16.0781
v -32.9872 120.427 17.4356
v -32.787 110.313 17.4729
v -33.5712 120.189 18.8304
v -34.1969 110.123 18.0381
v -34.9811 120 19.3956
v -35.6067 110.093 17.4427
v -36.3909 119.97 18.8002
v -34.1969 110.396 16.0567
v -34.9811 120.272 17.4143
v -36.0298 101.032 13.1074
v -33.7224 107.226 5.60349
v -35.4599 99.8556 12.3113
v -33.1524 106.05 4.80745
v -34.0838 99.1961 12.1901
v -31.7764 105.39 4.6862
v -32.7078 99.4401 12.8146
v -30.4003 105.634 5.31077
v -32.1378 100.445 13.8192
v -29.8303 106.639 6.31529
v -32.7078 101.621 14.6152
v -30.4003 107.816 7.11133
v -34.0838 102.281 14.7365
v -31.7764 108.475 7.23258
v -35.4599 102.037 14.1119
v -33.1524 108.231 6.60801
v -34.0838 100.739 13.4633
v -31.7764 106.933 5.95939
v -36.0122 100.249 13.6661
v -38.6637 109.157 9.97819
v -35.4474 99.8511 12.3
v -38.0989 108.76 8.6121
v -34.0838 99.9735 11.6153
v -36.7353 108.882 7.92743
v -32.7202 100.544 12.0132
v -35.3717 109.453 8.32525
v -32.1554 101.228 13.2604
v -34.8069 110.137 9.57252
v -32.7202 101.626 14.6265
v -35.3717 110.535 10.9386
v -34.0838 101.503 15.3112
v -36.7353 110.412 11.6233
v -35.4474 100.933 14.9134
v -38.0989 109.842 11.2255
v -34.0838 100.739 13.4633
v -36.7353 109.647 9.77535
v -36.0806 100.852 13.4742
v -35.5128 110.789 14.4387
v -35.4957 100.955 12.0634
v -34.928 110.892 13.0279
v -34.0838 100.932 11.4726
v -33.516 110.869 12.4371
v -32.6719 100.795 12.0479
v -32.1041 110.732 13.0124
v -32.087 100.625 13.4523
v -31.5193 110.563 14.4168
v -32.6719 100.522 14.8631
v -32.1041 110.459 15.8276
v -34.0838 100.545 15.4539
v -33.516 110.482 16.4184
v -35.4957 100.682 14.8786
v -34.928 110.619 15.8431
v -34.0838 100.739 13.4633
v -33.516 110.676 14.4277
v -35.4374 110.122 14.3899
v -38.2133 119.706 15.0443
v -34.8747 110.38 12.9901
v -37.6505 119.965 13.6445
v -33.516 110.812 12.4324
v -36.2919 120.397 13.0868
v -32.1574 111.164 13.0436
v -34.9333 120.748 13.698
v -31.5946 111.23 14.4656
v -34.3705 120.814 15.12
v -32.1574 110.971 15.8654
v -34.9333 120.556 16.5198
v -33.516 110.539 16.4231
v -36.2919 120.124 17.0775
v -34.8747 110.188 15.8119
v -37.6505 119.772 16.4663
v -33.516 110.676 14.4277
v -36.2919 120.26 15.0822
v -38.2808 120.467 15.0463
v -37.2305 130.266 13.3508
v -37.6983 120.166 13.6633
v -36.6479 129.965 11.9678
v -36.2919 119.919 13.1114
v -35.2415 129.718 11.4159
v -34.8855 119.873 13.714
v -33.8351 129.672 12.0185
v -34.303 120.053 15.118
v -33.2526 129.852 13.4225
v -34.8855 120.355 16.501
v -33.8351 130.154 14.8055
v -36.2919 120.601 17.0529
v -35.2415 130.4 15.3574
v -37.6983 120.648 16.4503
v -36.6479 130.447 14.7548
v -36.2919 120.26 15.0822
v -35.2415 130.059 13.3867
v -38.1566 120.979 15.0028
v -34.5402 130.246 13.9792
v -37.6104 120.613 13.6203
v -33.9941 129.88 12.5968
v -36.2919 120.041 13.0942
v -32.6756 129.308 12.0707
v -34.9734 119.597 13.7326
v -31.3571 128.864 12.7091
v -34.4273 119.541 15.1616
v -30.8109 128.808 14.1381
v -34.9734 119.907 16.544
v -31.3571 129.174 15.5205
v -36.2919 120.48 17.0701
v -32.6756 129.747 16.0466
v -37.6104 120.924 16.4317
v -33.9941 130.191 15.4082
v -36.2919 120.26 15.0822
v -32.6756 129.527 14.0587
v -35.5109 110.818 14.4423
v -34.7981 120.74 15.4629
v -34.9267 110.921 13.0313
v -34.2138 120.843 14.0518
v -33.516 110.88 12.4382
v -32.8032 120.803 13.4588
v -32.1054 110.72 13.0106
v -31.3926 120.642 14.0312
v -31.5211 110.534 14.4132
v -30.8083 120.456 15.4337
v -32.1054 110.431 15.8242
v -31.3926 120.353 16.8447
v -33.516 110.471 16.4172
v -32.8032 120.393 17.4378
v -34.9267 110.631 15.8448
v -34.2138 120.553 16.8654
v -33.516 110.676 14.4277
v -32.8032 120.598 15.4483
v -34.7991 120.476 15.4861
v -35.4356 130.005 12.5204
v -34.2145 120.092 14.1247
v -34.851 129.621 11.159
v -32.8032 120.004 13.5386
v -33.4397 129.532 10.5729
v -31.3918 120.264 14.0712
v -32.0283 129.792 11.1055
v -30.8072 120.719 15.4104
v -31.4437 130.248 12.4447
v -31.3918 121.104 16.7718
v -32.0283 130.633 13.8061
v -32.8032 121.192 17.3579
v -33.4397 130.721 14.3922
v -34.2145 120.932 16.8253
v -34.851 130.461 13.8596
v -32.8032 120.598 15.4483
v -33.4397 130.127 12.4825
v -34.6034 121.469 15.4445
v -30.2467 130.47 15.4061
v -34.0761 121.208 14.0314
v -29.7195 130.209 13.993
v -32.8032 120.589 13.4483
v -28.4465 129.59 13.4099
v -31.5302 119.976 14.0367
v -27.1736 128.977 13.9983
v -31.003 119.727 15.452
v -26.6463 128.728 15.4136
v -31.5302 119.988 16.8651
v -27.1736 128.989 16.8267
v -32.8032 120.606 17.4482
v -28.4465 129.607 17.4098
v -34.0761 121.22 16.8598
v -29.7195 130.221 16.8214
v -32.8032 120.598 15.4483
v -28.4465 129.599 15.4099
v -34.793 120.759 15.3274
v -33.787 128.712 9.35026
v -34.2102 119.862 14.2322
v -33.2041 127.816 8.2551
v -32.8032 119.396 13.8494
v -31.7971 127.35 7.87228
v -31.3961 119.635 14.4032
v -30.3901 127.588 8.42605
v -30.8133 120.437 15.5691
v -29.8073 128.391 9.59202
v -31.3961 121.334 16.6643
v -30.3901 129.287 10.6872
v -32.8032 121.799 17.0471
v -31.7971 129.753 11.07
v -34.2102 121.561 16.4934
v -33.2041 129.515 10.5162
v -32.8032 120.598 15.4483
v -31.7971 128.552 9.47114
v -33.6028 128.65 8.61702
v -29.3037 129.688 -0.351878
v -33.074 127.217 8.70465
v -28.7749 128.254 -0.264239
v -31.7971 126.565 9.24129
v -27.498 127.603 0.272395
v -30.5203 127.077 9.91257
v -26.2211 128.115 0.943673
v -29.9914 128.453 10.3253
v -25.6923 129.49 1.35637
v -30.5203 129.887 10.2376
v -26.2211 130.924 1.26873
v -31.7971 130.538 9.70099
v -27.498 131.576 0.732097
v -33.074 130.026 9.02971
v -28.7749 131.064 0.0608184
v -31.7971 128.552 9.47114
v -27.498 129.589 0.502246
v -33.6734 128.598 8.78027
v -30.2115 129.22 -0.580691
v -33.1239 127.173 8.88882
v -29.6619 127.795 -0.472143
v -31.7971 126.556 9.33848
v -28.3351 127.178 -0.0224808
v -30.4703 127.108 9.86585
v -27.0084 127.73 0.50489
v -29.9208 128.506 10.162
v -26.4588 129.128 0.801043
v -30.4703 129.93 10.0535
v -27.0084 130.553 0.692496
v -31.7971 130.547 9.6038
v -28.3351 131.169 0.242833
v -33.1239 129.995 9.07642
v -29.6619 130.617 -0.284538
v -31.7971 128.552 9.47114
v -28.3351 129.174 0.110176
v -33.7854 128.46 9.27559
v -32.705 124.231 0.278506
v -33.203 127.207 9.93447
v -32.1227 122.978 0.937386
v -31.7971 126.742 10.3219
v -30.7167 122.513 1.32485
v -30.3912 127.337 10.211
v -29.3108 123.108 1.21393
v -29.8088 128.644 9.66669
v -28.7284 124.414 0.669601
v -30.3912 129.896 9.00781
v -29.3108 125.667 0.0107207
v -31.7971 130.362 8.62034
v -30.7167 126.133 -0.376746
v -33.203 129.766 8.73126
v -32.1227 125.537 -0.265825
v -31.7971 128.552 9.47114
v -30.7167 124.323 0.474053
v -32.668 124.707 0.685236
v -34.8627 116.154 -4.00856
v -32.0965 123.914 1.86317
v -34.2912 115.361 -2.83063
v -30.7167 123.36 2.22737
v -32.9115 114.807 -2.46642
v -29.337 123.37 1.56451
v -31.5317 114.817 -3.12928
v -28.7655 123.938 0.262871
v -30.9602 115.385 -4.43092
v -29.337 124.731 -0.91506
v -31.5317 116.178 -5.60885
v -30.7167 125.285 -1.27927
v -32.9115 116.732 -5.97306
v -32.0965 125.275 -0.616403
v -34.2912 116.722 -5.3102
v -30.7167 124.323 0.474053
v -32.9115 115.77 -4.21974
v -32.6313 123.8 0.226941
v -29.7393 115.145 -3.86284
v -32.0705 123.349 1.57797
v -29.1785 114.693 -2.51182
v -30.7167 123.468 2.28234
v -27.8247 114.813 -1.80745
v -29.363 124.088 1.92744
v -26.471 115.433 -2.16235
v -28.8022 124.845 0.721165
v -25.9102 116.19 -3.36862
v -29.363 125.297 -0.62986
v -26.471 116.641 -4.71964
v -30.7167 125.177 -1.33423
v -27.8247 116.522 -5.42401
v -32.0705 124.557 -0.97933
v -29.1785 115.902 -5.06911
v -30.7167 124.323 0.474053
v -27.8247 115.667 -3.61573
v -33.7878 128.725 9.38755
v -32.8254 137.691 5.06503
v -33.2048 128.06 8.13813
v -32.2423 137.026 3.81561
v -31.7971 127.683 7.66957
v -30.8347 136.649 3.34705
v -30.3895 127.815 8.25634
v -29.427 136.781 3.93383
v -29.8064 128.378 9.55473
v -28.844 137.344 5.23221
v -30.3895 129.043 10.8041
v -29.427 138.009 6.48163
v -31.7971 129.42 11.2727
v -30.8347 138.386 6.95019
v -33.2048 129.288 10.6859
v -32.2423 138.254 6.36342
v -31.7971 128.552 9.47114
v -30.8347 137.518 5.14862
v -32.832 137.616 5.11503
v -32.31 147.072 1.90128
v -32.247 137.132 3.78588
v -31.725 146.588 0.572135
v -30.8347 136.874 3.25502
v -30.3127 146.329 0.0412674
v -29.4224 136.993 3.8334
v -28.9004 146.448 0.619648
v -28.8374 137.419 5.18222
v -28.3154 146.874 1.96847
v -29.4224 137.903 6.51136
v -28.9004 147.358 3.29761
v -30.8347 138.161 7.04223
v -30.3127 147.616 3.82848
v -32.247 138.043 6.46385
v -31.725 147.498 3.2501
v -30.8347 137.518 5.14862
v -30.3127 146.973 1.93487
v -32.8135 137.465 5.43445
v -34.2669 139.266 -4.29407
v -32.2339 136.09 5.09331
v -33.6873 137.891 -4.63521
v -30.8347 135.551 4.78456
v -32.2881 137.352 -4.94395
v -29.4355 136.164 4.68908
v -30.8889 137.965 -5.03944
v -28.8559 137.571 4.86279
v -30.3094 139.372 -4.86573
v -29.4355 138.946 5.20394
v -30.8889 140.747 -4.52458
v -30.8347 139.484 5.51268
v -32.2881 141.285 -4.21584
v -32.2339 138.871 5.60816
v -33.6873 140.672 -4.12036
v -30.8347 137.518 5.14862
v -32.2881 139.319 -4.5799
v -34.7981 120.74 15.4629
v -34.0852 130.662 16.4834
v -34.2138 120.843 14.0518
v -33.5009 130.765 15.0723
v -32.8032 120.803 13.4588
v -32.0903 130.725 14.4793
v -31.3926 120.642 14.0312
v -30.6797 130.565 15.0517
v -30.8083 120.456 15.4337
v -30.0954 130.378 16.4542
v -31.3926 120.353 16.8447
v -30.6797 130.275 17.8653
v -32.8032 120.393 17.4378
v -32.0903 130.315 18.4583
v -34.2138 120.553 16.8654
v -33.5009 130.476 17.8859
v -32.8032 120.598 15.4483
v -32.0903 130.52 16.4688
v -33.9742 129.855 16.5595
v -37.3314 139.188 15.2874
v -33.4225 129.859 15.1317
v -36.7796 139.192 13.8596
v -32.0903 130.25 14.4871
v -35.4475 139.583 13.215
v -30.7582 130.8 15.0034
v -34.1154 140.133 13.7313
v -30.2064 131.185 16.3781
v -33.5636 140.519 15.106
v -30.7582 131.182 17.8059
v -34.1154 140.515 16.5339
v -32.0903 130.79 18.4505
v -35.4475 140.124 17.1784
v -33.4225 130.241 17.9342
v -36.7796 139.574 16.6621
v -32.0903 130.52 16.4688
v -35.4475 139.853 15.1967
v -33.9504 130.999 15.911
v -30.2755 137.055 8.85322
v -33.4056 129.785 15.1534
v -29.7307 135.842 8.09561
v -32.0903 129.002 15.1663
v -28.4155 135.059 8.10852
v -30.7751 129.108 15.9422
v -27.1002 135.165 8.88439
v -30.2303 130.041 17.0265
v -26.5554 136.098 9.96873
v -30.7751 131.255 17.7842
v -27.1002 137.312 10.7263
v -32.0903 132.038 17.7713
v -28.4155 138.094 10.7134
v -33.4056 131.932 16.9954
v -29.7307 137.988 9.93756
v -32.0903 130.52 16.4688
v -28.4155 136.577 9.41097
v -34.0851 130.377 16.4504
v -34.8044 140.27 17.7255
v -33.5009 130.6 15.0532
v -34.2201 140.492 16.3283
v -32.0903 130.776 14.4852
v -32.8096 140.668 15.7603
v -30.6798 130.802 15.0792
v -31.399 140.694 16.3543
v -30.0955 130.663 16.4872
v -30.8148 140.555 17.7623
v -30.6798 130.44 17.8844
v -31.399 140.332 19.1595
v -32.0903 130.264 18.4524
v -32.8096 140.157 19.7275
v -33.5009 130.238 17.8584
v -34.2201 140.131 19.1335
v -32.0903 130.52 16.4688
v -32.8096 140.412 17.7439
v -34.7296 139.88 17.9158
v -37.5284 149.016 14.9677
v -34.1673 139.601 16.5196
v -36.966 148.738 13.5715
v -32.8096 139.798 15.8406
v -35.6083 148.935 12.8925
v -31.4519 140.355 16.2765
v -34.2507 149.491 13.3284
v -30.8895 140.945 17.572
v -33.6883 150.082 14.624
v -31.4519 141.223 18.9683
v -34.2507 150.36 16.0202
v -32.8096 141.027 19.6473
v -35.6083 150.163 16.6992
v -34.1673 140.47 19.2114
v -36.966 149.606 16.2633
v -32.8096 140.412 17.7439
v -35.6083 149.549 14.7959
v -34.7172 139.818 17.6571
v -37.7206 149.256 19.0364
v -34.1585 140.197 16.2832
v -37.1619 149.635 17.6625
v -32.8096 140.702 15.7649
v -35.813 150.14 17.1443
v -31.4607 141.037 16.406
v -34.4641 150.475 17.7853
v -30.9019 141.007 17.8308
v -33.9053 150.445 19.2101
v -31.4607 140.628 19.2047
v -34.4641 150.066 20.584
v -32.8096 140.123 19.7229
v -35.813 149.561 21.1022
v -34.1585 139.788 19.0819
v -37.1619 149.226 20.4612
v -32.8096 140.412 17.7439
v -35.813 149.85 19.1233
v -33.8465 131.148 17.1905
v -29.0619 136.915 23.8131
v -33.3322 132.031 16.0505
v -28.5476 137.797 22.6731
v -32.0903 132.029 15.1555
v -27.3057 137.795 21.7781
v -30.8485 131.142 15.0298
v -26.0639 136.909 21.6525
v -30.3341 129.892 15.7471
v -25.5495 135.658 22.3697
v -30.8485 129.009 16.8871
v -26.0639 134.775 23.5098
v -32.0903 129.012 17.7821
v -27.3057 134.778 24.4047
v -33.3322 129.898 17.9078
v -28.5476 135.664 24.5304
v -32.0903 130.52 16.4688
v -27.3057 136.286 23.0914
v -29.1246 136.614 23.8556
v -24.9665 140.201 32.2128
v -28.5919 137.818 23.074
v -24.4338 141.405 31.4312
v -27.3057 138.124 22.3026
v -23.1476 141.711 30.6598
v -26.0196 137.354 21.9933
v -21.8615 140.941 30.3505
v -25.4868 135.958 22.3272
v -21.3287 139.545 30.6844
v -26.0196 134.755 23.1089
v -21.8615 138.342 31.4661
v -27.3057 134.448 23.8803
v -23.1476 138.035 32.2375
v -28.5919 135.219 24.1896
v -24.4338 138.806 32.5468
v -27.3057 136.286 23.0914
v -23.1476 139.873 31.4486
v -29.1912 136.925 23.2832
v -25.8566 145.954 25.9942
v -28.639 137.145 21.8726
v -25.3043 146.174 24.5835
v -27.3057 136.861 21.1759
v -23.971 145.891 23.8869
v -25.9725 136.241 21.6013
v -22.6378 145.271 24.3123
v -25.4202 135.647 22.8997
v -22.0855 144.677 25.6106
v -25.9725 135.428 24.3103
v -22.6378 144.457 27.0213
v -27.3057 135.711 25.007
v -23.971 144.741 27.7179
v -28.639 136.331 24.5815
v -25.3043 145.361 27.2925
v -27.3057 136.286 23.0914
v -23.971 145.316 25.8024
v -34.0574 130.882 16.4699
v -32.2495 140.717 16.499
v -33.4812 130.78 15.0553
v -31.6733 140.615 15.0844
v -32.0903 130.526 14.4688
v -30.2824 140.361 14.4979
v -30.6994 130.269 15.0538
v -28.8915 140.104 15.0829
v -30.1233 130.159 16.4677
v -28.3154 139.994 16.4968
v -30.6994 130.26 17.8822
v -28.8915 140.095 17.9113
v -32.0903 130.514 18.4688
v -30.2824 140.349 18.4979
v -33.4812 130.772 17.8838
v -31.6733 140.607 17.9129
v -32.0903 130.52 16.4688
v -30.2824 140.355 16.4979
v -32.2802 140.446 16.5177
v -31.8138 150.207 18.6416
v -31.6951 140.72 15.13
v -31.2286 150.481 17.2539
v -30.2824 140.781 14.5436
v -29.816 150.541 16.6675
v -28.8697 140.592 15.102
v -28.4033 150.352 17.2259
v -28.2846 140.264 16.4781
v -27.8181 150.025 18.6019
v -28.8697 139.99 17.8657
v -28.4033 149.751 19.9896
v -30.2824 139.93 18.4522
v -29.816 149.691 20.576
v -31.6951 140.119 17.8938
v -31.2286 149.88 20.0177
v -30.2824 140.355 16.4979
v -29.816 150.116 18.6218
v -32.2821 140.385 16.5171
v -32.1054 148.779 21.9488
v -31.6964 141.145 15.3241
v -31.5197 149.539 20.7559
v -30.2824 141.442 14.8188
v -30.1057 149.836 20.2505
v -28.8684 141.103 15.297
v -28.6917 149.497 20.7287
v -28.2827 140.326 16.4787
v -28.106 148.72 21.9104
v -28.8684 139.566 17.6716
v -28.6917 147.96 23.1034
v -30.2824 139.269 18.177
v -30.1057 147.663 23.6088
v -31.6964 139.608 17.6988
v -31.5197 148.002 23.1305
v -30.2824 140.355 16.4979
v -30.1057 148.75 21.9296
v -31.9647 140.935 17.4113
v -26.557 145.439 24.5149
v -31.472 141.959 16.3863
v -26.0643 146.464 23.49
v -30.2824 142.044 15.4268
v -24.8747 146.549 22.5304
v -29.0928 141.14 15.0947
v -23.6851 145.645 22.1983
v -28.6001 139.776 15.5845
v -23.1923 144.281 22.6882
v -29.0928 138.751 16.6094
v -23.6851 143.256 23.7131
v -30.2824 138.666 17.569
v -24.8747 143.171 24.6727
v -31.472 139.571 17.9011
v -26.0643 144.075 25.0048
v -30.2824 140.355 16.4979
v -24.8747 144.86 23.6016
v -24.0775 143.056 23.2723
v -15.7384 147.368 19.8282
v -23.7711 143.584 24.6759
v -15.432 147.897 21.2317
v -24.1112 144.86 25.4501
v -15.772 149.173 22.0059
v -24.8985 146.136 25.1415
v -16.5593 150.449 21.6973
v -25.6718 146.665 23.9308
v -17.3327 150.977 20.4866
v -25.9782 146.136 22.5272
v -17.639 150.449 19.0831
v -25.6381 144.86 21.753
v -17.299 149.173 18.3088
v -24.8508 143.584 22.0616
v -16.5117 147.897 18.6175
v -24.8747 144.86 23.6016
v -16.5355 149.173 20.1574
v -24.248 142.972 23.8056
v -15.2704 146.267 26.7287
v -24.8694 143.525 25.0906
v -15.8918 146.82 28.0137
v -25.4939 144.86 25.5033
v -16.5163 148.155 28.4264
v -25.7556 146.195 24.802
v -16.7781 149.491 27.7251
v -25.5013 146.749 23.3975
v -16.5238 150.044 26.3206
v -24.8799 146.195 22.1125
v -15.9024 149.491 25.0357
v -24.2555 144.86 21.6998
v -15.2779 148.155 24.623
v -23.9937 143.525 22.4011
v -15.0161 146.82 25.3242
v -24.8747 144.86 23.6016
v -15.8971 148.155 26.5247
v -32.1875 140.931 16.6947
v -29.1441 149.945 19.7753
v -31.6295 141.22 15.2989
v -28.5861 150.234 18.3794
v -30.2824 141.002 14.6054
v -27.239 150.016 17.6859
v -28.9353 140.405 15.0205
v -25.8919 149.419 18.101
v -28.3773 139.779 16.301
v -25.3339 148.793 19.3816
v -28.9353 139.491 17.6969
v -25.8919 148.504 20.7775
v -30.2824 139.708 18.3904
v -27.239 148.722 21.471
v -31.6295 140.305 17.9753
v -28.5861 149.319 21.0559
v -30.2824 140.355 16.4979
v -27.239 149.369 19.5785
v -29.1989 148.972 19.542
v -31.1902 158.731 20.4385
v -28.6249 149.218 18.1444
v -30.6161 158.977 19.0409
v -27.239 149.552 17.5868
v -29.2302 159.311 18.4833
v -25.8531 149.779 18.1959
v -27.8443 159.537 19.0924
v -25.279 149.766 19.6149
v -27.2703 159.524 20.5114
v -25.8531 149.52 21.0125
v -27.8443 159.279 21.909
v -27.239 149.186 21.5701
v -29.2302 158.945 22.4665
v -28.6249 148.959 20.961
v -30.6161 158.718 21.8575
v -27.239 149.369 19.5785
v -29.2302 159.128 20.4749
v -28.4763 148.427 20.8358
v -36.3328 152.137 15.8852
v -28.1139 147.571 19.6194
v -35.9704 151.281 14.6688
v -27.239 147.769 18.379
v -35.0955 151.479 13.4284
v -26.3641 148.904 17.8412
v -34.2206 152.614 12.8906
v -26.0017 150.311 18.3211
v -33.8582 154.022 13.3705
v -26.3641 151.167 19.5375
v -34.2206 154.877 14.5869
v -27.239 150.969 20.7779
v -35.0955 154.68 15.8273
v -28.1139 149.834 21.3157
v -35.9704 153.545 16.365
v -27.239 149.369 19.5785
v -35.0955 153.079 14.6278
v -32.281 140.424 16.5288
v -31.9027 149.547 20.6076
v -31.6956 140.981 15.2287
v -31.3173 150.104 19.3075
v -30.2824 141.172 14.6721
v -29.9041 150.294 18.7509
v -28.8692 140.884 15.185
v -28.4909 150.006 19.2639
v -28.2838 140.286 16.467
v -27.9056 149.409 20.5459
v -28.8692 139.729 17.7671
v -28.4909 148.852 21.8459
v -30.2824 139.539 18.3237
v -29.9041 148.661 22.4025
v -31.6956 139.827 17.8108
v -31.3173 148.949 21.8896
v -30.2824 140.355 16.4979
v -29.9041 149.478 20.5767
v -31.653 150.109 21.3135
v -26.8016 155.8 27.953
v -31.1408 150.998 20.1774
v -26.2894 156.688 26.817
v -29.9041 150.996 19.2752
v -25.0528 156.687 25.9148
v -28.6675 150.105 19.1355
v -23.8161 155.795 25.7751
v -28.1553 148.846 19.84
v -23.3039 154.537 26.4796
v -28.6675 147.958 20.9761
v -23.8161 153.648 27.6157
v -29.9041 147.959 21.8782
v -25.0528 153.65 28.5178
v -31.1408 148.85 22.018
v -26.2894 154.541 28.6576
v -29.9041 149.478 20.5767
v -25.0528 155.168 27.2163
v -31.8905 149.376 20.3666
v -33.0578 153.705 29.3052
v -31.3087 150.679 19.8118
v -32.476 155.007 28.7504
v -29.9041 151.278 19.705
v -31.0715 155.607 28.6437
v -28.4996 150.823 20.1089
v -29.667 155.151 29.0476
v -27.9178 149.58 20.7869
v -29.0852 153.908 29.7255
v -28.4996 148.277 21.3417
v -29.667 152.606 30.2803
v -29.9041 147.678 21.4484
v -31.0715 152.007 30.3871
v -31.3087 148.133 21.0445
v -32.476 152.462 29.9832
v -29.9041 149.478 20.5767
v -31.0715 153.807 29.5154
v -31.8686 149.103 20.5501
v -33.7454 158.901 21.247
v -31.2932 149.313 19.1473
v -33.17 159.111 19.8442
v -29.9041 149.62 18.5818
v -31.7809 159.417 19.2787
v -28.5151 149.843 19.1849
v -30.3918 159.64 19.8818
v -27.9397 149.852 20.6034
v -29.8165 159.65 21.3003
v -28.5151 149.642 22.0062
v -30.3918 159.44 22.7031
v -29.9041 149.336 22.5717
v -31.7809 159.133 23.2686
v -31.2932 149.113 21.9686
v -33.17 158.91 22.6655
v -29.9041 149.478 20.5767
v -31.7809 159.275 21.2737
v -33.7743 159.12 21.2229
v -34.59 168.593 24.322
v -33.1904 159.605 19.8937
v -34.0062 169.078 22.9927
v -31.7809 159.897 19.3728
v -32.5967 169.37 22.4719
v -30.3714 159.825 19.9654
v -31.1872 169.297 23.0645
v -29.7876 159.43 21.3244
v -30.6033 168.903 24.4234
v -30.3714 158.945 22.6536
v -31.1872 168.418 25.7527
v -31.7809 158.653 23.1745
v -32.5967 168.126 26.2736
v -33.1904 158.726 22.5819
v -34.0062 168.199 25.681
v -31.7809 159.275 21.2737
v -32.5967 168.748 24.3727
v -33.708 158.755 21.1511
v -36.3829 168.134 23.359
v -33.1436 159.231 19.8104
v -35.8184 168.61 22.0183
v -31.7809 159.734 19.3269
v -34.4557 169.113 21.5348
v -30.4182 159.968 19.9837
v -33.0931 169.347 22.1917
v -29.8538 159.796 21.3962
v -32.5286 169.175 23.6042
v -30.4182 159.319 22.7369
v -33.0931 168.699 24.9449
v -31.7809 158.817 23.2204
v -34.4557 168.196 25.4284
v -33.1436 158.583 22.5636
v -35.8184 167.962 24.7715
v -31.7809 159.275 21.2737
v -34.4557 168.655 23.4816
v -31.9035 149.435 20.5513
v -32.1505 158.002 25.7051
v -31.3179 150.177 19.3469
v -31.5649 158.743 24.5007
v -29.9041 150.509 18.863
v -30.1512 159.075 24.0168
v -28.4904 150.237 19.383
v -28.7374 158.803 24.5368
v -27.9048 149.52 20.6022
v -28.1518 158.086 25.756
v -28.4904 148.779 21.8065
v -28.7374 157.345 26.9603
v -29.9041 148.447 22.2905
v -30.1512 157.013 27.4443
v -31.3179 148.719 21.7705
v -31.5649 157.285 26.9243
v -29.9041 149.478 20.5767
v -30.1512 158.044 25.7305
v -32.0346 157.49 25.3492
v -35.3987 165.248 30.6865
v -31.4829 158.453 24.2958
v -34.8471 166.212 29.633
v -30.1512 159.177 24.0828
v -33.5153 166.936 29.42
v -28.8194 159.237 24.835
v -32.1835 166.996 30.1723
v -28.2677 158.598 26.1119
v -31.6319 166.357 31.4491
v -28.8194 157.634 27.1653
v -32.1835 165.393 32.5026
v -30.1512 156.91 27.3783
v -33.5153 164.669 32.7156
v -31.4829 156.85 26.6261
v -34.8471 164.609 31.9633
v -30.1512 158.044 25.7305
v -33.5153 165.802 31.0678
v -31.6756 159.124 26.4441
v -25.2024 165.484 30.6452
v -31.2291 159.587 25.0551
v -24.7559 165.947 29.2561
v -30.1512 159.146 24.0617
v -23.6779 165.506 28.2628
v -29.0732 158.059 24.046
v -22.6 164.419 28.247
v -28.6267 156.964 25.017
v -22.1535 163.324 29.218
v -29.0732 156.501 26.406
v -22.6 162.86 30.607
v -30.1512 156.942 27.3993
v -23.6779 163.301 31.6004
v -31.2291 158.028 27.4151
v -24.7559 164.388 31.6162
v -30.1512 158.044 25.7305
v -23.6779 164.404 29.9316
v -32.1002 141.037 16.9782
v -27.9298 148.468 22.2119
v -31.5678 141.652 15.6813
v -27.3974 149.083 20.915
v -30.2824 141.507 14.8628
v -26.112 148.938 20.0964
v -28.997 140.687 15.0021
v -24.8266 148.118 20.2357
v -28.4646 139.673 16.0176
v -24.2942 147.104 21.2513
v -28.997 139.059 17.3145
v -24.8266 146.49 22.5482
v -30.2824 139.204 18.133
v -26.112 146.634 23.3667
v -31.5678 140.023 17.9937
v -27.3974 147.454 23.2274
v -30.2824 140.355 16.4979
v -26.112 147.786 21.7316
v -27.8786 148.161 22.5908
v -23.1907 151.696 30.6858
v -27.3612 149.347 21.7732
v -22.6732 152.882 29.8682
v -26.112 149.619 20.9312
v -21.4241 153.154 29.0262
v -24.8628 148.817 20.5581
v -20.1749 152.352 28.6531
v -24.3454 147.411 20.8723
v -19.6574 150.946 28.9673
v -24.8628 146.225 21.6899
v -20.1749 149.759 29.7849
v -26.112 145.953 22.5319
v -21.4241 149.488 30.6269
v -27.3612 146.755 22.9051
v -22.6732 150.29 31.0001
v -26.112 147.786 21.7316
v -21.4241 151.321 29.8266
v -28.0388 148.3 21.5786
v -25.3574 157.534 18.8308
v -27.4744 147.746 20.268
v -24.7931 156.98 17.5201
v -26.112 147.216 19.8147
v -23.4306 156.449 17.0668
v -24.7496 147.019 20.4843
v -22.0682 156.253 17.7365
v -24.1852 147.272 21.8845
v -21.5039 156.506 19.1367
v -24.7496 147.826 23.1952
v -22.0682 157.06 20.4474
v -26.112 148.357 23.6485
v -23.4306 157.59 20.9007
v -27.4744 148.553 22.9789
v -24.7931 157.786 20.2311
v -26.112 147.786 21.7316
v -23.4306 157.02 18.9838
v -27.9691 148.499 21.9397
v -24.2572 157.412 24.5431
v -27.4252 148.686 20.5213
v -23.7133 157.6 23.1246
v -26.112 148.347 19.8118
v -22.4001 157.26 22.4152
v -24.7988 147.679 20.2269
v -21.0869 156.592 22.8303
v -24.2549 147.073 21.5234
v -20.543 155.987 24.1268
v -24.7988 146.886 22.9419
v -21.0869 155.799 25.5453
v -26.112 147.225 23.6514
v -22.4001 156.138 26.2547
v -27.4252 147.893 23.2362
v -23.7133 156.807 25.8396
v -26.112 147.786 21.7316
v -22.4001 156.699 24.335
v -24.2019 157.41 24.833
v -19.8614 164.789 30.0016
v -23.6742 158.013 23.5288
v -19.3337 165.392 28.6975
v -22.4001 157.847 22.6969
v -18.0597 165.225 27.8655
v -21.1261 157.008 22.8245
v -16.7856 164.387 27.9931
v -20.5983 155.988 23.8369
v -16.2579 163.367 29.0056
v -21.1261 155.385 25.1411
v -16.7856 162.764 30.3097
v -22.4001 155.552 25.973
v -18.0597 162.93 31.1417
v -23.6742 156.391 25.8454
v -19.3337 163.769 31.0141
v -22.4001 156.699 24.335
v -18.0597 164.078 29.5036
v -24.2852 157.365 24.3945
v -20.9438 166.753 25.2338
v -23.733 157.296 22.9684
v -20.3917 166.684 23.8078
v -22.4001 156.877 22.3429
v -19.0587 166.265 23.1823
v -21.0672 156.354 22.8843
v -17.7258 165.742 23.7236
v -20.5151 156.034 24.2754
v -17.1737 165.421 25.1148
v -21.0672 156.103 25.7015
v -17.7258 165.49 26.5408
v -22.4001 156.521 26.327
v -19.0587 165.909 27.1664
v -23.733 157.044 25.7856
v -20.3917 166.432 26.625
v -22.4001 156.699 24.335
v -19.0587 166.087 25.1743
v -28.1115 147.747 21.7109
v -28.3313 156.572 26.4094
v -27.5259 148.423 20.4687
v -27.7457 157.248 25.1672
v -26.112 148.726 19.9662
v -26.3318 157.551 24.6647
v -24.6981 148.478 20.4979
v -24.9179 157.303 25.1964
v -24.1125 147.825 21.7522
v -24.3323 156.65 26.4508
v -24.6981 147.149 22.9945
v -24.9179 155.974 27.693
v -26.112 146.846 23.4969
v -26.3318 155.671 28.1955
v -27.5259 147.094 22.9653
v -27.7457 155.919 27.6638
v -26.112 147.786 21.7316
v -26.3318 156.611 26.4301
v -28.2995 156.969 26.437
v -26.509 166.805 26.6271
v -27.7232 156.891 25.021
v -25.9327 166.728 25.2111
v -26.3318 156.649 24.4305
v -24.5413 166.486 24.6206
v -24.9405 156.385 25.0112
v -23.15 166.221 25.2013
v -24.3641 156.253 26.4232
v -22.5736 166.089 26.6133
v -24.9405 156.33 27.8391
v -23.15 166.167 28.0292
v -26.3318 156.572 28.4297
v -24.5413 166.409 28.6198
v -27.7232 156.837 27.8489
v -25.9327 166.673 28.039
v -26.3318 156.611 26.4301
v -24.5413 166.447 26.6202
v -28.3145 156.776 26.226
v -27.0012 163.018 18.5241
v -27.7338 155.629 25.3954
v -26.4205 161.87 17.6935
v -26.3318 155.057 25.1709
v -25.0185 161.298 17.4689
v -24.9299 155.395 25.684
v -23.6166 161.637 17.9821
v -24.3491 156.445 26.6342
v -23.0359 162.687 18.9322
v -24.9299 157.593 27.4648
v -23.6166 163.834 19.7628
v -26.3318 158.165 27.6893
v -25.0185 164.406 19.9873
v -27.7338 157.826 27.1762
v -26.4205 164.068 19.4742
v -26.3318 156.611 26.4301
v -25.0185 162.852 18.7281
v -34.0495 130.917 16.5302
v -32.0393 140.598 18.0256
v -33.4757 131.017 15.1146
v -31.4655 140.698 16.61
v -32.0903 130.825 14.4922
v -30.0802 140.507 15.9877
v -30.705 130.455 15.0278
v -28.6948 140.136 16.5232
v -30.1311 130.123 16.4074
v -28.121 139.804 17.9029
v -30.705 130.023 17.823
v -28.6948 139.704 19.3185
v -32.0903 130.215 18.4454
v -30.0802 139.896 19.9408
v -33.4757 130.585 17.9098
v -31.4655 140.266 19.4053
v -32.0903 130.52 16.4688
v -30.0802 140.201 17.9642
v -32.0791 140.265 17.9677
v -31.7592 150.245 18.5129
v -31.4936 140.323 16.5546
v -31.1737 150.303 17.0997
v -30.0802 140.31 15.9672
v -29.7602 150.29 16.5124
v -28.6667 140.233 16.5497
v -28.3467 150.213 17.0948
v -28.0812 140.137 17.9608
v -27.7612 150.117 18.5059
v -28.6667 140.079 19.3739
v -28.3467 150.059 19.919
v -30.0802 140.092 19.9613
v -29.7602 150.072 20.5064
v -31.4936 140.169 19.3788
v -31.1737 150.149 19.924
v -30.0802 140.201 17.9642
v -29.7602 150.181 18.5094
v -31.8756 141.082 17.9491
v -27.4698 150.058 17.7949
v -31.3497 140.8 16.5395
v -26.9439 149.776 16.3853
v -30.0802 140.167 15.9645
v -25.6743 149.143 15.8103
v -28.8106 139.554 16.5609
v -24.4048 148.53 16.4067
v -28.2847 139.32 17.9794
v -23.8789 148.296 17.8252
v -28.8106 139.602 19.3889
v -24.4048 148.578 19.2347
v -30.0802 140.236 19.9639
v -25.6743 149.211 19.8097
v -31.3497 140.848 19.3675
v -26.9439 149.824 19.2133
v -30.0802 140.201 17.9642
v -25.6743 149.177 17.81
v -31.5636 141.536 18.0968
v -24.8562 148.917 18.8299
v -31.1291 141.285 16.6507
v -24.4217 148.666 17.3837
v -30.0802 140.399 15.974
v -23.3728 147.78 16.7071
v -29.0312 139.397 16.4632
v -22.3239 146.778 17.1962
v -28.5968 138.866 17.8317
v -21.8894 146.247 18.5647
v -29.0312 139.117 19.2778
v -22.3239 146.498 20.0108
v -30.0802 140.004 19.9544
v -23.3728 147.384 20.6875
v -31.1291 141.005 19.4653
v -24.4217 148.386 20.1983
v -30.0802 140.201 17.9642
v -23.3728 147.582 18.6973
v -24.9268 147.484 17.442
v -18.6313 146.879 9.69592
v -24.4716 146.103 17.9197
v -18.1762 145.498 10.1736
v -23.3728 145.588 18.8529
v -17.0774 144.983 11.1068
v -22.274 146.241 19.6949
v -15.9786 145.637 11.9488
v -21.8189 147.68 19.9526
v -15.5234 147.075 12.2065
v -22.274 149.061 19.4749
v -15.9786 148.457 11.7288
v -23.3728 149.576 18.5417
v -17.0774 148.971 10.7956
v -24.4716 148.923 17.6996
v -18.1762 148.318 9.95356
v -23.3728 147.582 18.6973
v -17.0774 146.977 10.9512
v -24.9886 148.561 19.3542
v -19.0951 155.269 23.8564
v -24.5153 149.062 17.9875
v -18.6219 155.77 22.4898
v -23.3728 148.696 17.0366
v -17.4794 155.404 21.5389
v -22.2303 147.678 17.0586
v -16.3368 154.386 21.5608
v -21.7571 146.603 18.0404
v -15.8636 153.311 22.5427
v -22.2303 146.102 19.407
v -16.3368 152.81 23.9093
v -23.3728 146.467 20.3579
v -17.4794 153.175 24.8602
v -24.5153 147.486 20.336
v -18.6219 154.194 24.8383
v -23.3728 147.582 18.6973
v -17.4794 154.29 23.1995
v -31.8437 141.003 17.4676
v -27.1272 148.5 12.8246
v -31.3272 140.024 16.4107
v -26.6107 147.52 11.7678
v -30.0802 139.148 16.2639
v -25.3636 146.645 11.621
v -28.8331 138.889 17.1132
v -24.1166 146.386 12.4702
v -28.3166 139.399 18.4609
v -23.6001 146.896 13.818
v -28.8331 140.379 19.5177
v -24.1166 147.875 14.8748
v -30.0802 141.254 19.6645
v -25.3636 148.751 15.0216
v -31.3272 141.513 18.8153
v -26.6107 149.009 14.1724
v -30.0802 140.201 17.9642
v -25.3636 147.698 13.3213
v -27.2018 147.35 12.6141
v -23.261 143.291 4.36823
v -26.6634 146.183 13.4458
v -22.7226 142.124 5.19991
v -25.3636 145.903 14.2045
v -21.4228 141.844 5.95863
v -24.0639 146.675 14.4459
v -20.1231 142.616 6.19995
v -23.5255 148.046 14.0284
v -19.5847 143.987 5.7825
v -24.0639 149.213 13.1967
v -20.1231 145.154 4.95082
v -25.3636 149.492 12.438
v -21.4228 145.433 4.1921
v -26.6634 148.72 12.1967
v -22.7226 144.661 3.95078
v -25.3636 147.698 13.3213
v -21.4228 143.639 5.07537
v -27.1442 147.981 12.4556
v -22.5897 150.75 3.99452
v -26.6227 146.554 12.2693
v -22.0681 149.323 3.80822
v -25.3636 145.797 12.6992
v -20.8091 148.566 4.23817
v -24.1046 146.153 13.4936
v -19.5501 148.922 5.03253
v -23.5831 147.414 14.187
v -19.0286 150.183 5.72596
v -24.1046 148.841 14.3733
v -19.5501 151.61 5.91226
v -25.3636 149.598 13.9433
v -20.8091 152.367 5.4823
v -26.6227 149.242 13.149
v -22.0681 152.011 4.68795
v -25.3636 147.698 13.3213
v -20.8091 150.467 4.86024
v -31.8586 141.094 18.1622
v -27.2836 149.776 20.0857
v -31.3377 141.139 16.7235
v -26.7627 149.82 18.647
v -30.0802 140.634 16.0116
v -25.5052 149.315 17.9351
v -28.8226 139.875 16.4436
v -24.2477 148.557 18.3671
v -28.3017 139.308 17.7663
v -23.7268 147.989 19.6899
v -28.8226 139.264 19.205
v -24.2477 147.945 21.1286
v -30.0802 139.769 19.9169
v -25.5052 148.45 21.8404
v -31.3377 140.527 19.4849
v -26.7627 149.208 21.4085
v -30.0802 140.201 17.9642
v -25.5052 148.883 19.8878
v -27.1134 149.268 18.7631
v -21.1686 151.876 11.1566
v -26.6424 147.818 18.6339
v -20.6976 150.426 11.0274
v -25.5052 146.991 19.2392
v -19.5604 149.599 11.6327
v -24.368 147.272 20.2244
v -18.4232 149.88 12.618
v -23.897 148.497 21.0125
v -17.9522 151.105 13.406
v -24.368 149.948 21.1417
v -18.4232 152.556 13.5353
v -25.5052 150.775 20.5364
v -19.5604 153.383 12.93
v -26.6424 150.493 19.5512
v -20.6976 153.101 11.9447
v -25.5052 148.883 19.8878
v -19.5604 151.491 12.2813
v -27.1147 149.757 20.6908
v -21.1791 155.684 26.1347
v -26.6433 150.458 19.4141
v -20.7076 156.385 24.858
v -25.5052 150.236 18.4148
v -19.5695 156.163 23.8587
v -24.3671 149.221 18.2784
v -18.4314 155.148 23.7223
v -23.8956 148.008 19.0848
v -17.9599 153.936 24.5287
v -24.3671 147.308 20.3615
v -18.4314 153.235 25.8054
v -25.5052 147.53 21.3608
v -19.5695 153.457 26.8047
v -26.6433 148.544 21.4972
v -20.7076 154.472 26.9411
v -25.5052 148.883 19.8878
v -19.5695 154.81 25.3317
v -27.4049 149.484 20.0613
v -24.2782 158.609 22.6972
v -26.8485 149.7 18.6518
v -23.7218 158.826 21.2877
v -25.5052 149.438 17.9663
v -22.3785 158.563 20.6022
v -24.1619 148.85 18.4064
v -21.0352 157.976 21.0423
v -23.6055 148.282 19.7143
v -20.4788 157.408 22.3502
v -24.1619 148.065 21.1238
v -21.0352 157.191 23.7597
v -25.5052 148.328 21.8092
v -22.3785 157.453 24.4451
v -26.8485 148.915 21.3692
v -23.7218 158.041 24.0051
v -25.5052 148.883 19.8878
v -22.3785 158.008 22.5237
v -23.8568 159.335 22.2932
v -17.1216 166.618 21.0285
v -23.4238 158.705 20.9674
v -16.6886 165.987 19.7027
v -22.3785 157.666 20.5532
v -15.6433 164.949 19.2885
v -21.3332 156.828 21.2933
v -14.5979 164.111 20.0286
v -20.9002 156.681 22.7542
v -14.165 163.964 21.4895
v -21.3332 157.312 24.08
v -14.5979 164.594 22.8153
v -22.3785 158.35 24.4942
v -15.6433 165.633 23.2295
v -23.4238 159.189 23.7541
v -16.6886 166.471 22.4894
v -22.3785 158.008 22.5237
v -15.6433 165.291 21.259
v -22.8849 156.079 22.6745
v -13.6412 153.438 19.9223
v -22.333 156.644 23.9857
v -13.0893 154.002 21.2335
v -21.8078 158.008 24.4405
v -12.5641 155.366 21.6883
v -21.6169 159.372 23.7725
v -12.3732 156.73 21.0203
v -21.8721 159.937 22.3729
v -12.6284 157.295 19.6207
v -22.424 159.372 21.0617
v -13.1803 156.73 18.3095
v -22.9492 158.008 20.6068
v -13.7055 155.366 17.8547
v -23.1401 156.644 21.2749
v -13.8964 154.002 18.5227
v -22.3785 158.008 22.5237
v -13.1348 155.366 19.7715
v -27.4457 149.357 19.9841
v -25.0257 158.866 21.9157
v -26.8774 149.5 18.57
v -24.4573 159.008 20.5016
v -25.5052 149.281 17.9278
v -23.0851 158.789 19.8594
v -24.133 148.829 18.4338
v -21.7129 158.337 20.3653
v -23.5646 148.408 19.7914
v -21.1446 157.917 21.723
v -24.133 148.266 21.2056
v -21.7129 157.774 23.1371
v -25.5052 148.485 21.8478
v -23.0851 157.993 23.7793
v -26.8774 148.937 21.3418
v -24.4573 158.445 23.2734
v -25.5052 148.883 19.8878
v -23.0851 158.391 21.8194
v -24.9927 157.95 21.4118
v -27.9975 164.959 27.8803
v -24.434 159.038 20.4919
v -27.4387 166.047 26.9604
v -23.0851 159.748 20.3496
v -26.0899 166.757 26.8181
v -21.7362 159.663 21.0683
v -24.741 166.672 27.5368
v -21.1775 158.833 22.2269
v -24.1823 165.842 28.6954
v -21.7362 157.744 23.1468
v -24.741 164.754 29.6153
v -23.0851 157.035 23.2891
v -26.0899 164.044 29.7576
v -24.434 157.12 22.5705
v -27.4387 164.129 29.039
v -23.0851 158.391 21.8194
v -26.0899 165.401 28.2879
v -25.0625 158.603 22.0312
v -23.5635 165.6 29.0172
v -24.4833 159.541 20.9684
v -22.9844 166.537 27.9544
v -23.0851 159.804 20.4041
v -21.5861 166.801 27.3901
v -21.6869 159.241 20.6688
v -20.1879 166.237 27.6549
v -21.1077 158.179 21.6075
v -19.6087 165.175 28.5936
v -21.6869 157.242 22.6703
v -20.1879 164.238 29.6563
v -23.0851 156.978 23.2346
v -21.5861 163.974 30.2206
v -24.4833 157.542 22.9699
v -22.9844 164.538 29.9559
v -23.0851 158.391 21.8194
v -21.5861 165.388 28.8054
v -32.0427 140.387 17.6267
v -30.1163 145.116 9.0289
v -31.4679 139.093 17.0439
v -29.5415 143.823 8.44617
v -30.0802 138.449 17.0003
v -28.1538 143.178 8.40254
v -28.6924 138.831 17.5213
v -26.7661 143.56 8.92357
v -28.1176 140.015 18.3018
v -26.1912 144.745 9.70405
v -28.6924 141.309 18.8846
v -26.7661 146.038 10.2868
v -30.0802 141.954 18.9282
v -28.1538 146.683 10.3304
v -31.4679 141.572 18.4072
v -29.5415 146.301 9.80939
v -30.0802 140.201 17.9642
v -28.1538 144.931 9.36648
v -30.0995 144.645 9.7306
v -32.4134 150.649 2.07608
v -29.5296 143.616 8.7511
v -31.8435 149.62 1.09657
v -28.1538 143.357 8.13208
v -30.4677 149.361 0.477553
v -26.778 144.02 8.23615
v -29.0919 150.024 0.581627
v -26.2081 145.216 9.00235
v -28.522 151.221 1.34783
v -26.778 146.245 9.98186
v -29.0919 152.25 2.32733
v -28.1538 146.504 10.6009
v -30.4677 152.509 2.94636
v -29.5296 145.841 10.4968
v -31.8435 151.846 2.84228
v -28.1538 144.931 9.36648
v -30.4677 150.935 1.71195
v -29.9663 145.344 8.62894
v -25.7386 149.776 0.724016
v -29.4354 143.989 8.15339
v -25.2077 148.421 0.248473
v -28.1538 143.186 8.38846
v -23.9261 147.618 0.483539
v -26.8722 143.405 9.19643
v -22.6445 147.836 1.29151
v -26.3413 144.517 10.104
v -22.1136 148.949 2.1991
v -26.8722 145.872 10.5796
v -22.6445 150.303 2.67464
v -28.1538 146.675 10.3445
v -23.9261 151.107 2.43958
v -29.4354 146.457 9.53652
v -25.2077 150.888 1.6316
v -28.1538 144.931 9.36648
v -23.9261 149.362 1.46156
v -29.9009 145.119 8.41157
v -25.0341 146.813 -0.158531
v -29.3892 143.677 8.41714
v -24.5224 145.37 -0.152963
v -28.1538 142.969 8.97882
v -23.2869 144.662 0.408717
v -26.9184 143.41 9.76758
v -22.0515 145.103 1.19748
v -26.4066 144.742 10.3214
v -21.5398 146.435 1.75129
v -26.9184 146.185 10.3158
v -22.0515 147.878 1.74572
v -28.1538 146.893 9.75414
v -23.2869 148.586 1.18404
v -29.3892 146.451 8.96537
v -24.5224 148.145 0.395276
v -28.1538 144.931 9.36648
v -23.2869 146.624 0.79638
v -24.922 147.265 -0.160372
v -19.163 151.817 -6.9512
v -24.4431 145.903 -0.667551
v -18.6841 150.454 -7.45838
v -23.2869 144.963 -0.317178
v -17.5279 149.514 -7.108
v -22.1308 144.996 0.685501
v -16.3718 149.547 -6.10532
v -21.6519 145.983 1.75313
v -15.8929 150.534 -5.03769
v -22.1308 147.345 2.26031
v -16.3718 151.897 -4.53051
v -23.2869 148.285 1.90994
v -17.5279 152.837 -4.88089
v -24.4431 148.252 0.907259
v -18.6841 152.804 -5.88357
v -23.2869 146.624 0.79638
v -17.5279 151.176 -5.99445
v -25.2134 147.111 0.570365
v -22.5267 155.85 -3.48113
v -24.6491 146.374 -0.646467
v -21.9624 155.113 -4.69796
v -23.2869 145.783 -1.0181
v -20.6002 154.521 -5.06959
v -21.9247 145.684 -0.326834
v -19.238 154.423 -4.37832
v -21.3605 146.136 1.02239
v -18.6737 154.875 -3.0291
v -21.9247 146.874 2.23923
v -19.238 155.613 -1.81226
v -23.2869 147.465 2.61086
v -20.6002 156.204 -1.44063
v -24.6491 147.563 1.91959
v -21.9624 156.302 -2.1319
v -23.2869 146.624 0.79638
v -20.6002 155.363 -3.25511
v -29.9337 145.493 8.64855
v -25.3733 150.982 1.64347
v -29.4124 144.215 7.98655
v -24.852 149.704 0.981466
v -28.1538 143.356 8.13289
v -23.5934 148.846 1.12781
v -26.8952 143.42 9.00185
v -22.3348 148.909 1.99676
v -26.3739 144.368 10.0844
v -21.8134 149.857 3.07932
v -26.8952 145.646 10.7464
v -22.3348 151.135 3.74132
v -28.1538 146.505 10.6001
v -23.5934 151.994 3.59498
v -29.4124 146.442 9.73111
v -24.852 151.931 2.72602
v -28.1538 144.931 9.36648
v -23.5934 150.42 2.36139
v -25.5932 150.423 2.38835
v -25.7292 149.099 -7.52265
v -25.0074 149.021 2.56774
v -25.1435 147.696 -7.34326
v -23.5934 148.437 2.62625
v -23.7294 147.113 -7.28475
v -22.1793 149.015 2.52961
v -22.3153 147.691 -7.38139
v -21.5935 150.416 2.33443
v -21.7296 149.092 -7.57657
v -22.1793 151.819 2.15504
v -22.3153 150.495 -7.75596
v -23.5934 152.402 2.09653
v -23.7294 151.078 -7.81448
v -25.0074 151.824 2.19317
v -25.1435 150.5 -7.71783
v -23.5934 150.42 2.36139
v -23.7294 149.096 -7.54961
v -25.0395 151.24 1.24929
v -18.1316 155.53 -4.571
v -24.6159 149.861 0.735911
v -17.708 154.151 -5.08438
v -23.5934 148.81 1.17472
v -16.6855 153.1 -4.64557
v -22.5708 148.702 2.30867
v -15.6629 152.992 -3.51163
v -22.1472 149.6 3.4735
v -15.2394 153.89 -2.34679
v -22.5708 150.979 3.98687
v -15.6629 155.269 -1.83342
v -23.5934 152.03 3.54806
v -16.6855 156.32 -2.27223
v -24.6159 152.138 2.41412
v -17.708 156.428 -3.40617
v -23.5934 150.42 2.36139
v -16.6855 154.71 -3.4589
v -32.0771 140.231 18.0714
v -31.5205 142.938 27.6819
v -31.4922 141.584 17.6566
v -30.9356 144.291 27.2671
v -30.0802 142.126 17.422
v -29.5236 144.833 27.0325
v -28.6681 141.541 17.505
v -28.1115 144.248 27.1156
v -28.0833 140.171 17.8571
v -27.5267 142.878 27.4676
v -28.6681 138.819 18.2719
v -28.1115 141.526 27.8824
v -30.0802 138.276 18.5065
v -29.5236 140.983 28.117
v -31.4922 138.861 18.4234
v -30.9356 141.568 28.034
v -30.0802 140.201 17.9642
v -29.5236 142.908 27.5748
v -31.1506 144.048 27.8086
v -25.3356 152.017 29.4446
v -30.6741 143.998 26.3548
v -24.859 151.967 27.9908
v -29.5236 143.31 25.6156
v -23.7085 151.28 27.2516
v -28.373 142.387 26.0241
v -22.558 150.356 27.6601
v -27.8965 141.769 27.3409
v -22.0814 149.738 28.9769
v -28.373 141.818 28.7947
v -22.558 149.788 30.4307
v -29.5236 142.506 29.5339
v -23.7085 150.475 31.1699
v -30.6741 143.429 29.1255
v -24.859 151.399 30.7615
v -29.5236 142.908 27.5748
v -23.7085 150.877 29.2108
v -31.4541 143.3 27.9203
v -28.8412 150.541 34.3034
v -30.8886 144.121 26.7583
v -28.2757 151.361 33.1413
v -29.5236 144.231 26.0745
v -26.9106 151.472 32.4576
v -28.1585 143.566 26.2695
v -25.5456 150.807 32.6526
v -27.593 142.516 27.2292
v -24.9801 149.757 33.6123
v -28.1585 141.696 28.3912
v -25.5456 148.937 34.7743
v -29.5236 141.586 29.075
v -26.9106 148.826 35.4581
v -30.8886 142.25 28.88
v -28.2757 149.491 35.2631
v -29.5236 142.908 27.5748
v -26.9106 150.149 33.9578
v -31.1643 144.049 27.4924
v -25.4464 152.232 26.902
v -30.6838 143.613 26.106
v -24.9658 151.796 25.5156
v -29.5236 142.764 25.5799
v -23.8056 150.947 24.9895
v -28.3633 142 26.2224
v -22.6454 150.183 25.632
v -27.8828 141.768 27.6571
v -22.1648 149.95 27.0666
v -28.3633 142.203 29.0435
v -22.6454 150.386 28.4531
v -29.5236 143.052 29.5696
v -23.8056 151.235 28.9791
v -30.6838 143.817 28.9271
v -24.9658 151.999 28.3367
v -29.5236 142.908 27.5748
v -23.8056 151.091 26.9843
v -25.7971 151.236 27.0984
v -24.8738 159.065 33.2515
v -25.2138 152.068 25.9531
v -24.2906 159.896 32.1062
v -23.8056 152.327 25.4119
v -22.8824 160.155 31.5649
v -22.3974 151.862 25.7917
v -21.4742 159.691 31.9448
v -21.8142 150.946 26.8702
v -20.8909 158.774 33.0233
v -22.3974 150.114 28.0155
v -21.4742 157.943 34.1686
v -23.8056 149.855 28.5567
v -22.8824 157.684 34.7098
v -25.2138 150.32 28.1769
v -24.2906 158.148 34.3299
v -23.8056 151.091 26.9843
v -22.8824 158.92 33.1374
v -25.3735 152.306 27.2417
v -19.1649 159.975 28.8666
v -24.9143 152.243 25.7828
v -18.7057 159.912 27.4077
v -23.8056 151.505 25.0277
v -17.5971 159.175 26.6526
v -22.697 150.525 25.4188
v -16.4884 158.194 27.0437
v -22.2378 149.876 26.7269
v -16.0292 157.545 28.3518
v -22.697 149.939 28.1858
v -16.4884 157.608 29.8107
v -23.8056 150.676 28.9409
v -17.5971 158.345 30.5658
v -24.9143 151.657 28.5498
v -18.7057 159.326 30.1747
v -23.8056 151.091 26.9843
v -17.5971 158.76 28.6092
v -31.1805 143.643 26.7295
v -36.7807 138.207 32.9816
v -30.6952 144.495 27.905
v -36.2954 139.059 34.1571
v -29.5236 144.418 28.887
v -35.1238 138.982 35.1391
v -28.3519 143.456 29.1003
v -33.9521 138.02 35.3524
v -27.8666 142.173 28.42
v -33.4668 136.737 34.6721
v -28.3519 141.321 27.2445
v -33.9521 135.885 33.4966
v -29.5236 141.399 26.2625
v -35.1238 135.963 32.5146
v -30.6952 142.361 26.0492
v -36.2954 136.925 32.3012
v -29.5236 142.908 27.5748
v -35.1238 137.472 33.8268
v -36.9639 137.221 33.0847
v -40.8817 140.174 41.7986
v -36.4249 138.634 32.8482
v -40.3427 141.587 41.5621
v -35.1238 139.367 33.185
v -39.0416 142.319 41.8989
v -33.8226 138.99 33.8977
v -37.7404 141.942 42.6116
v -33.2837 137.724 34.5689
v -37.2014 140.677 43.2829
v -33.8226 136.311 34.8054
v -37.7404 139.264 43.5194
v -35.1238 135.578 34.4687
v -39.0416 138.531 43.1826
v -36.4249 135.955 33.7559
v -40.3427 138.908 42.4699
v -35.1238 137.472 33.8268
v -39.0416 140.425 42.5407
v -37.0996 137.402 34.129
v -35.548 135.154 43.7488
v -36.5209 138.8 34.3623
v -34.9693 136.552 43.9821
v -35.1238 139.42 34.2819
v -33.5722 137.172 43.9017
v -33.7267 138.899 33.9349
v -32.1752 136.652 43.5547
v -33.148 137.543 33.5247
v -31.5965 135.295 43.1445
v -33.7267 136.145 33.2914
v -32.1752 133.897 42.9112
v -35.1238 135.525 33.3718
v -33.5722 133.277 42.9916
v -36.5209 136.045 33.7187
v -34.9693 133.798 43.3385
v -35.1238 137.472 33.8268
v -33.5722 135.225 43.4466
v -31.2484 143.589 28.3239
v -26.1868 149.39 34.7063
v -30.7432 144.436 27.1533
v -25.6816 150.237 33.5357
v -29.5236 144.388 26.2296
v -24.4619 150.189 32.612
v -28.3039 143.473 26.0939
v -23.2423 149.274 32.4762
v -27.7987 142.227 26.8256
v -22.7371 148.028 33.2079
v -28.3039 141.38 27.9962
v -23.2423 147.181 34.3785
v -29.5236 141.428 28.9199
v -24.4619 147.229 35.3022
v -30.7432 142.343 29.0556
v -25.6816 148.144 35.438
v -29.5236 142.908 27.5748
v -24.4619 148.709 33.9571
v -26.3865 149.033 34.394
v -23.6663 154.767 42.1223
v -25.8228 150.074 33.4234
v -23.1026 155.807 41.1517
v -24.4619 150.315 32.7654
v -21.7417 156.049 40.4937
v -23.101 149.615 32.8055
v -20.3808 155.349 40.5337
v -22.5374 148.385 33.5202
v -19.8171 154.118 41.2484
v -23.101 147.344 34.4908
v -20.3808 153.077 42.219
v -24.4619 147.103 35.1488
v -21.7417 152.836 42.877
v -25.8228 147.802 35.1087
v -23.1026 153.536 42.8369
v -24.4619 148.709 33.9571
v -21.7417 154.442 41.6853
v -26.2835 149.466 33.6267
v -22.1546 157.812 29.9822
v -25.75 148.678 32.4274
v -21.621 157.025 28.783
v -24.4619 147.908 32.1242
v -20.333 156.255 28.4798
v -23.1739 147.608 32.8947
v -19.045 155.955 29.2503
v -22.6404 147.952 34.2875
v -18.5114 156.299 30.6431
v -23.1739 148.739 35.4868
v -19.045 157.086 31.8424
v -24.4619 149.509 35.79
v -20.333 157.856 32.1456
v -25.75 149.81 35.0195
v -21.621 158.157 31.3751
v -24.4619 148.709 33.9571
v -20.333 157.056 30.3127
v -25.8233 150.107 34.3958
v -18.4973 156.601 36.4337
v -25.4245 150.121 32.918
v -18.0986 156.615 34.9559
v -24.4619 149.308 32.0488
v -17.136 155.802 34.0868
v -23.4993 148.144 32.2976
v -16.1734 154.638 34.3355
v -23.1006 147.311 33.5184
v -15.7747 153.805 35.5563
v -23.4993 147.297 34.9963
v -16.1734 153.791 37.0342
v -24.4619 148.11 35.8654
v -17.136 154.604 37.9033
v -25.4245 149.274 35.6166
v -18.0986 155.768 37.6545
v -24.4619 148.709 33.9571
v -17.136 155.203 35.995
v -18.9018 155.47 36.8955
v -14.2064 157.975 45.3617
v -18.3846 156.748 36.2304
v -13.6892 159.253 44.6966
v -17.136 157.121 35.4275
v -12.4406 159.626 43.8937
v -15.8874 156.371 34.957
v -11.192 158.876 43.4232
v -15.3702 154.937 35.0945
v -10.6748 157.442 43.5607
v -15.8874 153.659 35.7596
v -11.192 156.164 44.2258
v -17.136 153.285 36.5626
v -12.4406 155.791 45.0287
v -18.3846 154.036 37.0331
v -13.6892 156.541 45.4992
v -17.136 155.203 35.995
v -12.4406 157.709 44.4612
v -16.1317 153.5 35.6955
v -7.96965 158.74 33.2617
v -16.0217 153.999 37.1385
v -7.85967 159.239 34.7046
v -16.5645 155.203 37.9116
v -8.40241 160.443 35.4777
v -17.442 156.408 37.562
v -9.27994 161.648 35.1281
v -18.1403 156.907 36.2945
v -9.97822 162.147 33.8606
v -18.2503 156.408 34.8515
v -10.0882 161.648 32.4177
v -17.7075 155.203 34.0784
v -9.54545 160.443 31.6445
v -16.83 153.999 34.428
v -8.66792 159.239 31.9941
v -17.136 155.203 35.995
v -8.97393 160.443 33.5611
v -26.2265 149.497 34.4722
v -21.5189 156.882 39.2994
v -25.7096 150.04 33.1376
v -21.002 157.425 37.9647
v -24.4619 149.803 32.283
v -19.7543 157.188 37.1102
v -23.2142 148.925 32.4091
v -18.5066 156.31 37.2362
v -22.6974 147.921 33.442
v -17.9898 155.306 38.2691
v -23.2142 147.378 34.7766
v -18.5066 154.763 39.6038
v -24.4619 147.614 35.6312
v -19.7543 154.999 40.4583
v -25.7096 148.492 35.5051
v -21.002 155.877 40.3323
v -24.4619 148.709 33.9571
v -19.7543 156.094 38.7843
v -21.5565 156.724 38.1882
v -17.2203 163.269 31.9951
v -21.0287 155.567 37.3355
v -16.6924 162.113 31.1424
v -19.7543 154.719 37.3315
v -15.4181 161.264 31.1383
v -18.48 154.676 38.1785
v -14.1438 161.222 31.9853
v -17.9522 155.464 39.3803
v -13.6159 162.009 33.1872
v -18.48 156.62 40.233
v -14.1438 163.166 34.0398
v -19.7543 157.468 40.237
v -15.4181 164.014 34.0439
v -21.0287 157.511 39.39
v -16.6924 164.056 33.1969
v -19.7543 156.094 38.7843
v -15.4181 162.639 32.5911
v -21.7484 156.06 38.634
v -22.5186 158.25 48.3607
v -21.1644 157.449 38.3673
v -21.9346 159.64 48.0941
v -19.7543 158.045 38.3449
v -20.5246 160.235 48.0716
v -18.3443 157.497 38.5798
v -19.1145 159.688 48.3066
v -17.7603 156.128 38.9345
v -18.5305 158.318 48.6613
v -18.3443 154.738 39.2012
v -19.1145 156.928 48.9279
v -19.7543 154.143 39.2236
v -20.5246 156.333 48.9504
v -21.1644 154.69 38.9887
v -21.9346 156.88 48.7154
v -19.7543 156.094 38.7843
v -20.5246 158.284 48.511
v -30.9807 143.344 28.8736
v -24.1309 145.661 35.781
v -30.5539 144.557 28.0434
v -23.7041 146.874 34.9508
v -29.5236 144.804 26.9387
v -22.6738 147.121 33.8461
v -28.4932 143.941 26.2066
v -21.6434 146.258 33.114
v -28.0664 142.473 26.2759
v -21.2167 144.79 33.1833
v -28.4932 141.259 27.1061
v -21.6434 143.576 34.0135
v -29.5236 141.012 28.2108
v -22.6738 143.329 35.1182
v -30.5539 141.876 28.9429
v -23.7041 144.193 35.8503
v -29.5236 142.908 27.5748
v -22.6738 145.225 34.4821
v -24.2281 146.118 35.3694
v -17.9353 151.63 40.8486
v -23.7729 146.854 34.1066
v -17.48 152.365 39.5858
v -22.6738 146.635 33.0638
v -16.3809 152.147 38.5429
v -21.5747 145.591 32.8518
v -15.2818 151.103 38.3309
v -21.1194 144.333 33.5948
v -14.8266 149.844 39.074
v -21.5747 143.597 34.8577
v -15.2818 149.109 40.3368
v -22.6738 143.815 35.9005
v -16.3809 149.327 41.3797
v -23.7729 144.859 36.1125
v -17.48 150.371 41.5917
v -22.6738 145.225 34.4821
v -16.3809 150.737 39.9613
v -24.3351 144.72 35.4743
v -18.7676 140.948 42.8755
v -23.8485 146.128 35.8258
v -18.281 142.356 43.227
v -22.6738 147.007 35.3902
v -17.1063 143.236 42.7915
v -21.499 146.843 34.4227
v -15.9315 143.071 41.824
v -21.0124 145.731 33.49
v -15.4449 141.959 40.8913
v -21.499 144.323 33.1385
v -15.9315 140.551 40.5398
v -22.6738 143.443 33.5741
v -17.1063 139.672 40.9754
v -23.8485 143.608 34.5416
v -18.281 139.836 41.9429
v -22.6738 145.225 34.4821
v -17.1063 141.454 41.8834
v -24.5993 145.112 35.0107
v -21.8964 143.088 44.4233
v -24.0354 146.528 35.1532
v -21.3324 144.504 44.5658
v -22.6738 147.181 34.9026
v -19.9709 145.157 44.3152
v -21.3122 146.688 34.4057
v -18.6093 144.664 43.8184
v -20.7482 145.339 33.9536
v -18.0453 143.315 43.3663
v -21.3122 143.923 33.8111
v -18.6093 141.899 43.2238
v -22.6738 143.27 34.0617
v -19.9709 141.246 43.4743
v -24.0354 143.762 34.5586
v -21.3324 141.738 43.9712
v -22.6738 145.225 34.4821
v -19.9709 143.201 43.8948
v -21.88 143.002 44.4565
v -18.9006 139.816 53.4547
v -21.3208 144.394 44.764
v -18.3414 141.207 53.7623
v -19.9709 145.087 44.5624
v -16.9914 141.9 53.5607
v -18.6209 144.675 43.9697
v -15.6414 141.488 52.9679
v -18.0617 143.4 43.3331
v -15.0823 140.214 52.3313
v -18.6209 142.009 43.0255
v -15.6414 138.822 52.0238
v -19.9709 141.316 43.2271
v -16.9914 138.129 52.2254
v -21.3208 141.728 43.8199
v -18.3414 138.541 52.8181
v -19.9709 143.201 43.8948
v -16.9914 140.015 52.893
v -21.5179 143.621 45.0907
v -15.1805 146.183 52.3895
v -21.0648 144.833 44.272
v -14.7274 147.395 51.5708
v -19.9709 145.088 43.2323
v -13.6335 147.651 50.5311
v -18.8769 144.239 42.5807
v -12.5395 146.801 49.8795
v -18.4238 142.781 42.6988
v -12.0864 145.344 49.9976
v -18.8769 141.57 43.5176
v -12.5395 144.132 50.8163
v -19.9709 141.314 44.5572
v -13.6335 143.876 51.856
v -21.0648 142.164 45.2089
v -14.7274 144.726 52.5076
v -19.9709 143.201 43.8948
v -13.6335 145.764 51.1936
v -22.3263 143.262 34.6447
v -13.4363 145.181 38.8027
v -23.0272 143.837 35.8781
v -14.1373 145.756 40.0361
v -23.5211 145.225 36.2938
v -14.6312 147.143 40.4518
v -23.5187 146.613 35.6482
v -14.6287 148.531 39.8063
v -23.0213 147.188 34.3196
v -14.1313 149.106 38.4776
v -22.3203 146.613 33.0862
v -13.4304 148.531 37.2442
v -21.8264 145.225 32.6705
v -12.9365 147.143 36.8285
v -21.8289 143.837 33.3161
v -12.9389 145.756 37.4741
v -22.6738 145.225 34.4821
v -13.7838 147.143 38.6402
v -15.0569 148.557 39.2578
v -7.34454 154.39 41.8068
v -14.684 148.709 37.781
v -6.97166 154.542 40.33
v -13.7838 147.944 36.8075
v -6.07145 153.777 39.3564
v -12.8836 146.71 36.9076
v -5.17123 152.543 39.4565
v -12.5107 145.73 38.0225
v -4.79835 151.563 40.5714
v -12.8836 145.578 39.4993
v -5.17123 151.411 42.0482
v -13.7838 146.343 40.4728
v -6.07145 152.175 43.0218
v -14.684 147.577 40.3728
v -6.97166 153.409 42.9217
v -13.7838 147.143 38.6402
v -6.07145 152.976 41.1891
v -13.736 145.144 38.6458
v -3.80733 145.385 39.8137
v -13.9152 145.73 40.0487
v -3.98655 145.971 41.2165
v -14.0175 147.143 40.6265
v -4.08882 147.384 41.7943
v -13.9829 148.557 40.0407
v -4.05423 148.798 41.2086
v -13.8317 149.143 38.6346
v -3.90303 149.384 39.8024
v -13.6525 148.557 37.2317
v -3.72381 148.798 38.3995
v -13.5502 147.143 36.6539
v -3.62154 147.384 37.8217
v -13.5848 145.73 37.2396
v -3.65613 145.971 38.4075
v -13.7838 147.143 38.6402
v -3.85518 147.384 39.808
v -30.9804 143.368 26.2839
v -37.8316 140.925 33.1465
v -30.5537 144.565 27.1362
v -37.4049 142.123 33.9988
v -29.5236 144.792 28.2454
v -36.3747 142.35 35.108
v -28.4934 143.916 28.9618
v -35.3445 141.473 35.8244
v -28.0667 142.449 28.8657
v -34.9178 140.006 35.7283
v -28.4934 141.251 28.0133
v -35.3445 138.808 34.8759
v -29.5236 141.024 26.9041
v -36.3747 138.581 33.7667
v -30.5537 141.901 26.1877
v -37.4049 139.458 33.0503
v -29.5236 142.908 27.5748
v -36.3747 140.466 34.4374
v -38.2048 140.578 33.6385
v -42.2383 139.308 42.7004
v -37.6688 141.945 34.0687
v -41.7023 140.675 43.1306
v -36.3747 142.446 34.7149
v -40.4082 141.176 43.7768
v -35.0806 141.787 35.1985
v -39.1142 140.517 44.2604
v -34.5446 140.354 35.2363
v -38.5781 139.084 44.2982
v -35.0806 138.986 34.806
v -39.1142 137.716 43.8679
v -36.3747 138.485 34.1598
v -40.4082 137.215 43.2217
v -37.6688 139.144 33.6762
v -41.7023 137.874 42.7381
v -36.3747 140.466 34.4374
v -40.4082 139.196 43.4993
v -38.1651 140.283 33.565
v -42.6221 142.121 42.326
v -37.6407 141.72 33.53
v -42.0977 143.559 42.2911
v -36.3747 142.423 34.0266
v -40.8317 144.261 42.7877
v -35.1087 141.979 34.7638
v -39.5657 143.817 43.5248
v -34.5843 140.649 35.3098
v -39.0413 142.487 44.0708
v -35.1087 139.211 35.3447
v -39.5657 141.049 44.1057
v -36.3747 138.508 34.8481
v -40.8317 140.347 43.6091
v -37.6407 138.952 34.1109
v -42.0977 140.79 42.8719
v -36.3747 140.466 34.4374
v -40.8317 142.304 43.1984
v -35.764 138.59 34.7694
v -44.0015 135.114 30.2903
v -35.2673 139.14 33.4297
v -43.5048 135.664 28.9506
v -35.4193 140.466 32.6803
v -43.6568 136.99 28.2012
v -36.131 141.792 32.9601
v -44.3685 138.316 28.481
v -36.9854 142.341 34.1053
v -45.2229 138.865 29.6262
v -37.4821 141.792 35.445
v -45.7196 138.316 30.9658
v -37.3301 140.466 36.1944
v -45.5676 136.99 31.7153
v -36.6184 139.14 35.9146
v -44.8559 135.664 31.4355
v -36.3747 140.466 34.4374
v -44.6122 136.99 29.9582
v -46.2944 137.663 30.8046
v -51.7028 132.425 24.2232
v -45.8017 136.36 31.4373
v -51.21 131.122 24.856
v -44.6122 135.425 31.2037
v -50.0205 130.187 24.6223
v -43.4226 135.407 30.2404
v -48.831 130.169 23.6591
v -42.9299 136.316 29.1119
v -48.3382 131.078 22.5305
v -43.4226 137.62 28.4791
v -48.831 132.382 21.8977
v -44.6122 138.555 28.7128
v -50.0205 133.317 22.1314
v -45.8017 138.573 29.676
v -51.21 133.335 23.0946
v -44.6122 136.99 29.9582
v -50.0205 131.752 23.3769
v -46.5383 137.026 30.4954
v -49.2304 136.374 20.8867
v -45.9742 135.605 30.4338
v -48.6663 134.953 20.8251
v -44.6122 134.994 30.0936
v -47.3043 134.342 20.4849
v -43.2502 135.553 29.6741
v -45.9423 134.901 20.0654
v -42.686 136.953 29.4211
v -45.3781 136.301 19.8123
v -43.2502 138.375 29.4827
v -45.9423 137.723 19.8739
v -44.6122 138.985 29.8229
v -47.3043 138.333 20.2141
v -45.9742 138.427 30.2424
v -48.6663 137.775 20.6336
v -44.6122 136.99 29.9582
v -47.3043 136.338 20.3495
v -38.0224 140.694 33.3271
v -43.6903 139.032 41.3963
v -37.5398 142.012 33.9377
v -43.2077 140.35 42.0068
v -36.3747 142.424 34.841
v -42.0426 140.762 42.9101
v -35.2096 141.689 35.5078
v -40.8774 140.026 43.577
v -34.727 140.237 35.5476
v -40.3948 138.574 43.6168
v -35.2096 138.919 34.937
v -40.8774 137.256 43.0062
v -36.3747 138.507 34.0338
v -42.0426 136.844 42.1029
v -37.5398 139.242 33.3669
v -43.2077 137.58 41.4361
v -36.3747 140.466 34.4374
v -42.0426 138.803 42.5065
v -44.0327 138.844 42.3129
v -45.0223 136.792 52.05
v -43.4498 140.216 42.6611
v -44.4394 138.164 52.3983
v -42.0426 140.76 42.9188
v -43.0321 138.709 52.656
v -40.6353 140.158 42.935
v -41.6249 138.107 52.6722
v -40.0524 138.762 42.7002
v -41.0419 136.711 52.4373
v -40.6353 137.39 42.3519
v -41.6249 135.339 52.089
v -42.0426 136.846 42.0942
v -43.0321 134.795 51.8313
v -43.4498 137.448 42.078
v -44.4394 135.397 51.8152
v -42.0426 138.803 42.5065
v -43.0321 136.752 52.2437
v -43.8538 138.853 41.6597
v -48.095 138.32 50.7001
v -43.3233 140.25 41.9909
v -47.5645 139.718 51.0313
v -42.0426 140.8 42.6241
v -46.2838 140.267 51.6645
v -40.7618 140.18 43.1884
v -45.0031 139.647 52.2288
v -40.2313 138.753 43.3533
v -44.4726 138.221 52.3937
v -40.7618 137.356 43.0221
v -45.0031 136.824 52.0625
v -42.0426 136.807 42.3889
v -46.2838 136.274 51.4293
v -43.3233 137.427 41.8246
v -47.5645 136.894 50.865
v -42.0426 138.803 42.5065
v -46.2838 138.271 51.5469
v -37.8878 141.659 33.9029
v -44.4271 134.754 36.9946
v -37.4446 141.888 35.3502
v -43.9839 134.983 38.4419
v -36.3747 141.283 36.2627
v -42.914 134.378 39.3544
v -35.3048 140.199 36.106
v -41.844 133.294 39.1977
v -34.8616 139.272 34.9718
v -41.4009 132.367 38.0635
v -35.3048 139.044 33.5245
v -41.844 132.139 36.6162
v -36.3747 139.648 32.612
v -42.914 132.743 35.7037
v -37.4446 140.732 32.7687
v -43.9839 133.827 35.8604
v -36.3747 140.466 34.4374
v -42.914 133.561 37.529
v -44.5718 134.218 36.6239
v -50.1655 129.346 43.3303
v -44.0863 135.17 37.7203
v -49.6799 130.298 44.4266
v -42.914 135.179 38.7045
v -48.5076 130.307 45.4109
v -41.7417 134.24 39.0002
v -47.3353 129.368 45.7066
v -41.2561 132.903 38.4341
v -46.8498 128.031 45.1404
v -41.7417 131.952 37.3378
v -47.3353 127.079 44.0441
v -42.914 131.943 36.3535
v -48.5076 127.07 43.0598
v -44.0863 132.881 36.0578
v -49.6799 128.009 42.7641
v -42.914 133.561 37.529
v -48.5076 128.689 44.2353
v -42.2302 131.719 37.9023
v -50.3142 127.823 33.4894
v -41.7528 132.258 36.5517
v -49.8369 128.363 32.1388
v -41.9557 133.561 35.7736
v -50.0398 129.665 31.3607
v -42.7199 134.863 36.0238
v -50.804 130.968 31.6109
v -43.5978 135.403 37.1558
v -51.6819 131.507 32.7429
v -44.0751 134.863 38.5064
v -52.1592 130.968 34.0935
v -43.8723 133.561 39.2845
v -51.9563 129.665 34.8716
v -43.108 132.258 39.0343
v -51.1921 128.363 34.6214
v -42.914 133.561 37.529
v -50.9981 129.665 33.1161
v -44.4374 134.619 38.2773
v -50.9164 128.4 33.8786
v -43.9912 133.492 39.2127
v -50.4702 127.273 34.814
v -42.914 132.406 39.1619
v -49.3929 126.187 34.7631
v -41.8367 131.996 38.1545
v -48.3157 125.777 33.7557
v -41.3905 132.503 36.7808
v -47.8695 126.284 32.382
v -41.8367 133.629 35.8453
v -48.3157 127.41 31.4466
v -42.914 134.716 35.8962
v -49.3929 128.497 31.4975
v -43.9912 135.125 36.9036
v -50.4702 128.906 32.5048
v -42.914 133.561 37.529
v -49.3929 127.342 33.1303
v -51.341 127.145 32.7222
v -49.0757 122.913 23.9495
v -50.7704 125.929 33.4562
v -48.5052 121.697 24.6834
v -49.3929 125.54 33.9992
v -47.1277 121.309 25.2265
v -48.0155 126.207 34.0332
v -45.7503 121.975 25.2605
v -47.4449 127.539 33.5383
v -45.1797 123.307 24.7656
v -48.0155 128.755 32.8044
v -45.7503 124.523 24.0316
v -49.3929 129.143 32.2613
v -47.1277 124.911 23.4886
v -50.7704 128.476 32.2273
v -48.5052 124.245 23.4546
v -49.3929 127.342 33.1303
v -47.1277 123.11 24.3575
v -51.0868 128.217 33.7345
v -56.4041 121.247 28.923
v -50.5907 127.157 34.7213
v -55.908 120.188 29.9098
v -49.3929 126.206 34.7762
v -54.7103 119.236 29.9647
v -48.1952 125.919 33.8669
v -53.5126 118.95 29.0554
v -47.6991 126.467 32.5261
v -53.0165 119.497 27.7146
v -48.1952 127.526 31.5392
v -53.5126 120.557 26.7278
v -49.3929 128.478 31.4844
v -54.7103 121.508 26.6729
v -50.5907 128.764 32.3937
v -55.908 121.794 27.5822
v -49.3929 127.342 33.1303
v -54.7103 120.372 28.3188
v -44.3529 134.843 38.0626
v -51.2981 128.2 35.2988
v -43.9315 133.924 39.2121
v -50.8767 127.282 36.4482
v -42.914 132.792 39.3756
v -49.8592 126.15 36.6117
v -41.8965 132.111 38.4574
v -48.8417 125.468 35.6936
v -41.475 132.278 36.9954
v -48.4202 125.635 34.2316
v -41.8965 133.197 35.846
v -48.8417 126.554 33.0822
v -42.914 134.329 35.6825
v -49.8592 127.686 32.9186
v -43.9315 135.011 36.6007
v -50.8767 128.368 33.8368
v -42.914 133.561 37.529
v -49.8592 126.918 34.7652
v -51.7693 127.348 35.1729
v -54.734 120.414 28.6059
v -51.2098 126.25 36.0803
v -54.1745 119.316 29.5133
v -49.8592 125.543 36.2173
v -52.8239 118.608 29.6504
v -48.5086 125.641 35.5037
v -51.4732 118.707 28.9368
v -47.9491 126.487 34.3575
v -50.9138 119.553 27.7905
v -48.5086 127.586 33.45
v -51.4732 120.652 26.8831
v -49.8592 128.293 33.313
v -52.8239 121.359 26.746
v -51.2098 128.195 34.0266
v -54.1745 121.26 27.4597
v -49.8592 126.918 34.7652
v -52.8239 119.984 28.1982
v -51.5037 127.788 34.031
v -57.1948 121.504 39.3344
v -51.022 128.445 35.3268
v -56.7131 122.161 40.6302
v -49.8592 128.208 36.2936
v -55.5503 121.924 41.597
v -48.6963 127.215 36.365
v -54.3874 120.931 41.6684
v -48.2147 126.048 35.4993
v -53.9057 119.764 40.8027
v -48.6963 125.391 34.2035
v -54.3874 119.107 39.5069
v -49.8592 125.628 33.2368
v -55.5503 119.344 38.5401
v -51.022 126.621 33.1653
v -56.7131 120.337 38.4687
v -49.8592 126.918 34.7652
v -55.5503 120.634 40.0686
v -38.1701 141.015 33.7482
v -42.5757 135.421 40.7697
v -37.6443 141.96 34.8312
v -42.0499 136.366 41.8528
v -36.3747 142.03 35.6835
v -40.7803 136.436 42.7051
v -35.1051 141.184 35.8059
v -39.5107 135.59 42.8274
v -34.5793 139.917 35.1265
v -38.9849 134.323 42.148
v -35.1051 138.971 34.0435
v -39.5107 133.378 41.065
v -36.3747 138.901 33.1912
v -40.7803 133.308 40.2127
v -37.6443 139.748 33.0689
v -42.0499 134.154 40.0904
v -36.3747 140.466 34.4374
v -40.7803 134.872 41.4589
v -40.1364 132.98 41.375
v -49.5153 129.734 42.5973
v -40.5078 133.534 39.9972
v -49.8867 130.288 41.2196
v -41.0388 134.872 39.4757
v -50.4177 131.625 40.698
v -41.4184 136.21 40.1159
v -50.7973 132.963 41.3383
v -41.4242 136.764 41.5428
v -50.8031 133.517 42.7652
v -41.0528 136.21 42.9206
v -50.4318 132.963 44.143
v -40.5218 134.872 43.4421
v -49.9008 131.625 44.6645
v -40.1422 133.534 42.8019
v -49.5211 130.288 44.0243
v -40.7803 134.872 41.4589
v -50.1592 131.625 42.6813
v -42.5414 135.505 40.7532
v -47.2807 129.626 47.3093
v -42.0256 136.372 41.9039
v -46.7649 130.494 48.4601
v -40.7803 136.361 42.794
v -45.5196 130.483 49.3502
v -39.535 135.477 42.902
v -44.2743 129.599 49.4582
v -39.0192 134.239 42.1646
v -43.7585 128.361 48.7208
v -39.535 133.372 41.0138
v -44.2743 127.493 47.57
v -40.7803 133.383 40.1237
v -45.5196 127.504 46.6799
v -42.0256 134.266 40.0158
v -46.7649 128.388 46.5719
v -40.7803 134.872 41.4589
v -45.5196 128.994 48.0151
v -42.5765 134.458 42.2352
v -38.1787 130.237 50.162
v -42.0504 135.828 42.6726
v -37.6526 131.606 50.5995
v -40.7803 136.637 42.3991
v -36.3825 132.415 50.3259
v -39.5102 136.413 41.5748
v -35.1124 132.191 49.5016
v -38.9841 135.285 40.6826
v -34.5863 131.063 48.6094
v -39.5102 133.916 40.2451
v -35.1124 129.694 48.172
v -40.7803 133.107 40.5187
v -36.3825 128.885 48.4455
v -42.0504 133.331 41.343
v -37.6526 129.109 49.2698
v -40.7803 134.872 41.4589
v -36.3825 130.65 49.3857
v -38.2605 130.237 49.9359
v -34.8214 124.602 57.4474
v -37.7105 131.489 50.6234
v -34.2713 125.855 58.1349
v -36.3825 132.25 50.5859
v -32.9434 126.615 58.0973
v -35.0546 132.073 49.8453
v -31.6154 126.438 57.3567
v -34.5045 131.063 48.8355
v -31.0654 125.428 56.3469
v -35.0546 129.811 48.148
v -31.6154 124.176 55.6594
v -36.3825 129.05 48.1855
v -32.9434 123.415 55.697
v -37.7105 129.227 48.9261
v -34.2713 123.592 56.4376
v -36.3825 130.65 49.3857
v -32.9434 125.015 56.8972
v -38.2683 130.957 49.9769
v -34.9379 135.3 58.346
v -37.716 132.122 49.1523
v -34.3856 136.466 57.5214
v -36.3825 132.425 48.4644
v -33.0521 136.769 56.8335
v -35.049 131.688 48.3162
v -31.7186 136.032 56.6853
v -34.4967 130.343 48.7945
v -31.1663 134.687 57.1636
v -35.049 129.178 49.6191
v -31.7186 133.521 57.9882
v -36.3825 128.875 50.307
v -33.0521 133.218 58.6761
v -37.716 129.612 50.4552
v -34.3856 133.955 58.8243
v -36.3825 130.65 49.3857
v -33.0521 134.994 57.7548
v -39.9762 133.044 41.3527
v -49.0384 128.988 42.5491
v -40.3968 133.579 39.9818
v -49.459 129.524 41.1782
v -41.0421 134.872 39.4761
v -50.1042 130.817 40.6725
v -41.534 136.165 40.1319
v -50.5961 132.109 41.3283
v -41.5844 136.7 41.565
v -50.6465 132.645 42.7614
v -41.1638 136.165 42.936
v -50.2259 132.109 44.1324
v -40.5185 134.872 43.4417
v -49.5807 130.817 44.6381
v -40.0266 133.579 42.7859
v -49.0888 129.524 43.9823
v -40.7803 134.872 41.4589
v -49.8424 130.817 42.6553
v -51.4004 132.058 42.8346
v -57.671 124.348 41.7208
v -50.9441 131.492 44.1818
v -57.2147 123.782 43.068
v -49.8424 130.531 44.6347
v -56.113 122.821 43.5209
v -48.7408 129.737 43.9282
v -55.0114 122.027 42.8144
v -48.2845 129.575 42.476
v -54.5551 121.866 41.3622
v -48.7408 130.141 41.1288
v -55.0114 122.431 40.015
v -49.8424 131.103 40.6758
v -56.113 123.393 39.562
v -50.9441 131.896 41.3824
v -57.2147 124.187 40.2686
v -49.8424 130.817 42.6553
v -56.113 123.107 41.5415
v -51.4976 130.987 41.5455
v -57.1113 129.734 49.7257
v -51.0128 132.335 42.0846
v -56.6266 131.082 50.2648
v -49.8424 132.794 42.958
v -55.4562 131.541 51.1383
v -48.6721 132.094 43.6541
v -54.2859 130.842 51.8344
v -48.1873 130.647 43.7651
v -53.8011 129.394 51.9454
v -48.6721 129.299 43.226
v -54.2859 128.046 51.4062
v -49.8424 128.84 42.3526
v -55.4562 127.587 50.5328
v -51.0128 129.539 41.6565
v -56.6266 128.286 49.8367
v -49.8424 130.817 42.6553
v -55.4562 129.564 50.8355
v -31.1246 143.752 26.7237
v -37.1174 138.115 32.4079
v -30.6557 144.509 27.9688
v -36.6485 138.872 33.653
v -29.5236 144.328 28.9831
v -35.5164 138.691 34.6672
v -28.3914 143.316 29.1724
v -34.3842 137.679 34.8565
v -27.9225 142.064 28.4258
v -33.9153 136.427 34.1099
v -28.3914 141.307 27.1807
v -34.3842 135.67 32.8648
v -29.5236 141.488 26.1664
v -35.5164 135.851 31.8506
v -30.6557 142.501 25.9771
v -36.6485 136.864 31.6613
v -29.5236 142.908 27.5748
v -35.5164 137.271 33.2589
v -34.8086 135.44 32.875
v -42.8552 131.415 37.2392
v -35.6901 135.977 31.7443
v -43.7368 131.951 36.1085
v -36.4699 137.271 31.5008
v -44.5165 133.245 35.865
v -36.6911 138.566 32.2872
v -44.7377 134.54 36.6513
v -36.2241 139.102 33.6428
v -44.2707 135.076 38.0069
v -35.3426 138.566 34.7735
v -43.3892 134.54 39.1376
v -34.5629 137.271 35.017
v -42.6095 133.245 39.3811
v -34.3417 135.977 34.2306
v -42.3883 131.951 38.5948
v -35.5164 137.271 33.2589
v -43.563 133.245 37.623
v -37.0791 137.941 34.3119
v -43.3197 133.747 27.7195
v -36.6214 136.552 34.7627
v -42.862 132.357 28.1703
v -35.5164 135.584 34.3326
v -41.757 131.389 27.7402
v -34.4113 135.604 33.2735
v -40.652 131.41 26.6811
v -33.9536 136.601 32.2059
v -40.1942 132.406 25.6135
v -34.4113 137.991 31.7551
v -40.652 133.796 25.1627
v -35.5164 138.959 32.1852
v -41.757 134.764 25.5929
v -36.6214 138.938 33.2443
v -42.862 134.743 26.6519
v -35.5164 137.271 33.2589
v -41.757 133.077 26.6665
v -37.2858 138.117 32.8672
v -41.9473 130.089 36.5845
v -36.7675 138.464 34.2652
v -41.4291 130.435 37.9825
v -35.5164 138.112 35.0738
v -40.1779 130.083 38.7911
v -34.2652 137.267 34.8192
v -38.9268 129.239 38.5365
v -33.747 136.425 33.6506
v -38.4085 128.397 37.3679
v -34.2652 136.079 32.2526
v -38.9268 128.051 35.9699
v -35.5164 136.431 31.444
v -40.1779 128.403 35.1613
v -36.7675 137.275 31.6986
v -41.4291 129.247 35.4159
v -35.5164 137.271 33.2589
v -40.1779 129.243 36.9762
v -41.5564 130.655 36.6511
v -48.8017 123.938 38.1973
v -41.1526 130.559 38.1245
v -48.398 123.842 39.6707
v -40.1779 129.692 38.9252
v -47.4233 122.975 40.4714
v -39.2032 128.562 38.5842
v -46.4485 121.845 40.1304
v -38.7994 127.831 37.3013
v -46.0448 121.114 38.8474
v -39.2032 127.927 35.8279
v -46.4485 121.211 37.374
v -40.1779 128.794 35.0272
v -47.4233 122.078 36.5733
v -41.1526 129.924 35.3682
v -48.398 123.208 36.9143
v -40.1779 129.243 36.9762
v -47.4233 122.526 38.5224
v -42.1774 129.285 36.9562
v -42.408 120.276 41.2902
v -41.5918 129.885 38.2365
v -41.8223 120.876 42.5705
v -40.1779 130.11 38.7785
v -40.4085 121.101 43.1125
v -38.7641 129.827 38.2647
v -38.9947 120.818 42.5988
v -38.1784 129.201 36.9962
v -38.409 120.192 41.3302
v -38.7641 128.601 35.7159
v -38.9947 119.591 40.0499
v -40.1779 128.376 35.1739
v -40.4085 119.367 39.5079
v -41.5918 128.659 35.6876
v -41.8223 119.65 40.0217
v -40.1779 129.243 36.9762
v -40.4085 120.234 41.3102
v -37.4262 137.088 33.8237
v -34.4573 134.142 42.9071
v -36.8668 138.487 34.0946
v -33.8979 135.541 43.1779
v -35.5164 139.174 33.8759
v -32.5475 136.228 42.9593
v -34.1659 138.746 33.2958
v -31.197 135.8 42.3792
v -33.6065 137.454 32.6941
v -30.6376 134.508 41.7774
v -34.1659 136.055 32.4232
v -31.197 133.11 41.5066
v -35.5164 135.369 32.6419
v -32.5475 132.423 41.7253
v -36.8668 135.796 33.222
v -33.8979 132.851 42.3054
v -35.5164 137.271 33.2589
v -32.5475 134.325 42.3423
v -34.0581 134.585 43.627
v -27.5047 136.078 51.0312
v -33.6157 135.895 42.971
v -27.0623 137.389 50.3752
v -32.5475 136.286 41.9467
v -25.9941 137.78 49.3508
v -31.4793 135.528 41.1541
v -24.9259 137.022 48.5582
v -31.0368 134.066 41.0575
v -24.4834 135.56 48.4616
v -31.4793 132.756 41.7135
v -24.9259 134.25 49.1176
v -32.5475 132.365 42.7378
v -25.9941 133.859 50.142
v -33.6157 133.122 43.5304
v -27.0623 134.616 50.9346
v -32.5475 134.325 42.3423
v -25.9941 135.819 49.7464
v -34.5474 134.315 42.3478
v -34.4911 125.593 47.2387
v -33.9617 135.01 43.5797
v -33.9053 126.288 48.4706
v -32.5475 135.303 44.0867
v -32.4911 126.581 48.9777
v -31.1333 135.024 43.5719
v -31.0769 126.302 48.4628
v -30.5475 134.335 42.3367
v -30.4911 125.613 47.2277
v -31.1333 133.641 41.1048
v -31.0769 124.918 45.9958
v -32.5475 133.347 40.5978
v -32.4911 124.625 45.4888
v -33.9617 133.627 41.1126
v -33.9053 124.905 46.0036
v -32.5475 134.325 42.3423
v -32.4911 125.603 47.2332
v -34.5017 135.574 33.5598
v -42.6367 130.283 31.1471
v -34.3968 136.071 32.1159
v -42.5317 130.78 29.7031
v -34.9477 137.271 31.3415
v -43.0826 131.98 28.9287
v -35.8317 138.471 31.6903
v -43.9667 133.18 29.2775
v -36.531 138.968 32.958
v -44.666 133.677 30.5452
v -36.636 138.471 34.402
v -44.7709 133.18 31.9892
v -36.0851 137.271 35.1763
v -44.22 131.98 32.7636
v -35.201 136.071 34.8275
v -43.336 130.78 32.4148
v -35.5164 137.271 33.2589
v -43.6513 131.98 30.8462
v -42.7858 130.213 31.2071
v -50.938 125.524 27.8076
v -42.495 130.73 29.7961
v -50.6472 126.042 26.3966
v -42.8816 131.98 29.0002
v -51.0338 127.291 25.6007
v -43.719 133.229 29.2857
v -51.8712 128.54 25.8862
v -44.5169 133.746 30.4852
v -52.6691 129.057 27.0857
v -44.8077 133.229 31.8962
v -52.9599 128.54 28.4967
v -44.4211 131.98 32.6921
v -52.5733 127.291 29.2926
v -43.5836 130.73 32.4067
v -51.7358 126.042 29.0072
v -43.6513 131.98 30.8462
v -51.8035 127.291 27.4467
v -45.6498 132.046 30.8059
v -46.0397 123.492 35.9708
v -45.0645 132.758 32.0283
v -45.4544 124.204 37.1933
v -43.6513 133.013 32.5583
v -44.0412 124.459 37.7232
v -42.2382 132.663 32.0853
v -42.6281 124.109 37.2503
v -41.6529 131.913 30.8865
v -42.0428 123.359 36.0514
v -42.2382 131.201 29.664
v -42.6281 122.647 34.829
v -43.6513 130.946 29.1341
v -44.0412 122.392 34.299
v -45.0645 131.296 29.607
v -45.4544 122.742 34.772
v -43.6513 131.98 30.8462
v -44.0412 123.426 36.0111
v -43.5575 129.982 30.8931
v -52.4886 129.458 26.4254
v -42.9523 130.567 29.6146
v -51.8834 130.043 25.1469
v -42.7566 131.98 29.0575
v -51.6877 131.455 24.5898
v -43.085 133.392 29.5482
v -52.0161 132.867 25.0805
v -43.7452 133.977 30.7992
v -52.6763 133.452 26.3315
v -44.3504 133.392 32.0778
v -53.2815 132.867 27.6101
v -44.5461 131.98 32.6348
v -53.4772 131.455 28.1672
v -44.2177 130.567 32.1442
v -53.1488 130.043 27.6765
v -43.6513 131.98 30.8462
v -52.5824 131.455 26.3785
v -54.4075 130.785 26.8485
v -58.4975 138.254 21.605
v -53.8729 130.169 25.5534
v -57.963 137.637 20.3099
v -52.5824 130.306 24.7416
v -56.6725 137.774 19.4981
v -51.2919 131.116 24.8887
v -55.3819 138.584 19.6452
v -50.7574 132.124 25.9085
v -54.8474 139.593 20.6649
v -51.2919 132.741 27.2036
v -55.3819 140.209 21.96
v -52.5824 132.604 28.0153
v -56.6725 140.072 22.7718
v -53.8729 131.794 27.8683
v -57.963 139.262 22.6248
v -52.5824 131.455 26.3785
v -56.6725 138.923 21.135
v -52.1946 129.501 26.5529
v -61.1063 127.375 22.5451
v -51.7282 130.073 25.212
v -60.6399 127.947 21.2042
v -51.7621 131.455 24.5545
v -60.6738 129.329 20.5467
v -52.2766 132.837 24.9654
v -61.1883 130.711 20.9576
v -52.9702 133.409 26.2041
v -61.8819 131.283 22.1963
v -53.4367 132.837 27.545
v -62.3484 130.711 23.5372
v -53.4027 131.455 28.2025
v -62.3144 129.329 24.1947
v -52.8883 130.073 27.7916
v -61.8 127.947 23.7838
v -52.5824 131.455 26.3785
v -61.4941 129.329 22.3707
v -45.0179 132.153 32.2961
v -52.3193 131.342 25.5113
v -44.6177 130.698 32.0392
v -51.919 129.887 25.2544
v -43.6513 129.994 31.0834
v -50.9526 129.183 24.2986
v -42.685 130.453 29.9887
v -49.9863 129.642 23.2038
v -42.2847 131.806 29.3962
v -49.586 130.996 22.6114
v -42.685 133.261 29.6531
v -49.9863 132.451 22.8683
v -43.6513 133.965 30.6089
v -50.9526 133.155 23.8241
v -44.6177 133.506 31.7037
v -51.919 132.696 24.9188
v -43.6513 131.98 30.8462
v -50.9526 131.169 24.0613
v -52.4753 131.34 25.3467
v -58.9589 130.334 17.8001
v -52.0293 129.888 25.1571
v -58.5129 128.882 17.6105
v -50.9526 129.187 24.3256
v -57.4362 128.18 16.7791
v -49.8759 129.646 23.3394
v -56.3595 128.64 15.7928
v -49.43 130.998 22.776
v -55.9136 129.991 15.2294
v -49.8759 132.45 22.9656
v -56.3595 131.443 15.419
v -50.9526 133.151 23.797
v -57.4362 132.145 16.2505
v -52.0293 132.692 24.7833
v -58.5129 131.686 17.2367
v -50.9526 131.169 24.0613
v -57.4362 130.163 16.5148
v -52.2302 131.756 25.4836
v -59.9241 129.318 19.5795
v -51.856 130.277 25.6069
v -59.5499 127.839 19.7028
v -50.9526 129.32 24.8248
v -58.6465 126.882 18.9207
v -50.0493 129.447 23.5955
v -57.7432 127.008 17.6914
v -49.6751 130.582 22.6391
v -57.369 128.143 16.735
v -50.0493 132.061 22.5158
v -57.7432 129.622 16.6117
v -50.9526 133.018 23.2979
v -58.6465 130.579 17.3938
v -51.856 132.891 24.5272
v -59.5499 130.453 18.6231
v -50.9526 131.169 24.0613
v -58.6465 128.731 18.1573
v -34.7333 135.444 33.041
v -43.5355 131.379 35.4908
v -35.3418 135.979 31.7424
v -44.144 131.915 34.1922
v -36.0526 137.271 31.3321
v -44.8549 133.207 33.782
v -36.4493 138.563 32.0506
v -45.2515 134.499 34.5004
v -36.2995 139.099 33.4769
v -45.1017 135.034 35.9267
v -35.6909 138.563 34.7755
v -44.4932 134.499 37.2253
v -34.9801 137.271 35.1857
v -43.7823 133.207 37.6355
v -34.5834 135.979 34.4672
v -43.3857 131.915 36.917
v -35.5164 137.271 33.2589
v -44.3186 133.207 35.7087
v -46.0513 133.774 36.5308
v -51.046 128.852 29.4018
v -45.5438 132.444 37.0935
v -50.5385 127.522 29.9646
v -44.3186 131.561 36.8451
v -49.3134 126.639 29.7162
v -43.0934 131.642 35.931
v -48.0882 126.719 28.8021
v -42.5859 132.639 34.8867
v -47.5807 127.717 27.7577
v -43.0934 133.969 34.3239
v -48.0882 129.047 27.195
v -44.3186 134.853 34.5723
v -49.3134 129.93 27.4434
v -45.5438 134.772 35.4864
v -50.5385 129.849 28.3575
v -44.3186 133.207 35.7087
v -49.3134 128.284 28.5798
v -45.9503 133.461 36.837
v -51.7328 131.669 28.8774
v -45.4724 132.007 36.817
v -51.2549 130.215 28.8575
v -44.3186 131.256 36.1478
v -50.1011 129.464 28.1883
v -43.1648 131.648 35.2214
v -48.9472 129.856 27.2618
v -42.6869 132.953 34.5804
v -48.4693 131.162 26.6209
v -43.1648 134.407 34.6004
v -48.9472 132.616 26.6409
v -44.3186 135.158 35.2696
v -50.1011 133.367 27.31
v -45.4724 134.766 36.196
v -51.2549 132.975 28.2365
v -44.3186 133.207 35.7087
v -50.1011 131.416 27.7492
v -46.1556 133.639 36.3713
v -50.1102 128.623 28.6768
v -45.6175 132.327 36.9495
v -49.5721 127.312 29.255
v -44.3186 131.531 36.8008
v -48.2732 126.516 29.1063
v -43.0197 131.717 36.0125
v -46.9743 126.701 28.3179
v -42.4816 132.775 35.0461
v -46.4362 127.759 27.3516
v -43.0197 134.086 34.4679
v -46.9743 129.071 26.7734
v -44.3186 134.882 34.6166
v -48.2732 129.867 26.9221
v -45.6175 134.697 35.405
v -49.5721 129.681 27.7105
v -44.3186 133.207 35.7087
v -48.2732 128.191 28.0142
v -49.8851 128.712 29.0775
v -55.8049 125.167 21.8394
v -49.413 127.289 29.3881
v -55.3328 123.745 22.1499
v -48.2732 126.395 28.8938
v -54.193 122.85 21.6557
v -47.1334 126.553 27.8843
v -53.0532 123.008 20.6462
v -46.6613 127.671 26.9509
v -52.5811 124.126 19.7128
v -47.1334 129.093 26.6403
v -53.0532 125.548 19.4022
v -48.2732 129.987 27.1345
v -54.193 126.443 19.8964
v -49.413 129.83 28.144
v -55.3328 126.285 20.9059
v -48.2732 128.191 28.0142
v -54.193 124.646 20.7761
v -50.2366 128.287 27.6455
v -48.3321 130.755 18.1437
v -49.6615 126.89 27.398
v -47.757 129.358 17.8962
v -48.2732 126.255 27.5115
v -46.3687 128.723 18.0097
v -46.8849 126.755 27.9194
v -44.9804 129.222 18.4176
v -46.3098 128.096 28.3829
v -44.4053 130.563 18.8811
v -46.8849 129.492 28.6304
v -44.9804 131.96 19.1286
v -48.2732 130.127 28.5169
v -46.3687 132.595 19.0151
v -49.6615 129.628 28.109
v -47.757 132.095 18.6072
v -48.2732 128.191 28.0142
v -46.3687 130.659 18.5124
v -45.6728 134.676 35.7993
v -53.0318 127.918 35.3826
v -45.2761 134.159 37.1843
v -52.6352 127.4 36.7676
v -44.3186 133.084 37.7049
v -51.6776 126.326 37.2882
v -43.361 132.081 37.0562
v -50.7201 125.323 36.6395
v -42.9644 131.738 35.6181
v -50.3234 124.98 35.2015
v -43.361 132.255 34.2331
v -50.7201 125.497 33.8165
v -44.3186 133.33 33.7125
v -51.6776 126.572 33.2958
v -45.2761 134.333 34.3612
v -52.6352 127.575 33.9445
v -44.3186 133.207 35.7087
v -51.6776 126.449 35.292
v -53.4382 127.116 34.6172
v -58.1821 120.928 40.8791
v -52.9226 127.926 35.8088
v -57.6664 121.739 42.0708
v -51.6776 127.871 36.6978
v -56.4214 121.684 42.9597
v -50.4326 126.983 36.7632
v -55.1765 120.796 43.0252
v -49.917 125.782 35.9669
v -54.6608 119.594 42.2289
v -50.4326 124.971 34.7752
v -55.1765 118.784 41.0372
v -51.6776 125.026 33.8863
v -56.4214 118.839 40.1482
v -52.9226 125.914 33.8208
v -57.6664 119.727 40.0828
v -51.6776 126.449 35.292
v -56.4214 120.261 41.554
v -53.6474 126.398 34.9493
v -51.9148 124.958 25.2063
v -53.0704 125.014 35.2564
v -51.3379 123.574 25.5134
v -51.6776 124.47 35.5844
v -49.9451 123.03 25.8415
v -50.2848 125.086 35.7412
v -48.5523 123.646 25.9982
v -49.7079 126.499 35.6348
v -47.9753 125.06 25.8919
v -50.2848 127.884 35.3277
v -48.5523 126.444 25.5847
v -51.6776 128.427 34.9996
v -49.9451 126.987 25.2567
v -53.0704 127.812 34.8429
v -51.3379 126.372 25.0999
v -51.6776 126.449 35.292
v -49.9451 125.009 25.5491
v -31.7195 141.308 18.262
v -25.9909 149.222 20.3922
v -31.2393 141.351 16.8092
v -25.5107 149.266 18.9394
v -30.0802 140.721 16.033
v -24.3516 148.636 18.1632
v -28.921 139.786 16.3881
v -23.1924 147.701 18.5183
v -28.4408 139.095 17.6665
v -22.7123 147.01 19.7967
v -28.921 139.051 19.1193
v -23.1924 146.966 21.2495
v -30.0802 139.681 19.8955
v -24.3516 147.596 22.0257
v -31.2393 140.616 19.5404
v -25.5107 148.531 21.6706
v -30.0802 140.201 17.9642
v -24.3516 148.116 20.0944
v -32.055 139.898 18.0527
v -33.6349 149.377 15.2872
v -31.4766 139.591 16.6692
v -33.0564 149.07 13.9037
v -30.0802 139.641 16.0443
v -31.66 149.12 13.2788
v -28.6837 140.02 16.5441
v -30.2635 149.499 13.7785
v -28.1053 140.504 17.8757
v -29.6851 149.984 15.1102
v -28.6837 140.812 19.2593
v -30.2635 150.291 16.4938
v -30.0802 140.761 19.8842
v -31.66 150.241 17.1187
v -31.4766 140.383 19.3844
v -33.0564 149.862 16.6189
v -30.0802 140.201 17.9642
v -31.66 149.68 15.1987
v -32.0799 140.171 17.9536
v -32.2401 149.606 21.2626
v -31.4942 140.648 16.6222
v -31.6543 150.083 19.9312
v -30.0802 140.863 16.0769
v -30.2403 150.298 19.3859
v -28.6661 140.691 16.6372
v -28.8263 150.126 19.9462
v -28.0804 140.231 17.9748
v -28.2406 149.667 21.2838
v -28.6661 139.755 19.3063
v -28.8263 149.19 22.6153
v -30.0802 139.539 19.8515
v -30.2403 148.975 23.1605
v -31.4942 139.712 19.2913
v -31.6543 149.147 22.6003
v -30.0802 140.201 17.9642
v -30.2403 149.636 21.2732
v -32.2274 149.73 21.4802
v -31.092 153.813 30.5375
v -31.6454 150.992 20.8383
v -30.51 155.075 29.8956
v -30.2403 151.46 20.4512
v -29.1049 155.543 29.5085
v -28.8352 150.86 20.5456
v -27.6998 154.943 29.6029
v -28.2532 149.543 21.0662
v -27.1178 153.627 30.1235
v -28.8352 148.281 21.7081
v -27.6998 152.365 30.7654
v -30.2403 147.813 22.0953
v -29.1049 151.897 31.1526
v -31.6454 148.413 22.0009
v -30.51 152.497 31.0582
v -30.2403 149.636 21.2732
v -29.1049 153.72 30.3305
v -30.8756 152.827 30.0705
v -35.5245 161.328 32.547
v -30.357 153.484 28.7889
v -35.0059 161.985 31.2654
v -29.1049 154.28 28.4104
v -33.7538 162.78 30.8869
v -27.8528 154.747 29.1567
v -32.5017 163.247 31.6332
v -27.3342 154.613 30.5906
v -31.983 163.113 33.0671
v -27.8528 153.956 31.8722
v -32.5017 162.456 34.3487
v -29.1049 153.161 32.2507
v -33.7538 161.661 34.7272
v -30.357 152.693 31.5044
v -35.0059 161.194 33.9809
v -29.1049 153.72 30.3305
v -33.7538 162.22 32.8071
v -31.1018 153.799 30.4092
v -30.5466 160.846 37.4824
v -30.5169 154.777 29.388
v -29.9617 161.824 36.4612
v -29.1049 155.137 28.9189
v -28.5497 162.184 35.9921
v -27.6929 154.667 29.2768
v -27.1376 161.714 36.35
v -27.108 153.642 30.2519
v -26.5528 160.689 37.3251
v -27.6929 152.663 31.2731
v -27.1376 159.71 38.3463
v -29.1049 152.303 31.7421
v -28.5497 159.35 38.8153
v -30.5169 152.774 31.3843
v -29.9617 159.821 38.4575
v -29.1049 153.72 30.3305
v -28.5497 160.767 37.4037
v -32.1086 148.923 21.2832
v -35.677 158.264 21.1524
v -31.5614 149.112 19.8662
v -35.1298 158.453 19.7354
v -30.2403 149.608 19.2734
v -33.8087 158.949 19.1426
v -28.9192 150.121 19.8521
v -32.4876 159.462 19.7213
v -28.372 150.35 21.2632
v -31.9404 159.691 21.1324
v -28.9192 150.161 22.6802
v -32.4876 159.502 22.5494
v -30.2403 149.664 23.273
v -33.8087 159.005 23.1422
v -31.5614 149.152 22.6944
v -35.1298 158.492 22.5636
v -30.2403 149.636 21.2732
v -33.8087 158.977 21.1424
v -32.1723 149.171 21.4991
v -34.7574 157.861 17.2792
v -31.6065 148.69 20.1608
v -34.1915 157.38 15.9409
v -30.2403 148.763 19.4742
v -32.8253 157.452 15.2543
v -28.8742 149.348 19.8414
v -31.4592 158.037 15.6215
v -28.3083 150.102 21.0474
v -30.8933 158.791 16.8275
v -28.8742 150.583 22.3857
v -31.4592 159.273 18.1658
v -30.2403 150.51 23.0723
v -32.8253 159.2 18.8524
v -31.6065 149.925 22.7051
v -34.1915 158.615 18.4852
v -30.2403 149.636 21.2732
v -32.8253 158.326 17.0534
v -32.2399 149.675 21.2863
v -32.0341 159.154 24.4671
v -31.6542 150.114 19.9418
v -31.4484 159.592 23.1225
v -30.2403 150.273 19.3771
v -30.0345 159.751 22.5579
v -28.8264 150.059 19.9232
v -28.6206 159.537 23.104
v -28.2407 149.597 21.2601
v -28.0349 159.076 24.4409
v -28.8264 149.159 22.6047
v -28.6206 158.637 25.7854
v -30.2403 149 23.1693
v -30.0345 158.479 26.3501
v -31.6542 149.214 22.6232
v -31.4484 158.693 25.804
v -30.2403 149.636 21.2732
v -30.0345 159.115 24.454
v -31.9144 159.651 24.8772
v -28.5007 167.026 30.704
v -31.3638 160.37 23.6436
v -27.9501 167.746 29.4704
v -30.0345 160.355 22.8846
v -26.6208 167.73 28.7115
v -28.7053 159.613 23.045
v -25.2916 166.988 28.8718
v -28.1547 158.579 24.0307
v -24.741 165.954 29.8575
v -28.7053 157.859 25.2644
v -25.2916 165.235 31.0912
v -30.0345 157.875 26.0233
v -26.6208 165.25 31.8501
v -31.3638 158.617 25.8629
v -27.9501 165.992 31.6897
v -30.0345 159.115 24.454
v -26.6208 166.49 30.2808
v -28.5912 166.39 30.6087
v -26.8765 163.508 40.0296
v -28.0141 167.772 30.9264
v -26.2994 164.889 40.3473
v -26.6208 168.403 30.8659
v -24.9061 165.521 40.2868
v -25.2276 167.913 30.4626
v -23.5129 165.031 39.8835
v -24.6505 166.591 29.9528
v -22.9357 163.708 39.3737
v -25.2276 165.209 29.6352
v -23.5129 162.327 39.056
v -26.6208 164.578 29.6957
v -24.9061 161.696 39.1166
v -28.0141 165.067 30.0989
v -26.2994 162.185 39.5198
v -26.6208 166.49 30.2808
v -24.9061 163.608 39.7017
v -28.3884 167.377 29.9831
v -23.7096 175.756 27.1718
v -27.8707 166.668 28.7295
v -23.1919 175.047 25.9182
v -26.6208 165.854 28.3847
v -21.942 174.233 25.5734
v -25.371 165.413 29.1505
v -20.6922 173.792 26.3392
v -24.8533 165.603 30.5785
v -20.1744 173.982 27.7671
v -25.371 166.313 31.832
v -20.6922 174.692 29.0207
v -26.6208 167.126 32.1769
v -21.942 175.505 29.3656
v -27.8707 167.567 31.4111
v -23.1919 175.946 28.5997
v -26.6208 166.49 30.2808
v -21.942 174.869 27.4695
v -32.0095 159.379 24.6262
v -30.4325 167.653 30.0172
v -31.431 160.074 23.3909
v -29.854 168.347 28.7819
v -30.0345 160.207 22.7783
v -28.4575 168.48 28.1693
v -28.638 159.7 23.1473
v -27.061 167.974 28.5384
v -28.0595 158.851 24.2818
v -26.4825 167.124 29.6728
v -28.638 158.156 25.5171
v -27.061 166.429 30.9081
v -30.0345 158.023 26.1296
v -28.4575 166.296 31.5207
v -31.431 158.53 25.7606
v -29.854 166.803 31.1516
v -30.0345 159.115 24.454
v -28.4575 167.388 29.845
v -30.4528 167.256 29.8817
v -31.1402 176.87 27.2179
v -29.8684 166.917 28.5081
v -30.5558 176.531 25.8443
v -28.4575 166.854 27.9176
v -29.1449 176.468 25.2538
v -27.0466 167.104 28.4562
v -27.734 176.719 25.7924
v -26.4622 167.521 29.8083
v -27.1496 177.135 27.1445
v -27.0466 167.86 31.1819
v -27.734 177.474 28.5181
v -28.4575 167.922 31.7724
v -29.1449 177.536 29.1086
v -29.8684 167.672 31.2338
v -30.5558 177.286 28.57
v -28.4575 167.388 29.845
v -29.1449 177.002 27.1812
v -30.4563 167.398 29.913
v -30.1131 168.816 39.806
v -29.8709 168.795 29.6924
v -29.5277 170.213 39.5854
v -28.4575 169.368 29.5613
v -28.1143 170.786 39.4543
v -27.0441 168.781 29.5963
v -26.7009 170.199 39.4893
v -26.4587 167.379 29.7771
v -26.1155 168.797 39.6701
v -27.0441 165.982 29.9976
v -26.7009 167.399 39.8906
v -28.4575 165.409 30.1287
v -28.1143 166.826 40.0218
v -29.8709 165.995 30.0937
v -29.5277 167.413 39.9867
v -28.4575 167.388 29.845
v -28.1143 168.806 39.738
v -30.2418 168.157 30.3202
v -25.724 175.745 35.0119
v -29.7192 168.675 28.9781
v -25.2014 176.264 33.6698
v -28.4575 168.44 28.1439
v -23.9398 176.028 32.8356
v -27.1958 167.589 28.3061
v -22.6781 175.177 32.9978
v -26.6732 166.62 29.3698
v -22.1555 174.208 34.0615
v -27.1958 166.101 30.7119
v -22.6781 173.689 35.4035
v -28.4575 166.337 31.5461
v -23.9398 173.925 36.2378
v -29.7192 167.188 31.3839
v -25.2014 174.776 36.0755
v -28.4575 167.388 29.845
v -23.9398 174.976 34.5367
v -25.9365 175.009 34.6457
v -25.3676 177.881 44.2074
v -25.3517 176.354 34.2069
v -24.7828 179.226 43.7687
v -23.9398 176.892 33.9613
v -23.3708 179.764 43.5231
v -22.5278 176.308 34.0528
v -21.9589 179.18 43.6146
v -21.943 174.944 34.4277
v -21.3741 177.816 43.9895
v -22.5278 173.599 34.8665
v -21.9589 176.471 44.4282
v -23.9398 173.061 35.112
v -23.3708 175.933 44.6738
v -25.3517 173.645 35.0206
v -24.7828 176.517 44.5824
v -23.9398 174.976 34.5367
v -23.3708 177.848 44.0985
v -25.5603 176.148 34.5679
v -19.6995 184.248 34.7835
v -25.0856 175.843 33.145
v -19.2248 183.942 33.3607
v -23.9398 175.03 32.5374
v -18.0789 183.129 32.7531
v -22.7939 174.185 33.1009
v -16.9331 182.285 33.3166
v -22.3193 173.805 34.5055
v -16.4584 181.904 34.7211
v -22.7939 174.11 35.9283
v -16.9331 182.21 36.144
v -23.9398 174.923 36.536
v -18.0789 183.023 36.7516
v -25.0856 175.767 35.9725
v -19.2248 183.867 36.1881
v -23.9398 174.976 34.5367
v -18.0789 183.076 34.7523
v -25.8765 174.648 34.9119
v -28.3712 181.03 27.6289
v -25.3093 173.68 33.87
v -27.8039 180.063 26.5869
v -23.9398 173.472 33.2185
v -26.4344 179.855 25.9355
v -22.5703 174.145 33.3393
v -25.0649 180.528 26.0563
v -22.003 175.305 34.1614
v -24.4977 181.688 26.8784
v -22.5703 176.272 35.2034
v -25.0649 182.655 27.9204
v -23.9398 176.481 35.8548
v -26.4344 182.863 28.5718
v -25.3093 175.807 35.7341
v -27.8039 182.19 28.4511
v -23.9398 174.976 34.5367
v -26.4344 181.359 27.2537
v -28.3488 181.207 27.8125
v -31.2437 183.712 18.5741
v -27.7881 179.887 27.2788
v -30.683 182.391 18.0404
v -26.4344 179.428 26.7304
v -29.3293 181.933 17.492
v -25.0808 180.101 26.4885
v -27.9756 182.605 17.2501
v -24.5201 181.51 26.6949
v -27.4149 184.015 17.4565
v -25.0808 182.831 27.2286
v -27.9756 185.335 17.9902
v -26.4344 183.289 27.777
v -29.3293 185.793 18.5386
v -27.7881 182.617 28.0188
v -30.683 185.121 18.7805
v -26.4344 181.359 27.2537
v -29.3293 183.863 18.0153
v -28.4102 181.497 26.9758
v -26.8572 185.912 18.1384
v -27.8315 180.192 26.4252
v -26.2785 184.606 17.5878
v -26.4344 179.57 26.3599
v -24.8815 183.984 17.5225
v -25.0374 179.995 26.8182
v -23.4844 184.41 17.9808
v -24.4587 181.22 27.5315
v -22.9057 185.634 18.6941
v -25.0374 182.526 28.0821
v -23.4844 186.94 19.2447
v -26.4344 183.148 28.1474
v -24.8815 187.562 19.31
v -27.8315 182.722 27.6892
v -26.2785 187.137 18.8518
v -26.4344 181.359 27.2537
v -24.8815 185.773 18.4163
v -25.9071 175.219 34.2711
v -24.1082 181.855 27.01
v -25.3309 174.104 33.3948
v -23.5319 180.74 26.1337
v -23.9398 173.5 33.1874
v -22.1408 180.136 25.9263
v -22.5486 173.761 33.7704
v -20.7497 180.397 26.5093
v -21.9724 174.734 34.8023
v -20.1734 181.37 27.5412
v -22.5486 175.849 35.6786
v -20.7497 182.485 28.4174
v -23.9398 176.453 35.886
v -22.1408 183.089 28.6248
v -25.3309 176.192 35.303
v -23.5319 182.828 28.0419
v -23.9398 174.976 34.5367
v -22.1408 181.613 27.2756
v -24.1038 181.945 27.0852
v -22.1898 190.46 22.2043
v -23.5289 181.144 25.914
v -21.6148 189.66 21.0331
v -22.1408 180.618 25.5404
v -20.2267 189.134 20.6595
v -20.7527 180.675 26.1832
v -18.8387 189.19 21.3023
v -20.1778 181.281 27.4659
v -18.2637 189.796 22.585
v -20.7527 182.081 28.6371
v -18.8387 190.597 23.7562
v -22.1408 182.607 29.0108
v -20.2267 191.123 24.1299
v -23.5289 182.551 28.3679
v -21.6148 191.066 23.487
v -22.1408 181.613 27.2756
v -20.2267 190.128 22.3947
v -24.1106 181.857 27.0297
v -22.3781 188.795 20.0396
v -23.5336 180.781 26.1054
v -21.8012 187.72 19.1154
v -22.1408 180.193 25.8666
v -20.4084 187.131 18.8766
v -20.748 180.436 26.4532
v -19.0155 187.374 19.4631
v -20.171 181.369 27.5215
v -18.4386 188.307 20.5314
v -20.748 182.444 28.4457
v -19.0155 189.382 21.4557
v -22.1408 183.032 28.6845
v -20.4084 189.97 21.6944
v -23.5336 182.789 28.098
v -21.8012 189.727 21.1079
v -22.1408 181.613 27.2756
v -20.4084 188.551 20.2855
v -30.4294 167.668 29.6625
v -28.7582 175.927 24.2779
v -29.8518 166.814 28.5313
v -28.1807 175.073 23.1467
v -28.4575 166.296 28.1696
v -26.7864 174.555 22.785
v -27.0632 166.418 28.7894
v -25.392 174.677 23.4048
v -26.4856 167.108 30.0275
v -24.8145 175.367 24.6429
v -27.0632 167.963 31.1588
v -25.392 176.222 25.7742
v -28.4575 168.481 31.5204
v -26.7864 176.74 26.1358
v -29.8518 168.359 30.9006
v -28.1807 176.618 25.516
v -28.4575 167.388 29.845
v -26.7864 175.647 24.4604
v -30.1892 168.313 30.227
v -25.1864 176.316 33.5331
v -29.682 168.582 28.8081
v -24.6792 176.585 32.1142
v -28.4575 168.152 27.9965
v -23.4547 176.155 31.3026
v -27.233 167.274 28.2678
v -22.2302 175.277 31.5739
v -26.7258 166.464 29.463
v -21.723 174.466 32.7691
v -27.233 166.194 30.8819
v -22.2302 174.197 34.188
v -28.4575 166.625 31.6935
v -23.4547 174.627 34.9996
v -29.682 167.502 31.4222
v -24.6792 175.505 34.7283
v -28.4575 167.388 29.845
v -23.4547 175.391 33.1511
v -30.4452 167.54 30.0072
v -29.3364 174.318 37.2749
v -29.863 168.529 28.9951
v -28.7542 175.308 36.2628
v -28.4575 168.851 28.4809
v -27.3487 175.63 35.7486
v -27.052 168.316 28.7657
v -25.9432 175.094 36.0335
v -26.4698 167.237 29.6828
v -25.361 174.016 36.9506
v -27.052 166.247 30.6949
v -25.9432 173.026 37.9627
v -28.4575 165.926 31.2092
v -27.3487 172.704 38.4769
v -29.863 166.461 30.9243
v -28.7542 173.24 38.192
v -28.4575 167.388 29.845
v -27.3487 174.167 37.1127
v -29.3288 174.413 37.2507
v -27.9203 183.044 42.0993
v -28.7488 175.033 35.9773
v -27.3403 183.665 40.8259
v -27.3487 175.147 35.369
v -25.9402 183.778 40.2176
v -25.9486 174.686 35.7822
v -24.5401 183.318 40.6308
v -25.3687 173.921 36.9748
v -23.9601 182.553 41.8234
v -25.9486 173.301 38.2482
v -24.5401 181.932 43.0968
v -27.3487 173.188 38.8565
v -25.9402 181.819 43.7051
v -28.7488 173.648 38.4433
v -27.3403 182.28 43.2919
v -27.3487 174.167 37.1127
v -25.9402 182.799 41.9614
v -27.9075 182.457 41.8469
v -29.7081 191.784 44.9735
v -27.3313 183.007 40.5395
v -29.1319 192.333 43.6662
v -25.9402 183.434 40.0651
v -27.7408 192.761 43.1917
v -24.5491 183.49 40.7014
v -26.3497 192.816 43.8281
v -23.9729 183.14 42.0758
v -25.7735 192.467 45.2025
v -24.5491 182.591 43.3832
v -26.3497 191.917 46.5098
v -25.9402 182.163 43.8576
v -27.7408 191.489 46.9843
v -27.3313 182.108 43.2213
v -29.1319 191.434 46.3479
v -25.9402 182.799 41.9614
v -27.7408 192.125 45.088
v -27.9402 182.799 41.9613
v -27.9404 192.328 44.9929
v -27.3544 183.227 40.6137
v -27.3546 192.757 43.6452
v -25.9402 183.405 40.0555
v -25.9404 192.934 43.087
v -24.526 183.228 40.6137
v -24.5262 192.757 43.6453
v -23.9402 182.799 41.9614
v -23.9404 192.328 44.9929
v -24.526 182.37 43.309
v -24.5262 191.899 46.3406
v -25.9402 182.192 43.8672
v -25.9404 191.722 46.8988
v -27.3544 182.37 43.309
v -27.3546 191.899 46.3406
v -25.9402 182.799 41.9614
v -25.9404 192.328 44.9929
v -29.1591 174.428 37.9216
v -24.9091 177.209 46.5357
v -28.6289 175.697 37.2502
v -24.3788 178.479 45.8642
v -27.3487 176.07 36.4982
v -23.0987 178.852 45.1123
v -26.0686 175.328 36.1062
v -21.8185 178.109 44.7203
v -25.5383 173.906 36.3038
v -21.2883 176.687 44.9179
v -26.0686 172.637 36.9753
v -21.8185 175.418 45.5893
v -27.3487 172.264 37.7272
v -23.0987 175.045 46.3413
v -28.6289 173.006 38.1192
v -24.3788 175.787 46.7333
v -27.3487 174.167 37.1127
v -23.0987 176.948 45.7268
v -29.3396 174.249 37.2849
v -28.3853 178.54 46.2671
v -28.7565 175.501 36.6249
v -27.8022 179.792 45.6071
v -27.3487 175.972 36.2507
v -26.3945 180.262 45.2328
v -25.941 175.385 36.3814
v -24.9867 179.676 45.3636
v -25.3578 174.085 36.9405
v -24.4036 178.375 45.9227
v -25.941 172.833 37.6005
v -24.9867 177.123 46.5827
v -27.3487 172.362 37.9748
v -26.3945 176.653 46.957
v -28.7565 172.949 37.8441
v -27.8022 177.24 46.8262
v -27.3487 174.167 37.1127
v -26.3945 178.458 46.0949
v -29.3458 174.098 37.0294
v -29.886 180.455 44.73
v -28.7609 175.209 36.1535
v -29.3011 181.566 43.8542
v -27.3487 175.709 35.8395
v -27.8889 182.066 43.5402
v -25.9366 175.306 36.2714
v -26.4768 181.663 43.972
v -25.3516 174.236 37.1961
v -25.8919 180.593 44.8967
v -25.9366 173.125 38.0719
v -26.4768 179.482 45.7726
v -27.3487 172.625 38.3859
v -27.8889 178.981 46.0866
v -28.7609 173.028 37.9541
v -29.3011 179.385 45.6547
v -27.3487 174.167 37.1127
v -27.8889 180.524 44.8134
v -29.8856 180.595 44.9047
v -29.3072 186.727 52.7829
v -29.3008 181.69 44.0093
v -28.7224 187.822 51.8876
v -27.8889 182.102 43.585
v -27.3105 188.234 51.4632
v -26.4771 181.59 43.8802
v -25.8987 187.721 51.7585
v -25.8923 180.453 44.7221
v -25.3139 186.584 52.6003
v -26.4771 179.358 45.6174
v -25.8987 185.489 53.4957
v -27.8889 178.945 46.0418
v -27.3105 185.077 53.92
v -29.3008 179.458 45.7465
v -28.7224 185.59 53.6248
v -27.8889 180.524 44.8134
v -27.3105 186.656 52.6916
v -29.2877 186.414 52.5109
v -30.7947 194.326 58.4385
v -28.7086 187.333 51.4321
v -30.2156 195.245 57.3596
v -27.3105 187.855 51.091
v -28.8176 195.766 57.0186
v -25.9125 187.674 51.6876
v -27.4195 195.586 57.6152
v -25.3334 186.897 52.8724
v -26.8404 194.808 58.7999
v -25.9125 185.978 53.9512
v -27.4195 193.89 59.8788
v -27.3105 185.456 54.2922
v -28.8176 193.368 60.2198
v -28.7086 185.637 53.6956
v -30.2156 193.549 59.6232
v -27.3105 186.656 52.6916
v -28.8176 194.567 58.6192
v -29.27 187.056 52.6675
v -27.2657 196.835 52.0783
v -28.6961 186.853 51.2629
v -26.6918 196.633 50.6737
v -27.3105 186.535 50.6953
v -25.3063 196.315 50.1061
v -25.925 186.288 51.297
v -23.9208 196.067 50.7078
v -25.3511 186.255 52.7157
v -23.3469 196.035 52.1265
v -25.925 186.458 54.1203
v -23.9208 196.237 53.5311
v -27.3105 186.776 54.688
v -25.3063 196.555 54.0988
v -28.6961 187.024 54.0862
v -26.6918 196.803 53.497
v -27.3105 186.656 52.6916
v -25.3063 196.435 52.1024
v -29.8838 180.625 44.9154
v -29.1651 187.649 51.9971
v -29.2995 181.599 43.8896
v -28.5808 188.623 50.9713
v -27.8889 181.944 43.405
v -27.1702 188.968 50.4866
v -26.4784 181.456 43.7453
v -25.7597 188.48 50.827
v -25.8941 180.423 44.7113
v -25.1754 187.446 51.793
v -26.4784 179.448 45.7371
v -25.7597 186.472 52.8188
v -27.8889 179.104 46.2218
v -27.1702 186.128 53.3034
v -29.2995 179.591 45.8814
v -28.5808 186.615 52.9631
v -27.8889 180.524 44.8134
v -27.1702 187.548 51.895
v -29.0306 187.607 51.1633
v -32.7014 186.856 60.4348
v -28.4857 188.999 51.4917
v -32.1565 188.248 60.7633
v -27.1702 189.541 52.0565
v -30.841 188.79 61.328
v -25.8548 188.915 52.5266
v -29.5255 188.165 61.7982
v -25.3099 187.488 52.6268
v -28.9806 186.738 61.8983
v -25.8548 186.096 52.2983
v -29.5255 185.345 61.5699
v -27.1702 185.554 51.7336
v -30.841 184.803 61.0052
v -28.4857 186.18 51.2635
v -32.1565 185.429 60.535
v -27.1702 187.548 51.895
v -30.841 186.797 61.1666
v -29.1252 187.126 51.8668
v -31.2358 196.879 52.5204
v -28.5526 187.344 50.464
v -30.6632 197.097 51.1176
v -27.1702 187.681 49.8995
v -29.2809 197.434 50.5531
v -25.7879 187.94 50.5039
v -27.8985 197.693 51.1575
v -25.2153 187.969 51.9233
v -27.3259 197.722 52.5768
v -25.7879 187.751 53.326
v -27.8985 197.504 53.9796
v -27.1702 187.414 53.8906
v -29.2809 197.167 54.5441
v -28.5526 187.155 53.2861
v -30.6632 196.908 53.9397
v -27.1702 187.548 51.895
v -29.2809 197.3 52.5486
v -29.1442 187.845 52.0184
v -27.5362 196.959 55.8047
v -28.566 188.3 50.6763
v -26.958 197.415 54.4625
v -27.1702 188.315 50.048
v -25.5622 197.43 53.8343
v -25.7744 187.88 50.5018
v -24.1664 196.995 54.288
v -25.1963 187.251 51.7717
v -23.5882 196.365 55.5579
v -25.7744 186.795 53.1138
v -24.1664 195.91 56.9001
v -27.1702 186.78 53.742
v -25.5622 195.895 57.5283
v -28.566 187.215 53.2883
v -26.958 196.33 57.0746
v -27.1702 187.548 51.895
v -25.5622 196.662 55.6813
v -27.4858 196.157 55.4703
v -30.2235 205.032 59.1772
v -26.9224 196.85 54.2271
v -29.6601 205.725 57.9341
v -25.5622 197.433 53.8358
v -28.2999 206.308 57.5428
v -24.202 197.565 54.5256
v -26.9397 206.439 58.2325
v -23.6386 197.168 55.8923
v -26.3763 206.042 59.5993
v -24.202 196.474 57.1355
v -26.9397 205.349 60.8424
v -25.5622 195.891 57.5268
v -28.2999 204.766 61.2337
v -26.9224 195.76 56.837
v -29.6601 204.635 60.544
v -25.5622 196.662 55.6813
v -28.2999 205.537 59.3882
v -27.5341 196.834 55.9679
v -25.8627 201.909 64.4207
v -26.9565 197.996 55.156
v -25.2851 203.072 63.6088
v -25.5622 198.377 54.6518
v -23.8908 203.452 63.1046
v -24.1679 197.753 54.7507
v -22.4965 202.828 63.2035
v -23.5903 196.49 55.3947
v -21.919 201.565 63.8475
v -24.1679 195.328 56.2066
v -22.4965 200.403 64.6594
v -25.5622 194.948 56.7108
v -23.8908 200.023 65.1636
v -26.9565 195.572 56.6119
v -25.2851 200.647 65.0647
v -25.5622 196.662 55.6813
v -23.8908 201.737 64.1341
v -27.3734 197.437 55.3361
v -23.1324 205.709 51.6509
v -26.8429 196.635 54.1454
v -22.6019 204.907 50.4602
v -25.5622 195.848 53.8544
v -21.3212 204.121 50.1691
v -24.2815 195.539 54.6335
v -20.0405 203.811 50.9483
v -23.751 195.887 56.0265
v -19.51 204.16 52.3412
v -24.2815 196.69 57.2172
v -20.0405 204.962 53.5319
v -25.5622 197.476 57.5082
v -21.3212 205.749 53.823
v -26.8429 197.786 56.7291
v -22.6019 206.058 53.0438
v -25.5622 196.662 55.6813
v -21.3212 204.935 51.996
v -23.2097 205.523 52.2917
v -19.9177 213.96 56.5317
v -22.6566 205.986 50.9415
v -19.3645 214.423 55.1815
v -21.3212 205.833 50.209
v -18.0291 214.27 54.449
v -19.9858 205.154 50.5234
v -16.6938 213.591 54.7633
v -19.4327 204.346 51.7004
v -16.1406 212.784 55.9404
v -19.9858 203.884 53.0506
v -16.6938 212.321 57.2906
v -21.3212 204.037 53.7831
v -18.0291 212.474 58.0231
v -22.6566 204.716 53.4687
v -19.3645 213.153 57.7087
v -21.3212 204.935 51.996
v -18.0291 213.372 56.236
v -23.0343 205.951 52.1765
v -17.8742 214.385 53.6745
v -22.5326 205.901 50.7313
v -17.3724 214.334 52.2293
v -21.3212 205.284 50.0269
v -16.161 213.718 51.5249
v -20.1098 204.464 50.476
v -14.9497 212.897 51.974
v -19.608 203.919 51.8156
v -14.4479 212.352 53.3136
v -20.1098 203.969 53.2608
v -14.9497 212.403 54.7589
v -21.3212 204.585 53.9652
v -16.161 213.019 55.4632
v -22.5326 205.406 53.5161
v -17.3724 213.84 55.0141
v -21.3212 204.935 51.996
v -16.161 213.368 53.4941
v -27.5026 196.33 55.3284
v -29.9257 202.979 62.3938
v -26.9343 197.457 54.4626
v -29.3573 204.106 61.528
v -25.5622 198.119 54.3107
v -27.9853 204.768 61.3761
v -24.1901 197.927 54.9617
v -26.6132 204.576 62.0271
v -23.6218 196.994 56.0342
v -26.0449 203.643 63.0997
v -24.1901 195.867 56.9
v -26.6132 202.516 63.9655
v -25.5622 195.206 57.0519
v -27.9853 201.855 64.1174
v -26.9343 195.398 56.4009
v -29.3573 202.046 63.4664
v -25.5622 196.662 55.6813
v -27.9853 203.311 62.7467
v -29.816 204.092 62.9422
v -25.7898 212.972 65.1642
v -29.2798 204.207 61.5131
v -25.2536 213.087 63.735
v -27.9853 203.797 60.8066
v -23.959 212.677 63.0285
v -26.6907 203.102 61.2366
v -22.6645 211.982 63.4586
v -26.1545 202.53 62.5513
v -22.1283 211.41 64.7732
v -26.6907 202.416 63.9804
v -22.6645 211.295 66.2024
v -27.9853 202.826 64.6869
v -23.959 211.706 66.9089
v -29.2798 203.52 64.2569
v -25.2536 212.4 66.4788
v -27.9853 203.311 62.7467
v -23.959 212.191 64.9687
v -29.6127 202.617 61.8146
v -35.4252 207.479 68.3396
v -29.1361 203.954 61.2426
v -34.9485 208.816 67.7676
v -27.9853 204.915 61.5517
v -33.7977 209.777 68.0767
v -26.8345 204.936 62.5609
v -32.6469 209.799 69.0858
v -26.3578 204.006 63.6789
v -32.1702 208.868 70.2038
v -26.8345 202.668 64.2509
v -32.6469 207.531 70.7758
v -27.9853 201.708 63.9418
v -33.7977 206.57 70.4667
v -29.1361 201.686 62.9326
v -34.9485 206.548 69.4576
v -27.9853 203.311 62.7467
v -33.7977 208.173 69.2717
v -29.1406 187.297 51.6609
v -30.8546 194.494 58.3889
v -28.5635 188.336 50.6964
v -30.2775 195.533 57.4243
v -27.1702 188.913 50.434
v -28.8842 196.11 57.1619
v -25.777 188.69 51.0275
v -27.4909 195.887 57.7554
v -25.1998 187.798 52.1291
v -26.9138 194.995 58.8571
v -25.777 186.759 53.0937
v -27.4909 193.956 59.8216
v -27.1702 186.182 53.3561
v -28.8842 193.379 60.084
v -28.5635 186.405 52.7626
v -30.2775 193.602 59.4905
v -27.1702 187.548 51.895
v -28.8842 194.745 58.623
v -30.716 194.874 57.8305
v -34.7308 193.401 66.8699
v -30.1795 196.232 58.2901
v -34.1943 194.759 67.3295
v -28.8842 196.719 58.9447
v -32.899 195.245 67.9841
v -27.589 196.049 59.4108
v -31.6038 194.576 68.4502
v -27.0525 194.615 59.4155
v -31.0673 193.142 68.4549
v -27.589 193.257 58.9559
v -31.6038 191.784 67.9953
v -28.8842 192.771 58.3013
v -32.899 191.297 67.3407
v -30.1795 193.44 57.8351
v -34.1943 191.967 66.8745
v -28.8842 194.745 58.623
v -32.899 193.271 67.6624
v -30.8312 194.301 58.5086
v -33.1196 203.727 60.942
v -30.2609 194.785 57.1728
v -32.5494 204.21 59.6062
v -28.8842 195.245 56.6865
v -31.1727 204.67 59.1199
v -27.5075 195.411 57.3346
v -29.796 204.837 59.768
v -26.9373 195.188 58.7374
v -29.2258 204.613 61.1708
v -27.5075 194.704 60.0732
v -29.796 204.13 62.5066
v -28.8842 194.245 60.5595
v -31.1727 203.67 62.9929
v -30.2609 194.078 59.9114
v -32.5494 203.503 62.3448
v -28.8842 194.745 58.623
v -31.1727 204.17 61.0564
v -30.882 194.653 58.6489
v -31.3566 204.261 55.9174
v -30.2969 194.293 57.281
v -30.7714 203.901 54.5495
v -28.8842 194.198 56.6992
v -29.3588 203.806 53.9677
v -27.4716 194.422 57.2443
v -27.9462 204.03 54.5128
v -26.8865 194.836 58.597
v -27.3611 204.444 55.8655
v -27.4716 195.196 59.9649
v -27.9462 204.804 57.2334
v -28.8842 195.292 60.5467
v -29.3588 204.899 57.8152
v -30.2969 195.067 60.0016
v -30.7714 204.675 57.2701
v -28.8842 194.745 58.623
v -29.3588 204.353 55.8914
v -31.2783 203.806 56.0212
v -34.0873 213.144 53.8039
v -30.7161 203.639 54.6073
v -33.5251 212.977 52.3899
v -29.3588 203.891 53.9455
v -32.1678 213.228 51.7282
v -28.0015 204.412 54.4237
v -30.8106 213.75 52.2064
v -27.4393 204.899 55.7616
v -30.2484 214.237 53.5443
v -28.0015 205.066 57.1756
v -30.8106 214.404 54.9583
v -29.3588 204.815 57.8373
v -32.1678 214.152 55.62
v -30.7161 204.293 57.3592
v -33.5251 213.631 55.1418
v -29.3588 204.353 55.8914
v -32.1678 213.69 53.6741
v -31.288 204.879 55.8578
v -28.6513 214.505 55.2425
v -30.723 204.634 54.4563
v -28.0863 214.261 53.841
v -29.3588 204.225 53.8955
v -26.7221 213.851 53.2802
v -27.9946 203.89 54.5039
v -25.3579 213.517 53.8886
v -27.4296 203.826 55.9251
v -24.7929 213.453 55.3097
v -27.9946 204.071 57.3265
v -25.3579 213.697 56.7112
v -29.3588 204.48 57.8874
v -26.7221 214.107 57.272
v -30.723 204.815 57.279
v -28.0863 214.441 56.6636
v -29.3588 204.353 55.8914
v -26.7221 213.979 55.2761
v -30.8833 194.704 58.5765
v -31.1926 201.302 66.0844
v -30.2978 195.778 57.6565
v -30.6071 202.376 65.1644
v -28.8842 196.247 57.3027
v -29.1935 202.845 64.8105
v -27.4707 195.836 57.7222
v -27.78 202.434 65.2301
v -26.8852 194.785 58.6694
v -27.1945 201.384 66.1773
v -27.4707 193.711 59.5894
v -27.78 200.309 67.0972
v -28.8842 193.242 59.9432
v -29.1935 199.841 67.4511
v -30.2978 193.653 59.5237
v -30.6071 200.252 67.0315
v -28.8842 194.745 58.623
v -29.1935 201.343 66.1308
v -31.1716 201.513 66.3724
v -29.6938 207.212 74.4556
v -30.5922 202.619 65.4867
v -29.1145 208.318 73.57
v -29.1935 202.977 64.9784
v -27.7158 208.676 73.0616
v -27.7948 202.378 65.1451
v -26.3171 208.077 73.2284
v -27.2155 201.173 65.8893
v -25.7378 206.871 73.9725
v -27.7948 200.067 66.7749
v -26.3171 205.765 74.8581
v -29.1935 199.708 67.2832
v -27.7158 205.407 75.3665
v -30.5922 200.307 67.1165
v -29.1145 206.006 75.1998
v -29.1935 201.343 66.1308
v -27.7158 207.042 74.2141
v -31.1793 201.153 65.9874
v -32.3707 209.081 71.9635
v -30.5977 202.059 64.9001
v -31.789 209.988 70.8762
v -29.1935 202.547 64.5337
v -30.3849 210.475 70.5098
v -27.7894 202.329 65.1029
v -28.9808 210.257 71.079
v -27.2078 201.533 66.2742
v -28.3991 209.462 72.2504
v -27.7894 200.626 67.3616
v -28.9808 208.555 73.3377
v -29.1935 200.139 67.728
v -30.3849 208.068 73.7041
v -30.5977 200.357 67.1588
v -31.789 208.286 73.1349
v -29.1935 201.343 66.1308
v -30.3849 209.272 72.1069
v -30.8444 195.002 58.9251
v -28.8591 201.361 66.3831
v -30.2703 196.003 57.9191
v -28.285 202.362 65.377
v -28.8842 196.266 57.3253
v -26.8989 202.625 64.7833
v -27.4982 195.639 57.4918
v -25.5129 201.998 64.9498
v -26.924 194.487 58.3208
v -24.9387 200.846 65.7788
v -27.4982 193.486 59.3269
v -25.5129 199.845 66.7849
v -28.8842 193.223 59.9206
v -26.8989 199.582 67.3786
v -30.2703 193.851 59.7542
v -28.285 200.21 67.2122
v -28.8842 194.745 58.623
v -26.8989 201.104 66.081
v -28.8894 201.194 65.9087
v -29.8623 196.565 74.7191
v -28.3064 202.419 66.617
v -29.2793 197.79 75.4273
v -26.8989 202.874 67.0113
v -27.8718 198.245 75.8216
v -25.4914 202.291 66.8606
v -26.4643 197.662 75.6709
v -24.9084 201.013 66.2532
v -25.8813 196.384 75.0636
v -25.4914 199.788 65.5449
v -26.4643 195.158 74.3553
v -26.8989 199.333 65.1507
v -27.8718 194.704 73.961
v -28.3064 199.916 65.3014
v -29.2793 195.286 74.1117
v -26.8989 201.104 66.081
v -27.8718 196.474 74.8913
v -28.8823 201.315 66.2284
v -27.5948 209.446 71.9045
v -28.3014 202.062 65.0256
v -27.0138 210.194 70.7017
v -26.8989 202.248 64.441
v -25.6114 210.38 70.1172
v -25.4965 201.764 64.8171
v -24.209 209.895 70.4933
v -24.9156 200.892 65.9336
v -23.628 209.024 71.6098
v -25.4965 200.145 67.1364
v -24.209 208.276 72.8126
v -26.8989 199.959 67.7209
v -25.6114 208.09 73.3971
v -28.3014 200.443 67.3448
v -27.0138 208.575 73.021
v -26.8989 201.104 66.081
v -25.6114 209.235 71.7572
v -28.8813 201.165 66.339
v -27.5554 203.445 75.9849
v -28.3007 202.523 65.9381
v -26.9748 204.803 75.5839
v -26.8989 203.05 65.6208
v -25.5731 205.33 75.2667
v -25.4972 202.437 65.5731
v -24.1713 204.717 75.219
v -24.9166 201.043 65.8229
v -23.5907 203.323 75.4687
v -25.4972 199.684 66.2238
v -24.1713 201.964 75.8697
v -26.8989 199.157 66.5411
v -25.5731 201.438 76.1869
v -28.3007 199.77 66.5888
v -26.9748 202.051 76.2346
v -26.8989 201.104 66.081
v -25.5731 203.384 75.7268
v -27.3651 204.013 76.3534
v -22.9245 210.363 82.6751
v -26.8402 204.827 75.1677
v -22.3996 211.176 81.4894
v -25.5731 204.795 74.3095
v -21.1325 211.145 80.6312
v -24.3059 203.937 74.2815
v -19.8653 210.286 80.6033
v -23.7811 202.755 75.1002
v -19.3405 209.104 81.4219
v -24.3059 201.941 76.2859
v -19.8653 208.291 82.6076
v -25.5731 201.973 77.1441
v -21.1325 208.322 83.4658
v -26.8402 202.831 77.1721
v -22.3996 209.181 83.4938
v -25.5731 203.384 75.7268
v -21.1325 209.733 82.0485
v -27.5137 203.558 76.1783
v -25.0949 207.043 85.2337
v -26.9453 204.827 75.538
v -24.5265 208.312 84.5934
v -25.5731 205.25 75.0083
v -23.1543 208.736 84.0637
v -24.2008 204.581 74.8995
v -21.7821 208.066 83.9549
v -23.6324 203.21 75.2753
v -21.2137 206.696 84.3307
v -24.2008 201.941 75.9156
v -21.7821 205.427 84.971
v -25.5731 201.517 76.4453
v -23.1543 205.003 85.5006
v -26.9453 202.187 76.5541
v -24.5265 205.673 85.6095
v -25.5731 203.384 75.7268
v -23.1543 206.869 84.7822
v -28.5519 202.224 66.1914
v -22.9223 210.449 67.0019
v -28.0678 202.035 64.7516
v -22.4382 210.26 65.5622
v -26.8989 201.3 64.0906
v -21.2694 209.525 64.9012
v -25.7301 200.45 64.5955
v -20.1005 208.675 65.406
v -25.246 199.983 65.9705
v -19.6164 208.208 66.7811
v -25.7301 200.173 67.4103
v -20.1005 208.398 68.2208
v -26.8989 200.907 68.0713
v -21.2694 209.132 68.8819
v -28.0678 201.757 67.5664
v -22.4382 209.982 68.377
v -26.8989 201.104 66.081
v -21.2694 209.329 66.8915
v -23.1136 209.908 67.4048
v -19.2444 216.808 73.5214
v -22.5734 210.676 66.1962
v -18.7042 217.577 72.3127
v -21.2694 210.655 65.3948
v -17.4002 217.556 71.5114
v -19.9653 209.857 65.4702
v -16.0961 216.758 71.5868
v -19.4251 208.75 66.3782
v -15.5559 215.65 72.4948
v -19.9653 207.981 67.5869
v -16.0961 214.882 73.7034
v -21.2694 208.002 68.3882
v -17.4002 214.902 74.5047
v -22.5734 208.8 68.3128
v -18.7042 215.701 74.4293
v -21.2694 209.329 66.8915
v -17.4002 216.229 73.0081
v -23.1447 210.021 66.8283
v -19.6699 219.359 65.9761
v -22.5955 209.689 65.4385
v -19.1207 219.028 64.5863
v -21.2694 209.147 64.8998
v -17.7946 218.485 64.0476
v -19.9433 208.711 65.5278
v -16.4685 218.049 64.6756
v -19.394 208.637 66.9547
v -15.9192 217.975 66.1025
v -19.9433 208.968 68.3445
v -16.4685 218.306 67.4923
v -21.2694 209.51 68.8832
v -17.7946 218.848 68.031
v -22.5955 209.947 68.2552
v -19.1207 219.285 67.403
v -21.2694 209.329 66.8915
v -17.7946 218.667 66.0393
v -28.7791 201.624 66.5218
v -25.3699 208.796 72.5999
v -28.2284 202.386 65.3138
v -24.8192 209.558 71.3919
v -26.8989 202.397 64.5552
v -23.4897 209.568 70.6333
v -25.5694 201.65 64.6904
v -22.1602 208.822 70.7684
v -25.0188 200.583 65.6401
v -21.6095 207.755 71.7182
v -25.5694 199.821 66.8481
v -22.1602 206.993 72.9262
v -26.8989 199.811 67.6067
v -23.4897 206.982 73.6848
v -28.2284 200.557 67.4716
v -24.8192 207.729 73.5496
v -26.8989 201.104 66.081
v -23.4897 208.275 72.159
v -25.4832 208.248 72.0005
v -26.2874 209.921 81.8268
v -24.8993 209.65 71.8097
v -25.7035 211.323 81.636
v -23.4897 210.247 71.8235
v -24.2939 211.919 81.6498
v -22.0801 209.689 72.0339
v -22.8842 211.361 81.8602
v -21.4962 208.302 72.3176
v -22.3003 209.975 82.1439
v -22.0801 206.9 72.5084
v -22.8842 208.573 82.3347
v -23.4897 206.304 72.4946
v -24.2939 207.976 82.3209
v -24.8993 206.862 72.2842
v -25.7035 208.534 82.1105
v -23.4897 208.275 72.159
v -24.2939 209.948 81.9854
v -25.4325 208.64 71.8549
v -23.0572 216.102 65.6352
v -24.8634 207.628 70.8577
v -22.4882 215.089 64.638
v -23.4897 206.995 70.6228
v -21.1145 214.456 64.4031
v -22.116 207.112 71.2878
v -19.7407 214.573 65.0682
v -21.5469 207.91 72.4632
v -19.1717 215.372 66.2436
v -22.116 208.923 73.4604
v -19.7407 216.384 67.2408
v -23.4897 209.556 73.6953
v -21.1145 217.017 67.4757
v -24.8634 209.439 73.0303
v -22.4882 216.9 66.8106
v -23.4897 208.275 72.159
v -21.1145 215.737 65.9394
v -25.0975 209.068 73.0456
v -19.1498 214.429 79.0367
v -24.6266 209.89 71.8429
v -18.6789 215.25 77.8341
v -23.4897 209.766 70.8255
v -17.542 215.126 76.8167
v -22.3528 208.768 70.5892
v -16.4051 214.129 76.5804
v -21.8819 207.482 71.2725
v -15.9342 212.842 77.2637
v -22.3528 206.661 72.4751
v -16.4051 212.021 78.4663
v -23.4897 206.785 73.4926
v -17.542 212.145 79.4837
v -24.6266 207.782 73.7289
v -18.6789 213.142 79.72
v -23.4897 208.275 72.159
v -17.542 213.635 78.1502
v -19.1763 214.714 77.7424
v -13.412 222.357 74.852
v -18.6976 213.898 76.539
v -12.9333 221.541 73.6487
v -17.542 212.928 76.2795
v -11.7777 220.571 73.3891
v -16.3864 212.373 77.1157
v -10.622 220.016 74.2254
v -15.9077 212.557 78.558
v -10.1434 220.2 75.6676
v -16.3864 213.373 79.7613
v -10.622 221.016 76.871
v -17.542 214.343 80.0209
v -11.7777 221.986 77.1305
v -18.6976 214.898 79.1846
v -12.9333 222.541 76.2943
v -17.542 213.635 78.1502
v -11.7777 221.279 75.2598
v -19.1903 214.629 78.6948
v -13.5263 221.855 82.6567
v -18.7075 215.018 77.2952
v -13.0436 222.244 81.2572
v -17.542 214.597 76.3965
v -11.8781 221.823 80.3584
v -16.3765 213.613 76.525
v -10.7126 220.84 80.487
v -15.8937 212.642 77.6056
v -10.2298 219.869 81.5676
v -16.3765 212.253 79.0052
v -10.7126 219.48 82.9672
v -17.542 212.674 79.9039
v -11.8781 219.901 83.8659
v -18.7075 213.658 79.7753
v -13.0436 220.884 83.7373
v -17.542 213.635 78.1502
v -11.8781 220.862 82.1122
v -25.0687 209.498 72.268
v -18.931 217.362 72.9689
v -24.6062 209.265 70.8275
v -18.4685 217.129 71.5283
v -23.4897 208.453 70.1669
v -17.352 216.317 70.8678
v -22.3732 207.536 70.6733
v -16.2355 215.4 71.3742
v -21.9107 207.053 72.0501
v -15.773 214.916 72.7509
v -22.3732 207.285 73.4906
v -16.2355 215.149 74.1915
v -23.4897 208.098 74.1511
v -17.352 215.961 74.852
v -24.6062 209.014 73.6447
v -18.4685 216.878 74.3456
v -23.4897 208.275 72.159
v -17.352 216.139 72.8599
v -16.3414 214.448 73.204
v -8.33671 219.786 75.9299
v -17.0933 214.943 74.442
v -9.0886 220.281 77.1679
v -17.9967 216.139 74.7531
v -9.99205 221.477 77.479
v -18.5225 217.335 73.9553
v -10.5178 222.673 76.6812
v -18.3626 217.83 72.5157
v -10.3579 223.168 75.2416
v -17.6107 217.335 71.2778
v -9.60605 222.673 74.0037
v -16.7073 216.139 70.9667
v -8.7026 221.477 73.6926
v -16.1815 214.943 71.7645
v -8.17682 220.281 74.4904
v -17.352 216.139 72.8599
v -9.34733 221.477 75.5858
v -19.2118 216.26 73.5855
v -15.5336 217.793 82.7572
v -18.6671 217.62 73.1398
v -14.9889 219.153 82.3115
v -17.352 218.112 72.5302
v -13.6738 219.645 81.7019
v -16.0369 217.448 72.1137
v -12.3587 218.981 81.2854
v -15.4922 216.018 72.1343
v -11.814 217.551 81.306
v -16.0369 214.658 72.58
v -12.3587 216.191 81.7517
v -17.352 214.166 73.1896
v -13.6738 215.699 82.3613
v -18.6671 214.83 73.6061
v -14.9889 216.363 82.7778
v -17.352 216.139 72.8599
v -13.6738 217.672 82.0316
v -28.6941 201.977 65.9592
v -24.2861 210.867 64.719
v -28.1683 201.526 64.5942
v -23.7603 210.416 63.354
v -26.8989 200.827 64.1001
v -22.4909 209.717 62.86
v -25.6295 200.291 64.7664
v -21.2215 209.181 63.5263
v -25.1037 200.23 66.2028
v -20.6957 209.12 64.9626
v -25.6295 200.682 67.5677
v -21.2215 209.572 66.3276
v -26.8989 201.38 68.0618
v -22.4909 210.27 66.8216
v -28.1683 201.916 67.3955
v -23.7603 210.806 66.1553
v -26.8989 201.104 66.081
v -22.4909 209.994 64.8408
v -23.9134 211.328 64.3991
v -16.8836 218.08 62.1648
v -23.4967 210.493 63.1858
v -16.4669 217.245 60.9516
v -22.4909 209.365 62.942
v -15.4611 216.117 60.7077
v -21.4851 208.605 63.8105
v -14.4553 215.357 61.5762
v -21.0685 208.659 65.2825
v -14.0387 215.411 63.0482
v -21.4851 209.494 66.4957
v -14.4553 216.246 64.2614
v -22.4909 210.622 66.7395
v -15.4611 217.374 64.5052
v -23.4967 211.382 65.8711
v -16.4669 218.134 63.6368
v -22.4909 209.994 64.8408
v -15.4611 216.746 62.6065
v -24.4896 210.054 64.7991
v -24.1236 218.269 59.1094
v -23.9042 209.231 63.6487
v -23.5382 217.446 57.959
v -22.4909 208.855 63.1966
v -22.125 217.07 57.5069
v -21.0777 209.146 63.7076
v -20.7117 217.361 58.0179
v -20.4923 209.933 64.8824
v -20.1263 218.149 59.1927
v -21.0777 210.756 66.0329
v -20.7117 218.972 60.3432
v -22.4909 211.132 66.485
v -22.125 219.348 60.7953
v -23.9042 210.841 65.9739
v -23.5382 219.057 60.2842
v -22.4909 209.994 64.8408
v -22.125 218.209 59.1511
v -24.487 209.934 64.9515
v -25.1152 214.646 56.1534
v -23.9023 208.705 64.2515
v -24.5306 213.416 55.4534
v -22.4909 208.23 63.8966
v -23.1192 212.942 55.0985
v -21.0795 208.789 64.0948
v -21.7078 213.5 55.2967
v -20.4949 210.053 64.73
v -21.1231 214.764 55.9319
v -21.0795 211.282 65.4301
v -21.7078 215.994 56.632
v -22.4909 211.757 65.785
v -23.1192 216.468 56.9868
v -23.9023 211.198 65.5867
v -24.5306 215.91 56.7886
v -22.4909 209.994 64.8408
v -23.1192 214.705 56.0427
v -25.1109 214.789 56.2034
v -26.0173 210.181 47.3747
v -24.5276 213.511 56.8107
v -25.434 208.903 47.982
v -23.1192 212.932 56.9681
v -24.0256 208.324 48.1394
v -21.7108 213.392 56.5834
v -22.6172 208.784 47.7547
v -21.1274 214.621 55.882
v -22.0338 210.013 47.0533
v -21.7108 215.9 55.2747
v -22.6172 211.292 46.446
v -23.1192 216.478 55.1173
v -24.0256 211.87 46.2886
v -24.5276 216.018 55.502
v -25.434 211.41 46.6733
v -23.1192 214.705 56.0427
v -24.0256 210.097 47.214
v -25.0029 215.063 56.6117
v -28.3627 210.053 48.6359
v -24.4512 213.76 57.1973
v -27.811 208.75 49.2215
v -23.1192 213.011 57.1065
v -26.479 208.002 49.1308
v -21.7872 213.255 56.3926
v -25.147 208.245 48.4168
v -21.2354 214.348 55.4737
v -24.5952 209.338 47.4979
v -21.7872 215.65 54.8881
v -25.147 210.64 46.9123
v -23.1192 216.399 54.9788
v -26.479 211.389 47.0031
v -24.4512 216.155 55.6928
v -27.811 211.145 47.717
v -23.1192 214.705 56.0427
v -26.479 209.695 48.0669
v -24.2199 210.832 65.3954
v -19.1937 218.042 70.1656
v -23.7135 211.367 64.0536
v -18.6873 218.577 68.8237
v -22.4909 211.097 63.1728
v -17.4647 218.307 67.943
v -21.2683 210.181 63.2691
v -16.2421 217.391 68.0393
v -20.7619 209.155 64.2861
v -15.7357 216.365 69.0563
v -21.2683 208.62 65.628
v -16.2421 215.83 70.3982
v -22.4909 208.89 66.5088
v -17.4647 216.1 71.2789
v -23.7135 209.806 66.4124
v -18.6873 217.016 71.1826
v -22.4909 209.994 64.8408
v -17.4647 217.203 69.6109
v -19.3399 217.779 70.001
v -15.8624 225.542 75.2589
v -18.7906 218.404 68.7158
v -15.3132 226.167 73.9738
v -17.4647 218.325 67.955
v -13.9873 226.088 73.213
v -16.1387 217.589 68.1643
v -12.6613 225.352 73.4222
v -15.5895 216.628 69.2209
v -12.1121 224.39 74.4789
v -16.1387 216.003 70.5061
v -12.6613 223.766 75.764
v -17.4647 216.082 71.2669
v -13.9873 223.845 76.5248
v -18.7906 216.818 71.0576
v -15.3132 224.58 76.3156
v -17.4647 217.203 69.6109
v -13.9873 224.966 74.8689
v -19.4266 217.56 69.7657
v -17.4844 226.557 73.6749
v -18.852 218.019 68.4233
v -16.9098 227.016 72.3325
v -17.4647 218 67.7766
v -15.5225 226.997 71.6858
v -16.0774 217.515 68.2044
v -14.1352 226.512 72.1136
v -15.5028 216.847 69.4562
v -13.5606 225.844 73.3653
v -16.0774 216.388 70.7986
v -14.1352 225.385 74.7077
v -17.4647 216.406 71.4453
v -15.5225 225.403 75.3545
v -18.852 216.892 71.0175
v -16.9098 225.889 74.9266
v -17.4647 217.203 69.6109
v -15.5225 226.2 73.5201
v -30.8035 194.324 58.2491
v -33.6158 201.493 64.6286
v -30.2414 195.388 57.3021
v -33.0537 202.556 63.6817
v -28.8842 196.074 57.1289
v -31.6965 203.243 63.5085
v -27.5271 195.982 57.8309
v -30.3394 203.151 64.2105
v -26.9649 195.165 58.9969
v -29.7772 202.334 65.3765
v -27.5271 194.102 59.9438
v -30.3394 201.27 66.3234
v -28.8842 193.415 60.117
v -31.6965 200.584 66.4966
v -30.2414 193.507 59.415
v -33.0537 200.676 65.7946
v -28.8842 194.745 58.623
v -31.6965 201.913 65.0026
v -30.7024 193.929 58.4541
v -34.8688 202.831 60.2967
v -30.1699 194.454 57.1187
v -34.3362 203.356 58.9613
v -28.8842 195.15 56.6645
v -33.0506 204.052 58.5071
v -27.5986 195.608 57.3575
v -31.765 204.51 59.2002
v -27.0661 195.561 58.7919
v -31.2325 204.463 60.6345
v -27.5986 195.035 60.1273
v -31.765 203.937 61.9699
v -28.8842 194.339 60.5815
v -33.0506 203.241 62.4241
v -30.1699 193.881 59.8884
v -34.3362 202.783 61.731
v -28.8842 194.745 58.623
v -33.0506 203.647 60.4656
v -30.867 194.539 58.4607
v -32.1764 202.321 64.6029
v -30.2863 195.475 57.3981
v -31.5957 203.257 63.5404
v -28.8842 195.984 57.0531
v -30.1937 203.766 63.1953
v -27.4822 195.766 57.6276
v -28.7916 203.548 63.7698
v -26.9014 194.95 58.7852
v -28.2109 202.732 64.9274
v -27.4822 194.014 59.8478
v -28.7916 201.796 65.99
v -28.8842 193.505 60.1929
v -30.1937 201.287 66.3351
v -30.2863 193.723 59.6183
v -31.5957 201.505 65.7605
v -28.8842 194.745 58.623
v -30.1937 202.527 64.7652
v -32.1204 203.027 64.9576
v -29.4378 212.02 68.4136
v -31.556 203.388 63.5812
v -28.8735 212.38 67.0371
v -30.1937 203.244 62.8983
v -27.5111 212.236 66.3542
v -28.8313 202.68 63.309
v -26.1488 211.672 66.7649
v -28.267 202.026 64.5727
v -25.5844 211.018 68.0287
v -28.8313 201.665 65.9492
v -26.1488 210.657 69.4051
v -30.1937 201.809 66.6321
v -27.5111 210.801 70.088
v -31.556 202.373 66.2214
v -28.8735 211.366 69.6773
v -30.1937 202.527 64.7652
v -27.5111 211.519 68.2211
v -29.4902 211.808 68.2243
v -28.0458 221.702 68.3324
v -28.9105 211.738 66.8092
v -27.4661 221.633 66.9174
v -27.5111 211.541 66.2212
v -26.0668 221.435 66.3294
v -26.1118 211.33 66.8048
v -24.6674 221.225 66.9129
v -25.5321 211.23 68.218
v -24.0877 221.124 68.3261
v -26.1118 211.299 69.633
v -24.6674 221.194 69.7411
v -27.5111 211.497 70.221
v -26.0668 221.391 70.3291
v -28.9105 211.708 69.6375
v -27.4661 221.602 69.7456
v -27.5111 211.519 68.2211
v -26.0668 221.413 68.3293
v -29.4454 212.026 68.2588
v -26.902 221.671 68.9743
v -28.8789 211.982 66.8374
v -26.3355 221.627 67.5529
v -27.5111 211.667 66.2266
v -24.9678 221.311 66.9421
v -26.1434 211.265 66.7842
v -23.6 220.909 67.4997
v -25.5769 211.011 68.1835
v -23.0335 220.656 68.899
v -26.1434 211.055 69.6049
v -23.6 220.7 70.3204
v -27.5111 211.371 70.2156
v -24.9678 221.015 70.9312
v -28.8789 211.773 69.6581
v -26.3355 221.417 70.3736
v -27.5111 211.519 68.2211
v -24.9678 221.163 68.9367
v -32.1936 202.513 64.766
v -32.2637 212.497 64.2101
v -31.6078 202.438 63.3537
v -31.6779 212.422 62.7978
v -30.1937 202.415 62.7683
v -30.2637 212.4 62.2124
v -28.7795 202.458 63.3526
v -28.8495 212.442 62.7967
v -28.1937 202.541 64.7644
v -28.2638 212.525 64.2085
v -28.7795 202.615 66.1767
v -28.8495 212.599 65.6208
v -30.1937 202.638 66.7621
v -30.2637 212.622 66.2062
v -31.6078 202.595 66.1778
v -31.6779 212.58 65.6219
v -30.1937 202.527 64.7652
v -30.2637 212.511 64.2093
v -32.1781 202.279 64.798
v -33.4245 212.115 63.4921
v -31.5968 202.166 63.3865
v -32.8433 212.001 62.0806
v -30.1937 202.263 62.7826
v -31.4401 212.099 61.4767
v -28.7905 202.515 63.3401
v -30.0369 212.351 62.0342
v -28.2093 202.774 64.7324
v -29.4557 212.609 63.4265
v -28.7905 202.887 66.1439
v -30.0369 212.723 64.838
v -30.1937 202.79 66.7478
v -31.4401 212.625 65.4419
v -31.5968 202.538 66.1903
v -32.8433 212.374 64.8844
v -30.1937 202.527 64.7652
v -31.4401 212.362 63.4593
v -32.1913 202.607 64.8203
v -31.7029 210.856 70.4515
v -31.6062 203.381 63.6361
v -31.1178 211.63 69.2673
v -30.1937 203.654 63.1133
v -29.7052 211.903 68.7446
v -28.7811 203.267 63.5582
v -28.2927 211.516 69.1894
v -28.1961 202.446 64.7101
v -27.7076 210.695 70.3413
v -28.7811 201.672 65.8943
v -28.2927 209.921 71.5255
v -30.1937 201.399 66.417
v -29.7052 209.648 72.0482
v -31.6062 201.786 65.9721
v -31.1178 210.036 71.6033
v -30.1937 202.527 64.7652
v -29.7052 210.776 70.3964
v -31.696 210.865 70.5669
v -30.7349 215.458 79.3973
v -31.1129 212.093 69.8643
v -30.1519 216.687 78.6947
v -29.7052 212.55 69.4734
v -28.7442 217.144 78.3038
v -28.2976 211.968 69.6232
v -27.3365 216.561 78.4536
v -27.7145 210.687 70.2259
v -26.7535 215.281 79.0563
v -28.2976 209.458 70.9285
v -27.3365 214.052 79.7589
v -29.7052 209.002 71.3194
v -28.7442 213.595 80.1498
v -31.1129 209.584 71.1696
v -30.1519 214.177 80
v -29.7052 210.776 70.3964
v -28.7442 215.369 79.2268
v -30.7406 215.266 79.1666
v -31.3393 223.894 84.1856
v -30.1559 216.007 77.9618
v -30.7546 224.636 82.9808
v -28.7442 216.375 77.498
v -29.3429 225.003 82.517
v -27.3325 216.154 78.0469
v -27.9312 224.782 83.066
v -26.7478 215.473 79.287
v -27.3465 224.101 84.306
v -27.3325 214.731 80.4918
v -27.9312 223.36 85.5108
v -28.7442 214.364 80.9556
v -29.3429 222.992 85.9746
v -30.1559 214.585 80.4067
v -30.7546 223.214 85.4257
v -28.7442 215.369 79.2268
v -29.3429 223.998 84.2458
v -30.6285 215.998 79.4582
v -27.2768 224.841 82.7111
v -30.0766 216.302 78.0632
v -26.7249 225.145 81.316
v -28.7442 216.06 77.3498
v -25.3925 224.902 80.6026
v -27.4118 215.413 77.7359
v -24.0601 224.255 80.9887
v -26.8599 214.74 78.9954
v -23.5082 223.582 82.2482
v -27.4118 214.436 80.3904
v -24.0601 223.278 83.6432
v -28.7442 214.679 81.1038
v -25.3925 223.521 84.3567
v -30.0766 215.326 80.7177
v -26.7249 224.168 83.9705
v -28.7442 215.369 79.2268
v -25.3925 224.212 82.4796
v -31.6662 210.445 70.1846
v -33.6319 218.705 75.4669
v -31.0919 211.304 69.0552
v -33.0575 219.564 74.3374
v -29.7052 211.853 68.7114
v -31.6709 220.114 73.9937
v -28.3186 211.772 69.3547
v -30.2843 220.032 74.637
v -27.7443 211.107 70.6082
v -29.7099 219.367 75.8904
v -28.3186 210.248 71.7376
v -30.2843 218.509 77.0198
v -29.7052 209.698 72.0813
v -31.6709 217.959 77.3636
v -31.0919 209.78 71.4381
v -33.0575 218.04 76.7203
v -29.7052 210.776 70.3964
v -31.6709 219.036 75.6786
v -33.5374 218.424 75.3033
v -37.1296 226.381 80.1794
v -32.9907 219.342 74.2074
v -36.5829 227.299 79.0835
v -31.6709 220.081 73.9733
v -35.2631 228.039 78.8494
v -30.3511 220.208 74.7382
v -33.9433 228.166 79.6143
v -29.8044 219.649 76.054
v -33.3966 227.606 80.9301
v -30.3511 218.73 77.1499
v -33.9433 226.688 82.026
v -31.6709 217.991 77.3839
v -35.2631 225.949 82.26
v -32.9907 217.864 76.619
v -36.5829 225.822 81.4951
v -31.6709 219.036 75.6786
v -35.2631 226.994 80.5547
v -33.6456 219.349 75.6269
v -32.061 229.09 74.0152
v -33.0672 219.026 74.2468
v -31.4826 228.768 72.6351
v -31.6709 218.71 73.7055
v -30.0863 228.451 72.0938
v -30.2745 218.584 74.32
v -28.6899 228.326 72.7083
v -29.6961 218.724 75.7304
v -28.1116 228.465 74.1187
v -30.2745 219.046 77.1105
v -28.6899 228.787 75.4988
v -31.6709 219.363 77.6518
v -30.0863 229.104 76.0401
v -33.0672 219.488 77.0373
v -31.4826 229.229 75.4256
v -31.6709 219.036 75.6786
v -30.0863 228.777 74.0669
v -33.5675 219.669 75.6335
v -30.3942 229.128 74.9591
v -33.012 219.383 74.2361
v -29.8387 228.842 73.5617
v -31.6709 218.894 73.6837
v -28.4976 228.353 73.0093
v -30.3298 218.488 74.2999
v -27.1565 227.947 73.6255
v -29.7742 218.403 75.7238
v -26.601 227.862 75.0494
v -30.3298 218.689 77.1212
v -27.1565 228.148 76.4468
v -31.6709 219.178 77.6736
v -28.4976 228.638 76.9992
v -33.012 219.584 77.0574
v -29.8387 229.044 76.383
v -31.6709 219.036 75.6786
v -28.4976 228.495 75.0042
v -30.0832 229.632 74.563
v -23.9885 237.022 71.6932
v -29.6188 228.787 73.3739
v -23.524 236.177 70.5042
v -28.4976 227.771 73.1399
v -22.4028 235.162 70.2701
v -27.3764 227.18 73.9979
v -21.2817 234.57 71.1282
v -26.912 227.359 75.4455
v -20.8172 234.749 72.5757
v -27.3764 228.204 76.6346
v -21.2817 235.594 73.7648
v -28.4976 229.219 76.8686
v -22.4028 236.61 73.9988
v -29.6188 229.811 76.0106
v -23.524 237.201 73.1408
v -28.4976 228.495 75.0042
v -22.4028 235.886 72.1345
v -30.3793 229.136 75.2267
v -26.9905 238.023 78.3144
v -29.8281 229.412 73.8256
v -26.4394 238.299 76.9134
v -28.4976 229.152 73.115
v -25.1089 238.039 76.2028
v -27.1671 228.507 73.5111
v -23.7783 237.394 76.5988
v -26.6159 227.855 74.7818
v -23.2272 236.742 77.8696
v -27.1671 227.579 76.1828
v -23.7783 236.466 79.2706
v -28.4976 227.839 76.8935
v -25.1089 236.726 79.9812
v -29.8281 228.484 76.4974
v -26.4394 237.371 79.5852
v -28.4976 228.495 75.0042
v -25.1089 237.383 78.092
v -30.1811 227.555 74.473
v -35.5801 234.883 78.6143
v -29.688 228.526 73.3974
v -35.087 235.854 77.5387
v -28.4976 229.479 73.2631
v -33.8966 236.807 77.4044
v -27.3072 229.856 74.1487
v -32.7063 237.184 78.2901
v -26.8142 229.435 75.5355
v -32.2132 236.763 79.6769
v -27.3072 228.464 76.6111
v -32.7063 235.792 80.7525
v -28.4976 227.511 76.7454
v -33.8966 234.839 80.8868
v -29.688 227.135 75.8598
v -35.087 234.463 80.0011
v -28.4976 228.495 75.0042
v -33.8966 235.823 79.1456
v -35.7836 236.457 79.3409
v -32.4694 245.473 82.1203
v -35.2309 236.688 77.9322
v -31.9167 245.704 80.7116
v -33.8966 236.413 77.2344
v -30.5824 245.429 80.0138
v -32.5624 235.792 77.6561
v -29.2481 244.808 80.4355
v -32.0097 235.19 78.9503
v -28.6954 244.206 81.7298
v -32.5624 234.959 80.359
v -29.2481 243.975 83.1384
v -33.8966 235.234 81.0569
v -30.5824 244.25 83.8363
v -35.2309 235.855 80.6351
v -31.9167 244.871 83.4146
v -33.8966 235.823 79.1456
v -30.5824 244.839 81.925
v -35.5387 236.348 78.1317
v -41.2476 232.573 85.4225
v -35.0578 237.45 79.079
v -40.7666 233.675 86.3697
v -33.8966 237.599 80.0653
v -39.6055 233.824 87.356
v -32.7355 236.708 80.5129
v -38.4444 232.932 87.8036
v -32.2546 235.298 80.1595
v -37.9634 231.523 87.4502
v -32.7355 234.196 79.2122
v -38.4444 230.421 86.503
v -33.8966 234.047 78.2259
v -39.6055 230.272 85.5167
v -35.0578 234.939 77.7784
v -40.7666 231.163 85.0691
v -33.8966 235.823 79.1456
v -39.6055 232.048 86.4364
v -29.7897 229.663 74.0203
v -22.1567 234.602 69.8561
v -29.4113 228.409 73.2272
v -21.7783 233.349 69.0631
v -28.4976 227.206 73.4751
v -20.8646 232.146 69.311
v -27.584 226.759 74.6188
v -19.951 231.698 70.4546
v -27.2055 227.328 75.9882
v -19.5725 232.268 71.8241
v -27.584 228.582 76.7813
v -19.951 233.521 72.6171
v -28.4976 229.784 76.5334
v -20.8646 234.724 72.3692
v -29.4113 230.232 75.3897
v -21.7783 235.172 71.2256
v -28.4976 228.495 75.0042
v -20.8646 233.435 70.8401
v -20.262 231.533 70.6926
v -11.0281 234.635 68.4316
v -20.1022 232.09 72.1094
v -10.8682 235.192 69.8485
v -20.389 233.435 72.7827
v -11.155 236.537 70.5218
v -20.9544 234.779 72.3181
v -11.7204 237.881 70.0572
v -21.4672 235.336 70.9876
v -12.2333 238.438 68.7267
v -21.6271 234.779 69.5708
v -12.3931 237.881 67.3099
v -21.3403 233.435 68.8975
v -12.1063 236.537 66.6366
v -20.7749 232.09 69.3621
v -11.5409 235.192 67.1012
v -20.8646 233.435 70.8401
v -11.6307 236.537 68.5792
v -22.1879 234.884 70.4546
v -14.6899 241.278 68.7539
v -21.8004 234.096 69.2008
v -14.3023 240.49 67.5001
v -20.8646 232.921 68.9073
v -13.3666 239.315 67.2066
v -19.9289 232.046 69.746
v -12.4308 238.441 68.0452
v -19.5413 231.986 71.2256
v -12.0433 238.38 69.5248
v -19.9289 232.774 72.4794
v -12.4308 239.168 70.7786
v -20.8646 233.949 72.7729
v -13.3666 240.343 71.0722
v -21.8004 234.823 71.9342
v -14.3023 241.217 70.2335
v -20.8646 233.435 70.8401
v -13.3666 239.829 69.1394
v -33.6709 219.035 75.6778
v -33.6792 227.604 80.8331
v -33.0851 219.764 74.4662
v -33.0934 228.333 79.6215
v -31.6709 220.067 73.9649
v -31.6792 228.636 79.1202
v -30.2567 219.766 74.4674
v -30.265 228.335 79.6227
v -29.6709 219.038 75.6795
v -29.6792 227.606 80.8348
v -30.2567 218.308 76.8911
v -30.265 226.877 82.0463
v -31.6709 218.005 77.3924
v -31.6792 226.574 82.5477
v -33.0851 218.306 76.8898
v -33.0934 226.875 82.0451
v -31.6709 219.036 75.6786
v -31.6792 227.605 80.8339
v -33.669 218.955 75.6456
v -34.1069 228.209 79.4092
v -33.0837 219.512 74.3453
v -33.5217 228.766 78.1088
v -31.6709 219.79 73.826
v -32.1088 229.044 77.5895
v -30.258 219.626 74.3919
v -30.696 228.881 78.1555
v -29.6728 219.117 75.7116
v -30.1108 228.372 79.4752
v -30.258 218.561 77.012
v -30.696 227.815 80.7755
v -31.6709 218.283 77.5313
v -32.1088 227.537 81.2948
v -33.0837 218.446 76.9653
v -33.5217 227.7 80.7289
v -31.6709 219.036 75.6786
v -32.1088 228.291 79.4422
v -33.6332 218.678 75.5325
v -35.5661 227.762 79.2416
v -33.0584 219.318 74.266
v -34.9914 228.401 77.9752
v -31.6709 219.792 73.8271
v -33.6038 228.876 77.5362
v -30.2833 219.824 74.4727
v -32.2163 228.907 78.1819
v -29.7086 219.394 75.8248
v -31.6415 228.477 79.5339
v -30.2833 218.755 77.0912
v -32.2163 227.838 80.8004
v -31.6709 218.28 77.5302
v -33.6038 227.363 81.2394
v -33.0584 218.249 76.8846
v -34.9914 227.332 80.5937
v -31.6709 219.036 75.6786
v -33.6038 228.119 79.3878
v -35.5511 228.465 79.0897
v -33.2696 235.836 72.7289
v -34.9807 227.44 78.1063
v -32.6993 234.811 71.7455
v -33.6038 226.813 77.8736
v -31.3224 234.184 71.5128
v -32.2269 226.951 78.5279
v -29.9454 234.323 72.1671
v -31.6566 227.774 79.6859
v -29.3751 235.145 73.3251
v -32.2269 228.799 80.6693
v -29.9454 236.17 74.3085
v -33.6038 229.426 80.902
v -31.3224 236.797 74.5412
v -34.9807 229.288 80.2477
v -32.6993 236.659 73.8869
v -33.6038 228.119 79.3878
v -31.3224 235.491 73.027
v -33.2961 235.78 72.882
v -31.6794 244.601 68.4573
v -32.718 235.061 71.6604
v -31.1014 243.882 67.2357
v -31.3224 234.594 71.2393
v -29.7057 243.415 66.8146
v -29.9268 234.652 71.8654
v -28.3101 243.473 67.4407
v -29.3487 235.202 73.172
v -27.7321 244.023 68.7472
v -29.9268 235.92 74.3936
v -28.3101 244.741 69.9689
v -31.3224 236.387 74.8147
v -29.7057 245.208 70.39
v -32.718 236.329 74.1886
v -31.1014 245.15 69.7638
v -31.3224 235.491 73.027
v -29.7057 244.312 68.6023
v -33.0719 236.069 72.2495
v -28.2268 241.29 65.2302
v -32.5595 234.765 71.6332
v -27.7143 239.985 64.6139
v -31.3224 233.886 71.8335
v -26.4772 239.106 64.8142
v -30.0852 233.947 72.7328
v -25.2401 239.168 65.7136
v -29.5728 234.912 73.8046
v -24.7276 240.133 66.7853
v -30.0852 236.217 74.4208
v -25.2401 241.437 67.4015
v -31.3224 237.096 74.2206
v -26.4772 242.316 67.2013
v -32.5595 237.034 73.3212
v -27.7143 242.255 66.3019
v -31.3224 235.491 73.027
v -26.4772 240.711 66.0077
v -35.5914 228.285 79.536
v -34.479 235.697 86.1565
v -35.0093 229.179 78.4379
v -33.8969 236.591 85.0584
v -33.6038 229.452 77.8962
v -32.4914 236.863 84.5167
v -32.1984 228.944 78.2283
v -31.086 236.356 84.8488
v -31.6162 227.954 79.2396
v -30.5039 235.365 85.8601
v -32.1984 227.06 80.3377
v -31.086 234.472 86.9582
v -33.6038 226.787 80.8793
v -32.4914 234.199 87.4999
v -35.0093 227.295 80.5473
v -33.8969 234.706 87.1678
v -33.6038 228.119 79.3878
v -32.4914 235.531 86.0083
v -35.5442 228.573 79.2156
v -33.121 237.642 75.7689
v -34.9759 227.937 77.9441
v -32.5527 237.007 74.4974
v -33.6038 227.409 77.5182
v -31.1806 236.478 74.0716
v -32.2318 227.297 78.1876
v -29.8085 236.366 74.7409
v -31.6634 227.666 79.56
v -29.2402 236.736 76.1133
v -32.2318 228.302 80.8315
v -29.8085 237.371 77.3848
v -33.6038 228.83 81.2573
v -31.1806 237.899 77.8107
v -34.9759 228.942 80.588
v -32.5527 238.011 77.1413
v -33.6038 228.119 79.3878
v -31.1806 237.189 75.9411
v -35.6028 228.064 79.3578
v -35.92 236.869 84.0864
v -35.0173 228.749 78.1206
v -35.3346 237.555 82.8492
v -33.6038 229.066 77.6258
v -33.9211 237.871 82.3544
v -32.1903 228.828 78.1631
v -32.5076 237.634 82.8917
v -31.6048 228.175 79.4178
v -31.9221 236.981 84.1464
v -32.1903 227.49 80.6549
v -32.5076 236.296 85.3835
v -33.6038 227.173 81.1498
v -33.9211 235.979 85.8784
v -35.0173 227.411 80.6125
v -35.3346 236.217 85.3411
v -33.6038 228.119 79.3878
v -33.9211 236.925 84.1164
v -35.8073 236.457 83.6438
v -39.1322 243.092 90.3464
v -35.2548 237.599 82.7873
v -38.5798 244.234 89.4899
v -33.9211 238.347 82.7094
v -37.246 244.981 89.412
v -32.5873 238.261 83.4557
v -35.9123 244.896 90.1583
v -32.0348 237.393 84.589
v -35.3598 244.028 91.2916
v -32.5873 236.251 85.4455
v -35.9123 242.886 92.1481
v -33.9211 235.504 85.5234
v -37.246 242.139 92.226
v -35.2548 235.589 84.7771
v -38.5798 242.224 91.4797
v -33.9211 236.925 84.1164
v -37.246 243.56 90.819
v -38.91 243.095 89.8113
v -44.4579 246.578 97.3672
v -38.4226 244.516 89.5144
v -43.9705 247.999 97.0703
v -37.246 245.376 89.9818
v -42.7939 248.859 97.5377
v -36.0694 245.173 90.9395
v -41.6173 248.655 98.4954
v -35.582 244.024 91.8267
v -41.1299 247.507 99.3826
v -36.0694 242.604 92.1235
v -41.6173 246.087 99.6794
v -37.246 241.744 91.6562
v -42.7939 245.226 99.2121
v -38.4226 241.947 90.6984
v -43.9705 245.43 98.2543
v -37.246 243.56 90.819
v -42.7939 247.043 98.3749
v -38.9854 244.546 90.7855
v -34.0497 253.239 90.4906
v -38.476 244.21 89.3819
v -33.5402 252.902 89.087
v -37.246 243.492 88.8201
v -32.3103 252.184 88.5252
v -36.0161 242.814 89.4292
v -31.0803 251.506 89.1344
v -35.5066 242.573 90.8524
v -30.5709 251.265 90.5576
v -36.0161 242.91 92.256
v -31.0803 251.602 91.9612
v -37.246 243.628 92.8178
v -32.3103 252.32 92.5229
v -38.476 244.305 92.2087
v -33.5402 252.998 91.9138
v -37.246 243.56 90.819
v -32.3103 252.252 90.5241
v -35.8411 236.434 83.8481
v -38.6398 244.86 88.4491
v -35.2788 237.256 82.6855
v -38.0774 245.682 87.2864
v -33.9211 237.884 82.361
v -36.7197 246.31 86.962
v -32.5634 237.95 83.0648
v -35.362 246.376 87.6658
v -32.001 237.416 84.3846
v -34.7996 245.842 88.9856
v -32.5634 236.595 85.5473
v -35.362 245.021 90.1482
v -33.9211 235.967 85.8717
v -36.7197 244.393 90.4727
v -35.2788 235.9 85.1679
v -38.0774 244.326 89.7689
v -33.9211 236.925 84.1164
v -36.7197 245.351 88.7173
v -38.0597 245.348 87.2326
v -45.4832 245.362 93.9328
v -37.6672 246.763 87.6646
v -45.0907 246.777 94.3647
v -36.7197 247.351 88.7133
v -44.1432 247.365 95.4134
v -35.7722 246.768 89.7643
v -43.1956 246.781 96.4644
v -35.3797 245.354 90.202
v -42.8032 245.368 96.9022
v -35.7722 243.939 89.7701
v -43.1956 243.953 96.4702
v -36.7197 243.351 88.7214
v -44.1432 243.365 95.4215
v -37.6672 243.935 87.6704
v -45.0907 243.949 94.3705
v -36.7197 245.351 88.7173
v -44.1432 245.365 95.4175
v -38.3167 244.282 88.1629
v -44.3369 251.37 91.8395
v -37.8489 245.247 87.0699
v -43.8691 252.335 90.7465
v -36.7197 246.272 86.942
v -42.7399 253.36 90.6185
v -35.5905 246.758 87.854
v -41.6107 253.846 91.5305
v -35.1227 246.42 89.2717
v -41.143 253.508 92.9483
v -35.5905 245.456 90.3647
v -41.6107 252.544 94.0413
v -36.7197 244.43 90.4927
v -42.7399 251.518 94.1693
v -37.8489 243.944 89.5807
v -43.8691 251.032 93.2572
v -36.7197 245.351 88.7173
v -42.7399 252.439 92.3939
v -38.5299 245.155 87.89
v -42.7817 247.248 96.6956
v -37.9997 246.588 87.8052
v -42.2515 248.682 96.6107
v -36.7197 247.297 88.2546
v -40.9715 249.391 97.0602
v -35.4397 246.866 88.9751
v -39.6915 248.96 97.7807
v -34.9095 245.548 89.5446
v -39.1613 247.642 98.3502
v -35.4397 244.114 89.6295
v -39.6915 246.208 98.435
v -36.7197 243.405 89.18
v -40.9715 245.499 97.9856
v -37.9997 243.836 88.4595
v -42.2515 245.93 97.2651
v -36.7197 245.351 88.7173
v -40.9715 247.445 97.5229
v -42.8543 247.944 97.0688
v -46.2277 240.982 103.405
v -42.3028 248.75 98.2477
v -45.6763 241.788 104.584
v -40.9715 248.791 99.0021
v -44.345 241.829 105.338
v -39.6402 248.044 98.8899
v -43.0136 241.082 105.226
v -39.0887 246.946 97.977
v -42.4622 239.984 104.313
v -39.6402 246.14 96.7981
v -43.0136 239.178 103.134
v -40.9715 246.099 96.0437
v -44.345 239.137 102.38
v -42.3028 246.846 96.1559
v -45.6763 239.884 102.492
v -40.9715 247.445 97.5229
v -44.345 240.483 103.859
v -42.8128 246.807 97.0731
v -46.717 254.333 102.376
v -42.2735 247.808 96.0488
v -46.1777 255.334 101.351
v -40.9715 248.597 95.8879
v -44.8757 256.123 101.19
v -39.6695 248.711 96.6848
v -43.5738 256.237 101.987
v -39.1302 248.083 97.9726
v -43.0345 255.609 103.275
v -39.6695 247.082 98.997
v -43.5738 254.608 104.3
v -40.9715 246.293 99.1578
v -44.8757 253.819 104.46
v -42.2735 246.179 98.361
v -46.1777 253.705 103.664
v -40.9715 247.445 97.5229
v -44.8757 254.971 102.825
v -42.559 248.11 96.5045
v -48.6412 243.769 103.15
v -42.0941 249.1 97.5763
v -48.1762 244.758 104.221
v -40.9715 249.119 98.6168
v -47.0536 244.778 105.262
v -39.8489 248.159 99.0165
v -45.931 243.817 105.662
v -39.3839 246.78 98.5412
v -45.4661 242.438 105.186
v -39.8489 245.791 97.4694
v -45.931 241.449 104.115
v -40.9715 245.771 96.429
v -47.0536 241.429 103.074
v -42.0941 246.732 96.0293
v -48.1762 242.39 102.674
v -40.9715 247.445 97.5229
v -47.0536 243.104 104.168
v -49.0021 243.534 104.034
v -51.2574 234.23 106.923
v -48.4314 243.827 105.424
v -50.6867 234.523 108.313
v -47.0536 243.697 106.078
v -49.309 234.392 108.967
v -45.6758 243.218 105.613
v -47.9312 233.914 108.502
v -45.1051 242.673 104.302
v -47.3605 233.369 107.191
v -45.6758 242.38 102.912
v -47.9312 233.075 105.801
v -47.0536 242.51 102.258
v -49.309 233.206 105.147
v -48.4314 242.989 102.723
v -50.6867 233.685 105.612
v -47.0536 243.104 104.168
v -49.309 233.799 107.057
v -48.5304 244.147 103.314
v -55.2743 238.433 107.99
v -48.0978 244.737 104.659
v -54.8418 239.023 109.335
v -47.0536 244.37 105.716
v -53.7976 238.656 110.392
v -46.0094 243.261 105.867
v -52.7533 237.547 110.543
v -45.5769 242.06 105.022
v -52.3208 236.345 109.698
v -46.0094 241.47 103.678
v -52.7533 235.755 108.354
v -47.0536 241.837 102.62
v -53.7976 236.123 107.296
v -48.0978 242.946 102.47
v -54.8418 237.232 107.146
v -47.0536 243.104 104.168
v -53.7976 237.389 108.844
v -42.9706 247.388 97.515
v -43.2612 257.29 98.8782
v -42.3851 247.597 96.1163
v -42.6757 257.5 97.4795
v -40.9715 247.718 95.5416
v -41.2621 257.62 96.9048
v -39.5579 247.679 96.1275
v -39.8485 257.581 97.4908
v -38.9723 247.503 97.5308
v -39.2629 257.405 98.8941
v -39.5579 247.293 98.9295
v -39.8485 257.195 100.293
v -40.9715 247.172 99.5042
v -41.2621 257.075 100.867
v -42.3851 247.212 98.9183
v -42.6757 257.114 100.282
v -40.9715 247.445 97.5229
v -41.2621 257.348 98.8861
v -43.243 257.093 98.7798
v -44.6219 266.231 102.601
v -42.6628 257.713 97.5062
v -44.0417 266.851 101.327
v -41.2621 258.119 97.0409
v -42.641 267.257 100.862
v -39.8614 258.073 97.6566
v -41.2403 267.211 101.477
v -39.2812 257.602 98.9925
v -40.6601 266.74 102.813
v -39.8614 256.982 100.266
v -41.2403 266.12 104.087
v -41.2621 256.576 100.731
v -42.641 265.714 104.552
v -42.6628 256.622 100.116
v -44.0417 265.76 103.936
v -41.2621 257.348 98.8861
v -42.641 266.485 102.707
v -43.0411 256.495 98.5567
v -47.6101 264.792 101.763
v -42.52 257.255 97.3341
v -47.089 265.552 100.541
v -41.2621 258.069 97.0206
v -45.831 266.366 100.227
v -40.0041 258.46 97.8
v -44.5731 266.757 101.007
v -39.483 258.2 99.2156
v -44.052 266.497 102.422
v -40.0041 257.44 100.438
v -44.5731 265.737 103.645
v -41.2621 256.626 100.752
v -45.831 264.924 103.958
v -42.52 256.235 99.9723
v -47.089 264.532 103.179
v -41.2621 257.348 98.8861
v -45.831 265.645 102.093
v -38.6964 245.118 88.5219
v -40.2194 252.7 94.8612
v -38.1174 246.093 87.4942
v -39.6405 253.676 93.8335
v -36.7197 246.634 87.1829
v -38.2428 254.217 93.5222
v -35.322 246.424 87.7705
v -36.8451 254.006 94.1098
v -34.743 245.585 88.9127
v -36.2661 253.167 95.252
v -35.322 244.609 89.9405
v -36.8451 252.192 96.2798
v -36.7197 244.068 90.2517
v -38.2428 251.651 96.591
v -38.1174 244.279 89.6642
v -39.6405 251.861 96.0034
v -36.7197 245.351 88.7173
v -38.2428 252.934 95.0566
v -40.1018 252.639 94.3803
v -43.7897 256.347 102.904
v -39.5573 254.022 94.0142
v -43.2452 257.73 102.538
v -38.2428 254.768 94.2588
v -41.9307 258.476 102.782
v -36.9282 254.439 94.9707
v -40.6161 258.147 103.494
v -36.3837 253.228 95.733
v -40.0716 256.936 104.256
v -36.9282 251.845 96.099
v -40.6161 255.553 104.623
v -38.2428 251.1 95.8545
v -41.9307 254.808 104.378
v -39.5573 251.429 95.1425
v -43.2452 255.137 103.666
v -38.2428 252.934 95.0566
v -41.9307 256.642 103.58
v -40.2099 252.604 94.9098
v -42.0152 261.589 98.9102
v -39.6337 253.276 93.6608
v -41.439 262.261 97.6612
v -38.2428 253.747 93.2295
v -40.0481 262.733 97.2299
v -36.8518 253.742 93.8685
v -38.6571 262.728 97.8689
v -36.2756 253.264 95.2035
v -38.0809 262.249 99.2039
v -36.8518 252.592 96.4524
v -38.6571 261.577 100.453
v -38.2428 252.12 96.8837
v -40.0481 261.106 100.884
v -39.6337 252.125 96.2447
v -41.439 261.111 100.245
v -38.2428 252.934 95.0566
v -40.0481 261.919 99.057
v -40.0837 252.153 95.0818
v -43.9916 261.353 94.7852
v -39.5445 252.336 93.6609
v -43.4524 261.536 93.3644
v -38.2428 252.869 93.0577
v -42.1507 262.069 92.7611
v -36.941 253.44 93.6253
v -40.8489 262.641 93.3288
v -36.4018 253.715 95.0314
v -40.3097 262.915 94.7349
v -36.941 253.532 96.4523
v -40.8489 262.732 96.1557
v -38.2428 252.998 97.0556
v -42.1507 262.198 96.759
v -39.5445 252.427 96.4879
v -43.4524 261.627 96.1913
v -38.2428 252.934 95.0566
v -42.1507 262.134 94.76
v -44.136 262.316 94.601
v -42.9267 269.795 88.0737
v -43.5545 261.333 93.5821
v -42.3452 268.811 87.0548
v -42.1507 260.819 93.2532
v -40.9413 268.297 86.7259
v -40.7468 261.075 93.807
v -39.5375 268.554 87.2797
v -40.1654 261.951 94.9191
v -38.956 269.43 88.3918
v -40.7468 262.935 95.938
v -39.5375 270.414 89.4107
v -42.1507 263.449 96.2668
v -40.9413 270.928 89.7395
v -43.5545 263.192 95.7131
v -42.3452 270.671 89.1857
v -42.1507 262.134 94.76
v -40.9413 269.612 88.2327
v -44.0705 261.581 94.667
v -46.8742 271.046 96.2602
v -43.5082 261.977 93.2996
v -46.3119 271.443 94.8929
v -42.1507 262.466 92.7878
v -44.9544 271.931 94.381
v -40.7932 262.759 93.4313
v -43.5969 272.225 95.0245
v -40.2309 262.687 94.8531
v -43.0346 272.152 96.4464
v -40.7932 262.29 96.2205
v -43.5969 271.756 97.8137
v -42.1507 261.802 96.7323
v -44.9544 271.267 98.3256
v -43.5082 261.508 96.0888
v -46.3119 270.974 97.6821
v -42.1507 262.134 94.76
v -44.9544 271.599 96.3533
v -40.1971 252.715 94.6926
v -42.3211 257.752 103.066
v -39.6247 253.991 94.0703
v -41.7487 259.028 102.444
v -38.2428 254.648 94.0257
v -40.3667 259.684 102.399
v -36.8608 254.3 94.5851
v -38.9848 259.337 102.959
v -36.2884 253.153 95.4206
v -38.4124 258.19 103.794
v -36.8608 251.877 96.043
v -38.9848 256.914 104.417
v -38.2428 251.22 96.0875
v -40.3667 256.257 104.461
v -39.6247 251.567 95.5282
v -41.7487 256.604 103.902
v -38.2428 252.934 95.0566
v -40.3667 257.971 103.43
v -42.3299 258.353 103.429
v -40.4197 268.168 103.396
v -41.7549 258.236 102.015
v -39.8447 268.052 101.982
v -40.3667 257.964 101.43
v -38.4565 267.78 101.397
v -38.9786 257.696 102.017
v -37.0683 267.512 101.984
v -38.4036 257.589 103.432
v -36.4933 267.404 103.399
v -38.9786 257.705 104.845
v -37.0683 267.521 104.812
v -40.3667 257.977 105.43
v -38.4565 267.793 105.397
v -41.7549 258.246 104.844
v -39.8447 268.061 104.811
v -40.3667 257.971 103.43
v -38.4565 267.786 103.397
v -42.3472 258.128 103.66
v -40.9533 263.713 111.837
v -41.7671 259.25 102.795
v -40.3732 264.835 110.972
v -40.3667 259.622 102.302
v -38.9728 265.208 110.479
v -38.9663 259.027 102.47
v -37.5724 264.613 110.647
v -38.3863 257.813 103.2
v -36.9924 263.399 111.377
v -38.9663 256.692 104.065
v -37.5724 262.277 112.242
v -40.3667 256.319 104.558
v -38.9728 261.905 112.735
v -41.7671 256.914 104.391
v -40.3732 262.5 112.568
v -40.3667 257.971 103.43
v -38.9728 263.556 111.607
v -40.2416 252.869 95.0824
v -40.5875 262.144 91.3584
v -39.6561 252.361 93.7625
v -40.002 261.636 90.0385
v -38.2428 252.188 93.2007
v -38.5887 261.463 89.4767
v -36.8294 252.452 93.726
v -37.1753 261.726 90.0021
v -36.244 252.998 95.0308
v -36.5899 262.272 91.3069
v -36.8294 253.506 96.3508
v -37.1753 262.78 92.6268
v -38.2428 253.679 96.9126
v -38.5887 262.953 93.1886
v -39.6561 253.415 96.3872
v -40.002 262.69 92.6633
v -38.2428 252.934 95.0566
v -38.5887 262.208 91.3327
v -40.5872 262.131 91.3202
v -40.9783 271.995 92.9125
v -40.0018 262.379 89.9277
v -40.393 272.243 91.5201
v -38.5887 262.527 89.3582
v -38.9798 272.391 90.9506
v -37.1755 262.488 89.9453
v -37.5667 272.353 91.5377
v -36.5902 262.285 91.3451
v -36.9814 272.15 92.9375
v -37.1755 262.037 92.7376
v -37.5667 271.902 94.33
v -38.5887 261.889 93.3071
v -38.9798 271.754 94.8995
v -40.0018 261.928 92.72
v -40.393 271.793 94.3123
v -38.5887 262.208 91.3327
v -38.9798 272.073 92.925
v -40.5884 262.173 91.3311
v -40.7629 272.162 91.7675
v -40.0027 262.245 89.9187
v -40.1772 272.234 90.3551
v -38.5887 262.295 89.3346
v -38.7632 272.284 89.7709
v -37.1747 262.294 89.9209
v -37.3492 272.283 90.3572
v -36.589 262.243 91.3342
v -36.7635 272.232 91.7705
v -37.1747 262.171 92.7466
v -37.3492 272.16 93.183
v -38.5887 262.121 93.3307
v -38.7632 272.11 93.7671
v -40.0027 262.122 92.7444
v -40.1772 272.111 93.1808
v -38.5887 262.208 91.3327
v -38.7632 272.197 91.769
v -40.4894 262.722 90.9811
v -37.3774 270.564 85.6135
v -39.9327 261.772 89.917
v -36.8207 269.615 84.5494
v -38.5887 261.078 89.6822
v -35.4767 268.921 84.3146
v -37.2447 261.046 90.4142
v -34.1327 268.889 85.0466
v -36.688 261.694 91.6842
v -33.576 269.537 86.3166
v -37.2447 262.644 92.7483
v -34.1327 270.486 87.3806
v -38.5887 263.338 92.9831
v -35.4767 271.18 87.6155
v -39.9327 263.37 92.2511
v -36.8207 271.212 86.8835
v -38.5887 262.208 91.3327
v -35.4767 270.05 85.965
v -37.3493 270.706 85.7121
v -33.8375 279.441 82.3402
v -36.8008 270.004 84.4668
v -33.289 278.739 81.0949
v -35.4767 269.33 84.0992
v -31.9648 278.065 80.7273
v -34.1526 269.078 84.8246
v -30.6407 277.813 81.4527
v -33.6041 269.395 86.218
v -30.0922 278.13 82.8461
v -34.1526 270.096 87.4632
v -30.6407 278.831 84.0913
v -35.4767 270.771 87.8308
v -31.9648 279.506 84.4589
v -36.8008 271.023 87.1055
v -33.289 279.758 83.7336
v -35.4767 270.05 85.965
v -31.9648 278.785 82.5931
v -37.1445 270.227 87.0547
v -42.6638 268.895 78.8228
v -36.656 268.779 86.9613
v -42.1753 267.448 78.7294
v -35.4767 268.076 86.2843
v -40.996 266.745 78.0524
v -34.2974 268.53 85.4203
v -39.8167 267.199 77.1883
v -33.8089 269.874 84.8753
v -39.3283 268.543 76.6434
v -34.2974 271.322 84.9687
v -39.8167 269.991 76.7368
v -35.4767 272.025 85.6457
v -40.996 270.694 77.4138
v -36.656 271.571 86.5098
v -42.1753 270.24 78.2779
v -35.4767 270.05 85.965
v -40.996 268.719 77.7331
v -40.5476 262.18 90.9304
v -38.5316 261.507 81.1589
v -39.9739 260.778 91.1454
v -37.9579 260.104 81.3739
v -38.5887 260.213 91.4701
v -36.5727 259.54 81.6986
v -37.2035 260.817 91.7143
v -35.1875 260.144 81.9428
v -36.6297 262.236 91.7349
v -34.6138 261.563 81.9634
v -37.2035 263.638 91.5199
v -35.1875 262.965 81.7484
v -38.5887 264.203 91.1952
v -36.5727 263.53 81.4237
v -39.9739 263.599 90.951
v -37.9579 262.926 81.1795
v -38.5887 262.208 91.3327
v -36.5727 261.535 81.5611
v -38.5428 261.708 81.2635
v -36.8199 266.674 72.7559
v -37.9658 260.436 80.6379
v -36.2428 265.401 72.1302
v -36.5727 259.807 80.5531
v -34.8498 264.772 72.0454
v -35.1796 260.191 81.0588
v -33.4567 265.156 72.5511
v -34.6026 261.361 81.8587
v -32.8797 266.326 73.3511
v -35.1796 262.633 82.4844
v -33.4567 267.598 73.9768
v -36.5727 263.262 82.5692
v -34.8498 268.227 74.0616
v -37.9658 262.879 82.0635
v -36.2428 267.844 73.5559
v -36.5727 261.535 81.5611
v -34.8498 266.5 73.0535
v -38.1669 260.684 80.7042
v -32.1281 255.067 75.0488
v -37.6999 259.93 81.9518
v -31.6612 254.313 76.2963
v -36.5727 260.116 82.9705
v -30.534 254.499 77.315
v -35.4455 261.133 83.1636
v -29.4067 255.516 77.5082
v -34.9785 262.386 82.4181
v -28.9398 256.769 76.7626
v -35.4455 263.14 81.1705
v -29.4067 257.523 75.515
v -36.5727 262.954 80.1518
v -30.534 257.337 74.4963
v -37.6999 261.936 79.9586
v -31.6612 256.32 74.3032
v -36.5727 261.535 81.5611
v -30.534 255.918 75.9057
v -40.5385 262.486 91.6801
v -38.3122 268.583 99.2875
v -39.9674 263.508 90.6939
v -37.7411 269.605 98.3013
v -38.5887 263.769 90.0819
v -36.3624 269.865 97.6893
v -37.21 263.115 90.2026
v -34.9837 269.211 97.8099
v -36.6389 261.93 90.9852
v -34.4126 268.026 98.5926
v -37.21 260.908 91.9714
v -34.9837 267.004 99.5788
v -38.5887 260.647 92.5834
v -36.3624 266.744 100.191
v -39.9674 261.301 92.4628
v -37.7411 267.398 100.07
v -38.5887 262.208 91.3327
v -36.3624 268.305 98.94
v -38.2948 268.776 98.7303
v -35.7181 277.601 94.7977
v -37.7288 268.062 97.4999
v -35.1521 276.888 93.5673
v -36.3624 267.491 97.1132
v -33.7856 276.317 93.1806
v -34.9959 267.396 97.7966
v -32.4192 276.222 93.8639
v -34.4299 267.834 99.1498
v -31.8532 276.66 95.2172
v -34.9959 268.548 100.38
v -32.4192 277.373 96.4475
v -36.3624 269.119 100.767
v -33.7856 277.945 96.8343
v -37.7288 269.213 100.084
v -35.1521 278.039 96.1509
v -36.3624 268.305 98.94
v -33.7856 277.131 95.0074
v -38.1608 268.776 98.2027
v -42.5364 263.933 105.779
v -37.634 269.83 99.1804
v -42.0097 264.987 106.757
v -36.3624 269.99 100.017
v -40.738 265.147 107.593
v -35.0907 269.163 100.223
v -39.4664 264.32 107.799
v -34.564 267.833 99.6774
v -38.9396 262.99 107.254
v -35.0907 266.78 98.6997
v -39.4664 261.937 106.276
v -36.3624 266.62 97.8628
v -40.738 261.777 105.439
v -37.634 267.447 97.6569
v -42.0097 262.603 105.233
v -36.3624 268.305 98.94
v -40.738 263.462 106.516
v -38.2084 268.846 99.4872
v -34.3608 275.336 106.05
v -37.6677 269.693 98.3326
v -33.8202 276.183 104.896
v -36.3624 269.727 97.5338
v -32.5148 276.217 104.097
v -35.057 268.928 97.5587
v -31.2095 275.418 104.122
v -34.5163 267.764 98.3929
v -30.6688 274.254 104.956
v -35.057 266.917 99.5475
v -31.2095 273.407 106.111
v -36.3624 266.883 100.346
v -32.5148 273.373 106.909
v -37.6677 267.682 100.321
v -33.8202 274.172 106.884
v -36.3624 268.305 98.94
v -32.5148 274.795 105.503
v -34.2733 275.402 106.237
v -29.5099 281.008 113.011
v -33.7583 276.314 105.12
v -28.9949 281.92 111.894
v -32.5148 276.336 104.228
v -27.7514 281.942 111.002
v -31.2713 275.455 104.083
v -26.5079 281.061 110.856
v -30.7563 274.188 104.769
v -25.9929 279.793 111.543
v -31.2713 273.276 105.886
v -26.5079 278.882 112.66
v -32.5148 273.254 106.778
v -27.7514 278.86 113.552
v -33.7583 274.135 106.924
v -28.9949 279.741 113.697
v -32.5148 274.795 105.503
v -27.7514 280.401 112.277
v -34.5059 274.768 105.317
v -35.4476 276.2 115.169
v -33.9227 276.175 105.168
v -34.8645 277.607 115.02
v -32.5148 276.774 105.215
v -33.4565 278.206 115.068
v -31.1069 276.214 105.432
v -32.0486 277.645 115.284
v -30.5237 274.822 105.69
v -31.4654 276.254 115.542
v -31.1069 273.415 105.838
v -32.0486 274.846 115.69
v -32.5148 272.816 105.791
v -33.4565 274.248 115.643
v -33.9227 273.376 105.575
v -34.8645 274.808 115.427
v -32.5148 274.795 105.503
v -33.4565 276.227 115.355
v -38.3624 268.314 98.9448
v -38.3125 277.108 103.705
v -37.7766 268.984 97.6997
v -37.7268 277.779 102.459
v -36.3624 269.257 97.1811
v -36.3126 278.051 101.941
v -34.9482 268.972 97.693
v -34.8984 277.766 102.453
v -34.3624 268.296 98.9353
v -34.3126 277.09 103.695
v -34.9482 267.625 100.18
v -34.8984 276.42 104.94
v -36.3624 267.353 100.699
v -36.3126 276.147 105.459
v -37.7766 267.638 100.187
v -37.7268 276.432 104.947
v -36.3624 268.305 98.94
v -36.3126 277.099 103.7
v -37.9569 278.171 103.317
v -32.2642 285.914 100.551
v -37.4753 277.382 102.097
v -31.7826 285.124 99.3315
v -36.3126 276.426 101.816
v -30.6199 284.169 99.0507
v -35.1499 275.865 102.639
v -29.4572 283.608 99.8731
v -34.6683 276.027 104.083
v -28.9756 283.769 101.317
v -35.1499 276.817 105.302
v -29.4572 284.559 102.537
v -36.3126 277.772 105.583
v -30.6199 285.514 102.818
v -37.4753 278.333 104.761
v -31.7826 286.076 101.995
v -36.3126 277.099 103.7
v -30.6199 284.842 100.934
v -38.3112 277.096 103.627
v -38.6767 277.567 113.609
v -37.7258 278.509 103.582
v -38.0913 278.98 113.564
v -36.3126 279.097 103.606
v -36.678 279.568 113.588
v -34.8993 278.514 103.685
v -35.2648 278.985 113.667
v -34.3139 277.103 103.773
v -34.6794 277.574 113.755
v -34.8993 275.689 103.818
v -35.2648 276.16 113.8
v -36.3126 275.101 103.794
v -36.678 275.572 113.776
v -37.7258 275.684 103.715
v -38.0913 276.155 113.697
v -36.3126 277.099 103.7
v -36.678 277.57 113.682
v -40.5795 262.062 91.4567
v -41.5373 269.646 85.0093
v -39.9964 261.189 90.3429
v -40.9542 268.772 83.8955
v -38.5887 260.913 89.8089
v -39.5465 268.496 83.3614
v -37.181 261.395 90.1675
v -38.1388 268.979 83.72
v -36.5979 262.354 91.2086
v -37.5557 269.938 84.7611
v -37.181 263.227 92.3224
v -38.1388 270.811 85.8749
v -38.5887 263.503 92.8564
v -39.5465 271.087 86.4089
v -39.9964 263.021 92.4978
v -40.9542 270.605 86.0504
v -38.5887 262.208 91.3327
v -39.5465 269.792 84.8852
v -41.4126 269.098 85.0757
v -45.0107 278.095 82.6058
v -40.866 268.927 83.6561
v -44.4642 277.924 81.1863
v -39.5465 269.262 82.9565
v -43.1447 278.26 80.4867
v -38.227 269.908 83.3867
v -41.8252 278.905 80.9169
v -37.6805 270.486 84.6947
v -41.2787 279.483 82.2248
v -38.227 270.657 86.1142
v -41.8252 279.654 83.6444
v -39.5465 270.321 86.8138
v -43.1447 279.318 84.344
v -40.866 269.675 86.3836
v -44.4642 278.673 83.9138
v -39.5465 269.792 84.8852
v -43.1447 278.789 82.4153
v -41.4602 269.53 85.4041
v -44.3668 273.842 76.8628
v -40.8997 268.344 84.6147
v -43.8064 272.656 76.0734
v -39.5465 268.006 83.9838
v -42.4532 272.319 75.4424
v -38.1934 268.715 83.8808
v -41.1 273.027 75.3395
v -37.6329 270.054 84.3662
v -40.5396 274.366 75.8249
v -38.1934 271.239 85.1556
v -41.1 275.552 76.6143
v -39.5465 271.577 85.7866
v -42.4532 275.889 77.2452
v -40.8997 270.869 85.8895
v -43.8064 275.181 77.3482
v -39.5465 269.792 84.8852
v -42.4532 274.104 76.3438
v -41.5429 269.698 84.9592
v -42.1395 277.523 78.7617
v -40.9582 268.848 83.8289
v -41.5547 276.673 77.6313
v -39.5465 268.55 83.3173
v -40.143 276.375 77.1197
v -38.1348 268.98 83.7242
v -38.7313 276.805 77.5266
v -37.5501 269.885 84.8111
v -38.1466 277.71 78.6135
v -38.1348 270.736 85.9414
v -38.7313 278.561 79.7438
v -39.5465 271.033 86.453
v -40.143 278.859 80.2554
v -40.9582 270.604 86.0462
v -41.5547 278.429 79.8486
v -39.5465 269.792 84.8852
v -40.143 277.617 78.6876
v -42.0482 277.15 79.0773
v -45.0904 284.466 72.9762
v -41.4902 276.381 77.877
v -44.5324 283.697 71.776
v -40.143 276.336 77.1516
v -43.1852 283.652 71.0505
v -38.7959 277.042 77.3259
v -41.8381 284.357 71.2249
v -38.2378 278.084 78.2979
v -41.28 285.4 72.1968
v -38.7959 278.853 79.4981
v -41.8381 286.169 73.3971
v -40.143 278.898 80.2236
v -43.1852 286.214 74.1225
v -41.4902 278.192 80.0492
v -44.5324 285.508 73.9482
v -40.143 277.617 78.6876
v -43.1852 284.933 72.5865
v -42.125 277.748 78.4536
v -40.7835 282.598 69.8118
v -41.5445 276.476 77.83
v -40.203 281.326 69.1882
v -40.143 275.873 77.7088
v -38.8016 280.722 69.067
v -38.7416 276.291 78.1609
v -37.4001 281.14 69.5191
v -38.1611 277.486 78.9215
v -36.8196 282.335 70.2797
v -38.7416 278.757 79.5451
v -37.4001 283.607 70.9033
v -40.143 279.361 79.6664
v -38.8016 284.211 71.0246
v -41.5445 278.943 79.2142
v -40.203 283.793 70.5724
v -40.143 277.617 78.6876
v -38.8016 282.467 70.0458
v -41.4614 269.419 85.3258
v -44.3483 275.606 78.0192
v -40.9005 268.449 84.2829
v -43.7874 274.636 76.9762
v -39.5465 268.265 83.5927
v -42.4334 274.452 76.2861
v -38.1925 268.976 83.6597
v -41.0794 275.163 76.3531
v -37.6317 270.165 84.4445
v -40.5186 276.352 77.1379
v -38.1925 271.135 85.4875
v -41.0794 277.322 78.1809
v -39.5465 271.318 86.1776
v -42.4334 277.505 78.871
v -40.9005 270.607 86.1106
v -43.7874 276.794 78.804
v -39.5465 269.792 84.8852
v -42.4334 275.979 77.5786
v -44.3549 275.914 78.1299
v -47.1306 277.039 68.589
v -43.7921 274.528 77.8027
v -46.5678 275.654 68.2618
v -42.4334 273.992 77.3442
v -45.2091 275.118 67.8033
v -41.0748 274.62 77.023
v -43.8505 275.746 67.4821
v -40.512 276.044 77.0272
v -43.2877 277.17 67.4864
v -41.0748 277.429 77.3544
v -43.8505 278.555 67.8136
v -42.4334 277.965 77.8129
v -45.2091 279.091 68.2721
v -43.7921 277.337 78.1341
v -46.5678 278.463 68.5933
v -42.4334 275.979 77.5786
v -45.2091 277.104 68.0377
v -44.4282 275.907 77.7048
v -45.1533 280.81 69.0193
v -43.8439 274.697 76.9727
v -44.569 279.599 68.2871
v -42.4334 274.237 76.5954
v -43.1585 279.14 67.9099
v -41.023 274.798 76.7941
v -41.748 279.7 68.1086
v -40.4387 276.05 77.4523
v -41.1638 280.953 68.7667
v -41.023 277.261 78.1844
v -41.748 282.163 69.4989
v -42.4334 277.72 78.5617
v -43.1585 282.623 69.8761
v -43.8439 277.16 78.363
v -44.569 282.062 69.6775
v -42.4334 275.979 77.5786
v -43.1585 280.881 68.893
v -40.0975 252.317 94.6328
v -43.8394 259.96 99.885
v -39.5542 253.299 93.5914
v -43.2961 260.941 98.8436
v -38.2428 254.066 93.4083
v -41.9847 261.709 98.6605
v -36.9313 254.171 94.1908
v -40.6732 261.814 99.443
v -36.3881 253.55 95.4805
v -40.13 261.193 100.733
v -36.9313 252.569 96.5219
v -40.6732 260.212 101.774
v -38.2428 251.801 96.7049
v -41.9847 259.444 101.957
v -39.5542 251.697 95.9224
v -43.2961 259.339 101.175
v -38.2428 252.934 95.0566
v -41.9847 260.576 100.309
v -43.9225 260.109 100.148
v -46.3962 269.272 103.298
v -43.3549 260.705 98.8577
v -45.8286 269.868 102.008
v -41.9847 261.227 98.4175
v -44.4583 270.39 101.567
v -40.6144 261.367 99.0852
v -43.0881 270.53 102.235
v -40.0468 261.044 100.47
v -42.5205 270.207 103.62
v -40.6144 260.448 101.76
v -43.0881 269.611 104.91
v -41.9847 259.926 102.2
v -44.4583 269.089 105.35
v -43.3549 259.786 101.533
v -45.8286 268.949 104.682
v -41.9847 260.576 100.309
v -44.4583 269.739 103.459
v -43.9596 260.454 100.018
v -45.5366 264.28 109.122
v -43.3812 261.794 99.5554
v -44.9581 265.619 108.659
v -41.9847 262.42 99.534
v -43.5616 266.246 108.638
v -40.5881 261.967 99.9666
v -42.1651 265.792 109.07
v -40.0097 260.699 100.6
v -41.5866 264.524 109.703
v -40.5881 259.359 101.062
v -42.1651 263.185 110.166
v -41.9847 258.733 101.084
v -43.5616 262.558 110.187
v -43.3812 259.186 100.651
v -44.9581 263.012 109.755
v -41.9847 260.576 100.309
v -43.5616 264.402 109.413
v -43.604 260.673 99.139
v -49.4731 260.009 107.208
v -43.1297 262.054 99.5976
v -48.9988 261.39 107.667
v -41.9847 262.57 100.473
v -47.8538 261.906 108.542
v -40.8396 261.918 101.252
v -46.7088 261.254 109.321
v -40.3654 260.48 101.479
v -46.2345 259.816 109.548
v -40.8396 259.099 101.02
v -46.7088 258.435 109.089
v -41.9847 258.583 100.145
v -47.8538 257.919 108.214
v -43.1297 259.235 99.3656
v -48.9988 258.571 107.435
v -41.9847 260.576 100.309
v -47.8538 259.913 108.378
v -49.4977 259.54 107.302
v -55.1932 262.23 115.068
v -49.0163 260.985 107.154
v -54.7118 263.676 114.921
v -47.8538 261.802 107.723
v -53.5493 264.493 115.49
v -46.6914 261.512 108.676
v -52.3869 264.203 116.443
v -46.2099 260.285 109.454
v -51.9054 262.976 117.221
v -46.6914 258.84 109.602
v -52.3869 261.531 117.369
v -47.8538 258.023 109.033
v -53.5493 260.714 116.799
v -49.0163 258.313 108.08
v -54.7118 261.003 115.847
v -47.8538 259.913 108.378
v -53.5493 262.603 116.145
v -49.7247 259.209 108.447
v -53.2603 268.518 107.531
v -49.1767 259.276 107.02
v -52.7123 268.585 106.103
v -47.8538 259.717 106.388
v -51.3895 269.026 105.471
v -46.531 260.272 106.922
v -50.0666 269.581 106.005
v -45.983 260.616 108.309
v -49.5187 269.925 107.393
v -46.531 260.549 109.736
v -50.0666 269.858 108.82
v -47.8538 260.108 110.368
v -51.3895 269.418 109.452
v -49.1767 259.553 109.834
v -52.7123 268.863 108.918
v -47.8538 259.913 108.378
v -51.3895 269.222 107.462
v -43.9572 260.846 100.118
v -42.3064 268.903 94.4294
v -43.3795 259.951 99.0189
v -41.7286 268.008 93.33
v -41.9847 259.423 98.6751
v -40.3338 267.48 92.9861
v -40.5898 259.57 99.2883
v -38.939 267.627 93.5993
v -40.0121 260.307 100.499
v -38.3612 268.363 94.8103
v -40.5898 261.202 101.599
v -38.939 269.258 95.9098
v -41.9847 261.73 101.943
v -40.3338 269.787 96.2536
v -43.3795 261.583 101.329
v -41.7286 269.64 95.6404
v -41.9847 260.576 100.309
v -40.3338 268.633 94.6199
v -42.3241 268.647 94.4232
v -41.3384 269.332 84.4955
v -41.7411 267.232 94.3834
v -40.7555 267.917 84.4557
v -40.3338 266.638 94.4821
v -39.3482 267.323 84.5544
v -38.9265 267.213 94.6615
v -37.9408 267.898 84.7338
v -38.3435 268.62 94.8165
v -37.3579 269.305 84.8888
v -38.9265 270.034 94.8563
v -37.9408 270.72 84.9286
v -40.3338 270.628 94.7576
v -39.3482 271.314 84.8299
v -41.7411 270.054 94.5782
v -40.7555 270.739 84.6505
v -40.3338 268.633 94.6199
v -39.3482 269.318 84.6922
v -42.3327 268.585 94.6656
v -42.665 275.829 87.78
v -41.7472 267.625 93.6272
v -42.0795 274.869 86.7415
v -40.3338 267.255 93.1702
v -40.6661 274.499 86.2846
v -38.9204 267.693 93.5624
v -39.2526 274.937 86.6768
v -38.3349 268.681 94.5741
v -38.6672 275.925 87.6884
v -38.9204 269.642 95.6125
v -39.2526 276.886 88.7268
v -40.3338 270.011 96.0695
v -40.6661 277.255 89.1838
v -41.7472 269.573 95.6773
v -42.0795 276.818 88.7916
v -40.3338 268.633 94.6199
v -40.6661 275.877 87.7342
v -43.9636 260.403 100.077
v -45.4092 266.334 107.998
v -43.384 261.586 99.2975
v -44.8296 267.517 107.218
v -41.9847 262.177 99.1101
v -43.4302 268.108 107.031
v -40.5853 261.831 99.6248
v -42.0309 267.762 107.545
v -40.0057 260.75 100.54
v -41.4512 266.681 108.461
v -40.5853 259.567 101.32
v -42.0309 265.498 109.241
v -41.9847 258.976 101.508
v -43.4302 264.907 109.428
v -43.384 259.322 100.993
v -44.8296 265.253 108.913
v -41.9847 260.576 100.309
v -43.4302 266.507 108.229
v -45.3571 266.093 107.89
v -48.0371 273.546 113.994
v -44.7927 267.11 106.895
v -47.4727 274.564 113
v -43.4302 267.775 106.682
v -46.1102 275.228 112.787
v -42.0677 267.697 107.375
v -44.7477 275.15 113.48
v -41.5034 266.922 108.569
v -44.1834 274.375 114.674
v -42.0677 265.905 109.564
v -44.7477 273.358 115.668
v -43.4302 265.24 109.777
v -46.1102 272.693 115.881
v -44.7927 265.318 109.083
v -47.4727 272.771 115.188
v -43.4302 266.507 108.229
v -46.1102 273.961 114.334
v -45.4175 266.426 108.439
v -44.2904 262.822 117.699
v -44.8354 267.768 108.891
v -43.7084 264.164 118.151
v -43.4302 268.371 108.955
v -42.3032 264.768 118.214
v -42.025 267.883 108.594
v -40.898 264.279 117.853
v -41.443 266.589 108.019
v -40.3159 262.986 117.279
v -42.025 265.247 107.568
v -40.898 261.644 116.828
v -43.4302 264.644 107.504
v -42.3032 261.04 116.764
v -44.8354 265.132 107.865
v -43.7084 261.528 117.125
v -43.4302 266.507 108.229
v -42.3032 262.904 117.489
v -45.4296 266.548 108.255
v -45.1891 275.035 113.539
v -44.844 267.284 107.047
v -44.6035 275.77 112.331
v -43.4302 267.565 106.532
v -43.1897 276.051 111.816
v -42.0164 267.226 107.011
v -41.7759 275.712 112.295
v -41.4308 266.467 108.204
v -41.1903 274.953 113.488
v -42.0164 265.731 109.412
v -41.7759 274.217 114.696
v -43.4302 265.45 109.927
v -43.1897 273.937 115.211
v -44.844 265.789 109.448
v -44.6035 274.275 114.732
v -43.4302 266.507 108.229
v -43.1897 274.994 113.514
v -45.0991 274.438 113.728
v -48.075 283.346 110.292
v -44.5398 274.092 112.346
v -47.5158 282.999 108.91
v -43.1897 274.274 111.648
v -46.1656 283.181 108.212
v -41.8395 274.877 112.043
v -44.8155 283.785 108.607
v -41.2803 275.549 113.3
v -44.2563 284.456 109.864
v -41.8395 275.895 114.682
v -44.8155 284.803 111.246
v -43.1897 275.714 115.38
v -46.1656 284.621 111.944
v -44.5398 275.11 114.985
v -47.5158 284.017 111.549
v -43.1897 274.994 113.514
v -46.1656 283.901 110.078
v -45.0953 275.447 113.917
v -42.06 282.563 120.254
v -44.5372 276.255 112.743
v -41.5019 283.371 119.079
v -43.1897 276.324 112.02
v -40.1544 283.44 118.357
v -41.8422 275.614 112.172
v -38.8069 282.73 118.509
v -41.284 274.54 113.11
v -38.2488 281.656 119.446
v -41.8422 273.733 114.284
v -38.8069 280.849 120.621
v -43.1897 273.664 115.007
v -40.1544 280.78 121.344
v -44.5372 274.374 114.855
v -41.5019 281.49 121.192
v -43.1897 274.994 113.514
v -40.1544 282.11 119.85
v -45.3562 266.737 107.741
v -48.0518 262.644 116.458
v -44.7921 267.95 108.485
v -47.4877 263.857 117.202
v -43.4302 268.318 109.079
v -46.1258 264.225 117.796
v -42.0684 267.626 109.175
v -44.764 263.533 117.892
v -41.5043 266.278 108.717
v -44.1999 262.185 117.434
v -42.0684 265.065 107.973
v -44.764 260.972 116.69
v -43.4302 264.697 107.379
v -46.1258 260.604 116.096
v -44.7921 265.389 107.283
v -47.4877 261.296 116
v -43.4302 266.507 108.229
v -46.1258 262.414 116.946
v -47.701 262.693 115.746
v -53.8629 260.911 123.417
v -47.2397 263.989 116.417
v -53.4016 262.207 124.089
v -46.1258 264.363 117.399
v -52.2878 262.58 125.07
v -45.012 263.595 118.115
v -51.1739 261.812 125.787
v -44.5506 262.136 118.146
v -50.7126 260.353 125.818
v -45.012 260.84 117.475
v -51.1739 259.057 125.146
v -46.1258 260.466 116.493
v -52.2878 258.684 124.165
v -47.2397 261.234 115.777
v -53.4016 259.452 123.449
v -46.1258 262.414 116.946
v -52.2878 260.632 124.618
v -47.9942 261.988 117.519
v -44.4257 256.41 125.012
v -47.4469 263.247 118.195
v -43.8785 257.669 125.688
v -46.1258 264.019 118.14
v -42.5574 258.44 125.633
v -44.8047 263.85 117.386
v -41.2363 258.272 124.879
v -44.2575 262.841 116.374
v -40.6891 257.262 123.867
v -44.8047 261.582 115.697
v -41.2363 256.003 123.19
v -46.1258 260.81 115.752
v -42.5574 255.232 123.245
v -47.4469 260.979 116.506
v -43.8785 255.4 123.999
v -46.1258 262.414 116.946
v -42.5574 256.836 124.439
v -43.9681 260.335 100.396
v -45.2509 269.662 97.0254
v -43.3872 259.925 99.0405
v -44.67 269.252 95.6698
v -41.9847 259.897 98.4279
v -43.2674 269.224 95.0573
v -40.5821 260.266 98.9172
v -41.8649 269.593 95.5465
v -40.0012 260.818 100.222
v -41.284 270.145 96.851
v -40.5821 261.228 101.577
v -41.8649 270.555 98.2066
v -41.9847 261.256 102.19
v -43.2674 270.583 98.8191
v -43.3872 260.887 101.701
v -44.67 270.214 98.3299
v -41.9847 260.576 100.309
v -43.2674 269.904 96.9382
v -45.114 270.019 96.1787
v -41.2725 271.409 87.0512
v -44.5731 268.587 96.1882
v -40.7317 269.977 87.0607
v -43.2674 267.926 96.6371
v -39.4259 269.316 87.5096
v -41.9617 268.424 97.2623
v -38.1202 269.814 88.1349
v -41.4209 269.788 97.6977
v -37.5794 271.178 88.5703
v -41.9617 271.22 97.6882
v -38.1202 272.61 88.5608
v -43.2674 271.881 97.2393
v -39.4259 273.271 88.1119
v -44.5731 271.383 96.6141
v -40.7317 272.774 87.4866
v -43.2674 269.904 96.9382
v -39.4259 271.294 87.8107
v -45.1609 270.353 96.4772
v -41.9406 276.965 89.7013
v -44.6063 269.209 95.6246
v -41.386 275.821 88.8486
v -43.2674 268.472 95.5414
v -40.0471 275.084 88.7655
v -41.9286 268.573 96.2765
v -38.7083 275.185 89.5005
v -41.374 269.454 97.3992
v -38.1537 276.066 90.6232
v -41.9286 270.598 98.2518
v -38.7083 277.209 91.4759
v -43.2674 271.335 98.335
v -40.0471 277.947 91.559
v -44.6063 271.234 97.5999
v -41.386 277.846 90.824
v -43.2674 269.904 96.9382
v -40.0471 276.515 90.1623
v -45.059 269.14 97.3939
v -49.5042 276.832 92.8027
v -44.5342 268.639 96.0461
v -48.9795 276.33 91.4549
v -43.2674 268.878 95.2209
v -47.7127 276.57 90.6297
v -42.0006 269.718 95.4016
v -46.4459 277.41 90.8105
v -41.4759 270.667 96.4825
v -45.9212 278.359 91.8913
v -42.0006 271.168 97.8303
v -46.4459 278.86 93.2391
v -43.2674 270.929 98.6555
v -47.7127 278.62 94.0643
v -44.5342 270.089 98.4747
v -48.9795 277.78 93.8836
v -43.2674 269.904 96.9382
v -47.7127 277.595 92.347
v -49.4142 276.905 91.5545
v -54.6696 282.493 97.9698
v -48.9159 278.173 90.8577
v -54.1712 283.761 97.273
v -47.7127 279.103 91.0334
v -52.968 284.691 97.4487
v -46.5095 279.15 91.9786
v -51.7649 284.738 98.3939
v -46.0111 278.285 93.1396
v -51.2665 283.873 99.5549
v -46.5095 277.017 93.8363
v -51.7649 282.605 100.252
v -47.7127 276.087 93.6606
v -52.968 281.675 100.076
v -48.9159 276.041 92.7155
v -54.1712 281.629 99.1308
v -47.7127 277.595 92.347
v -52.968 283.183 98.7623
v -48.3523 275.706 92.4988
v -57.5414 278.993 94.6797
v -48.4915 276.259 91.0784
v -57.6807 279.546 93.2593
v -48.1745 277.595 90.4011
v -57.3637 280.882 92.582
v -47.587 278.931 90.8637
v -56.7761 282.218 93.0446
v -47.0731 279.484 92.1952
v -56.2622 282.771 94.3761
v -46.9338 278.931 93.6157
v -56.123 282.218 95.7966
v -47.2509 277.595 94.293
v -56.44 280.882 96.4739
v -47.8384 276.259 93.8304
v -57.0275 279.546 96.0112
v -47.7127 277.595 92.347
v -56.9018 280.882 94.5279
v -44.5323 270.146 95.408
v -36.7859 271.135 89.1617
v -44.1618 268.678 95.635
v -36.4154 269.667 89.3888
v -43.2674 267.928 96.6254
v -35.5211 268.917 90.3792
v -42.3731 268.335 97.7991
v -34.6267 269.324 91.5528
v -42.0026 269.661 98.4684
v -34.2563 270.65 92.2222
v -42.3731 271.129 98.2414
v -34.6267 272.118 91.9951
v -43.2674 271.879 97.2509
v -35.5211 272.868 91.0047
v -44.1618 271.472 96.0773
v -36.4154 272.461 89.8311
v -43.2674 269.904 96.9382
v -35.5211 270.892 90.6919
v -34.7775 269.06 90.3918
v -26.2822 273.069 86.9631
v -34.466 269.597 91.7912
v -25.9707 273.606 88.3624
v -34.7725 270.892 92.5466
v -26.2772 274.902 89.1178
v -35.5175 272.188 92.2156
v -27.0222 276.197 88.7868
v -36.2646 272.725 90.9921
v -27.7693 276.734 87.5633
v -36.5761 272.188 89.5927
v -28.0808 276.197 86.164
v -36.2696 270.892 88.8373
v -27.7743 274.902 85.4086
v -35.5246 269.597 89.1683
v -27.0293 273.606 85.7396
v -35.5211 270.892 90.6919
v -27.0258 274.902 87.2632
v -37.409 270.673 90.0695
v -34.1085 267.532 81.1677
v -36.856 269.403 90.7223
v -33.5555 266.263 81.8206
v -35.5211 269.006 91.3574
v -32.2206 265.866 82.4556
v -34.1861 269.714 91.6027
v -30.8856 266.573 82.7009
v -33.6331 271.112 91.3144
v -30.3327 267.971 82.4127
v -34.1861 272.381 90.6616
v -30.8856 269.241 81.7598
v -35.5211 272.778 90.0265
v -32.2206 269.638 81.1247
v -36.856 272.071 89.7812
v -33.5555 268.93 80.8794
v -35.5211 270.892 90.6919
v -32.2206 267.752 81.7902
v -43.4657 260.633 98.9659
v -50.1862 260.32 106.364
v -43.0319 262.03 99.419
v -49.7524 261.717 106.817
v -41.9847 262.575 100.393
v -48.7052 262.262 107.792
v -40.9374 261.949 101.318
v -47.658 261.636 108.717
v -40.5037 260.52 101.652
v -47.2242 260.207 109.05
v -40.9374 259.123 101.199
v -47.658 258.811 108.597
v -41.9847 258.578 100.224
v -48.7052 258.265 107.623
v -43.0319 259.204 99.2995
v -49.7524 258.891 106.698
v -41.9847 260.576 100.309
v -48.7052 260.264 107.707
v -49.9094 261.036 106.309
v -57.8937 258.125 111.58
v -49.5567 262.047 107.403
v -57.541 259.137 112.673
v -48.7052 262.014 108.674
v -56.6896 259.104 113.945
v -47.8537 260.956 109.379
v -55.8381 258.045 114.65
v -47.501 259.492 109.105
v -55.4854 256.581 114.375
v -47.8537 258.48 108.012
v -55.8381 255.569 113.282
v -48.7052 258.513 106.74
v -56.6896 255.602 112.011
v -49.5567 259.572 106.035
v -57.541 256.661 111.306
v -48.7052 260.264 107.707
v -56.6896 257.353 112.978
v -50.5506 261.005 107.495
v -54.4058 252.135 110.038
v -50.0101 261.177 108.916
v -53.8653 252.308 111.459
v -48.7052 260.815 109.63
v -52.5604 251.945 112.173
v -47.4003 260.129 109.217
v -51.2556 251.26 111.76
v -46.8598 259.522 107.92
v -50.715 250.653 110.462
v -47.4003 259.35 106.498
v -51.2556 250.48 109.041
v -48.7052 259.712 105.785
v -52.5604 250.843 108.327
v -50.0101 260.398 106.198
v -53.8653 251.528 108.74
v -48.7052 260.264 107.707
v -52.5604 251.394 110.25
v -50.4703 260.78 106.921
v -55.1726 255.932 114.296
v -49.9533 261.811 107.929
v -54.6556 256.962 115.303
v -48.7052 261.935 108.806
v -53.4075 257.086 116.18
v -47.4571 261.08 109.04
v -52.1594 256.232 116.414
v -46.9401 259.747 108.493
v -51.6424 254.899 115.867
v -47.4571 258.717 107.486
v -52.1594 253.868 114.86
v -48.7052 258.592 106.609
v -53.4075 253.744 113.983
v -49.9533 259.447 106.375
v -54.6556 254.599 113.749
v -48.7052 260.264 107.707
v -53.4075 255.415 115.082
v -54.6629 256.35 113.837
v -62.4474 252.58 118.856
v -54.2952 257.207 115.051
v -62.0796 253.437 120.07
v -53.4075 257.014 116.283
v -61.1919 253.244 121.302
v -52.5198 255.885 116.811
v -60.3042 252.114 121.83
v -52.1521 254.48 116.326
v -59.9365 250.71 121.345
v -52.5198 253.623 115.112
v -60.3042 249.853 120.131
v -53.4075 253.816 113.88
v -61.1919 250.046 118.899
v -54.2952 254.946 113.352
v -62.0796 251.175 118.371
v -53.4075 255.415 115.082
v -61.1919 251.645 120.1
v -55.0351 255.785 113.98
v -60.8468 253.195 121.694
v -54.5584 257.017 114.753
v -60.3701 254.428 122.467
v -53.4075 257.311 115.718
v -59.2193 254.721 123.433
v -52.2566 256.494 116.311
v -58.0684 253.904 124.026
v -51.7799 255.045 116.184
v -57.5917 252.455 123.898
v -52.2566 253.813 115.411
v -58.0684 251.223 123.125
v -53.4075 253.519 114.445
v -59.2193 250.929 122.16
v -54.5584 254.336 113.852
v -60.3701 251.746 121.567
v -53.4075 255.415 115.082
v -59.2193 252.825 122.796
v -49.9847 261.264 106.54
v -57.6704 257.101 111.399
v -49.61 262.045 107.802
v -57.2957 257.883 112.661
v -48.7052 261.783 109.008
v -56.3909 257.62 113.867
v -47.8004 260.63 109.453
v -55.4861 256.468 114.311
v -47.4257 259.264 108.875
v -55.1114 255.101 113.733
v -47.8004 258.482 107.613
v -55.4861 254.32 112.471
v -48.7052 258.745 106.406
v -56.3909 254.583 111.265
v -49.61 259.897 105.962
v -57.2957 255.735 110.82
v -48.7052 260.264 107.707
v -56.3909 256.101 112.566
v -55.6455 254.281 112.207
v -63.8467 250.143 116.159
v -56.4778 254.814 111.038
v -64.679 250.677 114.99
v -57.2592 256.101 110.764
v -65.4604 251.964 114.717
v -57.532 257.389 111.546
v -65.7332 253.252 115.498
v -57.1363 257.922 112.925
v -65.3376 253.785 116.877
v -56.304 257.389 114.094
v -64.5053 253.252 118.046
v -55.5226 256.101 114.368
v -63.7239 251.964 118.32
v -55.2498 254.814 113.586
v -63.4511 250.677 117.538
v -56.3909 256.101 112.566
v -64.5922 251.964 116.518
v -57.81 257.335 111.884
v -64.8566 251.125 115.316
v -57.3943 257.658 113.322
v -64.441 251.447 116.754
v -56.3909 257.069 114.316
v -63.4375 250.858 117.748
v -55.3874 255.913 114.286
v -62.4341 249.703 117.717
v -54.9718 254.868 113.248
v -62.0184 248.658 116.679
v -55.3874 254.545 111.81
v -62.4341 248.335 115.242
v -56.3909 255.134 110.815
v -63.4375 248.924 114.247
v -57.3943 256.29 110.846
v -64.441 250.079 114.278
v -56.3909 256.101 112.566
v -63.4375 249.891 115.998
v -49.9521 260.319 106.145
v -57.7707 260.098 112.375
v -49.5869 261.716 106.652
v -57.4055 261.495 112.883
v -48.7052 262.262 107.778
v -56.5238 262.041 114.009
v -47.8235 261.638 108.862
v -55.6421 261.417 115.093
v -47.4583 260.208 109.27
v -55.2769 259.987 115.501
v -47.8235 258.811 108.762
v -55.6421 258.59 114.993
v -48.7052 258.265 107.636
v -56.5238 258.044 113.867
v -49.5869 258.889 106.552
v -57.4055 258.668 112.783
v -48.7052 260.264 107.707
v -56.5238 260.042 113.938
v -57.9496 261.191 113.133
v -64.9623 255.354 117.225
v -57.532 261.666 114.527
v -64.5447 255.829 118.619
v -56.5238 261.191 115.575
v -63.5365 255.353 119.668
v -55.5156 260.042 115.665
v -62.5283 254.205 119.758
v -55.098 258.894 114.743
v -62.1107 253.057 118.835
v -55.5156 258.419 113.349
v -62.5283 252.581 117.442
v -56.5238 258.894 112.3
v -63.5365 253.057 116.393
v -57.532 260.043 112.211
v -64.5447 254.205 116.303
v -56.5238 260.042 113.938
v -63.5365 254.205 118.03
v -58.4473 259.738 113.482
v -61.1867 265.084 121.477
v -57.8839 261.003 112.83
v -60.6233 266.349 120.824
v -56.5238 261.705 112.826
v -59.2632 267.051 120.821
v -55.1637 261.433 113.474
v -57.9031 266.78 121.468
v -54.6003 260.347 114.393
v -57.3397 265.693 122.388
v -55.1637 259.082 115.046
v -57.9031 264.428 123.041
v -56.5238 258.38 115.05
v -59.2632 263.726 123.044
v -57.8839 258.652 114.402
v -60.6233 263.998 122.397
v -56.5238 260.042 113.938
v -59.2632 265.389 121.933
v -55.9342 258.163 113.589
v -64.0229 254.739 118.369
v -56.8264 258.714 112.474
v -64.915 255.289 117.254
v -57.5413 260.042 112.216
v -65.63 256.618 116.996
v -57.6602 261.371 112.967
v -65.7489 257.947 117.747
v -57.1134 261.922 114.286
v -65.2021 258.497 119.066
v -56.2213 261.371 115.402
v -64.3099 257.947 120.182
v -55.5063 260.042 115.66
v -63.595 256.618 120.44
v -55.3874 258.714 114.909
v -63.4761 255.289 119.689
v -56.5238 260.042 113.938
v -64.6125 256.618 118.718
v -66.3204 257.638 118.51
v -71.5237 249.269 120.212
v -65.8202 257.621 119.957
v -71.0234 249.252 121.658
v -64.6125 257.017 120.678
v -69.8157 248.648 122.379
v -63.4048 256.179 120.25
v -68.608 247.81 121.951
v -62.9045 255.598 118.925
v -68.1078 247.23 120.626
v -63.4048 255.615 117.478
v -68.608 247.247 119.18
v -64.6125 256.22 116.758
v -69.8157 247.851 118.459
v -65.8202 257.058 117.185
v -71.0234 248.689 118.886
v -64.6125 256.618 118.718
v -69.8157 248.25 120.419
v -66.1659 257.439 117.762
v -72.4648 252.378 123.654
v -65.7109 258.271 118.964
v -72.0098 253.21 124.855
v -64.6125 258.135 120.021
v -70.9114 253.074 125.912
v -63.5141 257.11 120.315
v -69.813 252.049 126.206
v -63.0591 255.797 119.673
v -69.358 250.736 125.565
v -63.5141 254.965 118.472
v -69.813 249.904 124.363
v -64.6125 255.101 117.414
v -70.9114 250.04 123.306
v -65.7109 256.126 117.12
v -72.0098 251.065 123.012
v -64.6125 256.618 118.718
v -70.9114 251.557 124.609
v -58.4565 260.405 113.573
v -61.0282 253.598 120.432
v -57.8905 261.302 114.676
v -60.4621 254.495 121.535
v -56.5238 261.462 115.347
v -59.0955 254.655 122.206
v -55.1572 260.79 115.192
v -57.7288 253.983 122.051
v -54.5911 259.68 114.303
v -57.1628 252.873 121.162
v -55.1572 258.783 113.2
v -57.7288 251.975 120.059
v -56.5238 258.623 112.529
v -59.0955 251.816 119.388
v -57.8905 259.295 112.684
v -60.4621 252.488 119.543
v -56.5238 260.042 113.938
v -59.0955 253.235 120.797
v -61.0676 252.906 120.848
v -59.4023 243.162 122.355
v -60.49 253.219 122.231
v -58.8247 243.474 123.738
v -59.0955 253.541 122.774
v -57.4302 243.796 124.281
v -57.701 253.684 122.159
v -56.0357 243.94 123.666
v -57.1234 253.564 120.746
v -55.4581 243.82 122.253
v -57.701 253.252 119.363
v -56.0357 243.507 120.871
v -59.0955 252.93 118.821
v -57.4302 243.185 120.328
v -60.49 252.786 119.435
v -58.8247 243.042 120.943
v -59.0955 253.235 120.797
v -57.4302 243.491 122.304
v -61.0261 253.454 120.323
v -63.6376 249.411 129.088
v -60.4606 254.674 121.054
v -63.0721 250.631 129.819
v -59.0955 255.051 121.635
v -61.707 251.008 130.4
v -57.7304 254.365 121.725
v -60.3418 250.321 130.49
v -57.1649 253.017 121.271
v -59.7764 248.973 130.037
v -57.7304 251.796 120.54
v -60.3418 247.753 129.305
v -59.0955 251.419 119.959
v -61.707 247.376 128.725
v -60.4606 252.106 119.869
v -63.0721 248.062 128.635
v -59.0955 253.235 120.797
v -61.707 249.192 129.562
v -50.6687 260.583 107.501
v -52.5705 252.334 112.824
v -50.0936 261.256 108.75
v -51.9954 253.007 114.073
v -48.7052 261.348 109.388
v -50.607 253.099 114.711
v -47.3168 260.804 109.041
v -49.2186 252.555 114.365
v -46.7417 259.944 107.913
v -48.6435 251.695 113.237
v -47.3168 259.271 106.665
v -49.2186 251.022 111.988
v -48.7052 259.179 106.027
v -50.607 250.93 111.35
v -50.0936 259.723 106.373
v -51.9954 251.474 111.696
v -48.7052 260.264 107.707
v -50.607 252.015 113.031
v -52.5455 252.216 112.582
v -55.007 248.244 121.423
v -51.9777 253.447 113.293
v -54.4392 249.475 122.134
v -50.607 253.839 113.85
v -53.0685 249.867 122.691
v -49.2363 253.162 113.928
v -51.6978 249.19 122.769
v -48.6685 251.813 113.48
v -51.1301 247.841 122.321
v -49.2363 250.582 112.769
v -51.6978 246.61 121.61
v -50.607 250.19 112.211
v -53.0685 246.218 121.052
v -51.9777 250.867 112.133
v -54.4392 246.895 120.975
v -50.607 252.015 113.031
v -53.0685 248.043 121.872
v -52.5983 251.864 113.14
v -51.6683 243.807 118.989
v -52.0151 252.739 114.252
v -51.085 244.681 120.101
v -50.607 253.19 114.649
v -49.677 245.132 120.498
v -49.1989 252.952 114.098
v -48.2689 244.894 119.947
v -48.6157 252.165 112.921
v -47.6856 244.108 118.77
v -49.1989 251.29 111.809
v -48.2689 243.233 117.658
v -50.607 250.84 111.412
v -49.677 242.782 117.261
v -52.0151 251.077 111.963
v -51.085 243.02 117.812
v -50.607 252.015 113.031
v -49.677 243.957 118.88
v -52.6069 251.997 113.037
v -52.5121 242.665 116.631
v -52.0211 252.51 114.355
v -51.9264 243.179 117.949
v -50.607 252.733 114.897
v -50.5122 243.402 118.491
v -49.1928 252.535 114.345
v -49.0981 243.204 117.939
v -48.6071 252.032 113.024
v -48.5123 242.701 116.617
v -49.1928 251.519 111.706
v -49.0981 242.187 115.3
v -50.607 251.296 111.164
v -50.5122 241.964 114.758
v -52.0211 251.494 111.716
v -51.9264 242.162 115.309
v -50.607 252.015 113.031
v -50.5122 242.683 116.624
v -52.3118 241.811 116.644
v -47.9488 232.815 116.852
v -51.7847 242.099 118.052
v -47.4217 233.103 118.26
v -50.5122 242.729 118.624
v -46.1492 233.734 118.831
v -49.2397 243.333 118.024
v -44.8767 234.337 118.231
v -48.7126 243.556 116.604
v -44.3496 234.56 116.811
v -49.2397 243.267 115.196
v -44.8767 234.272 115.403
v -50.5122 242.637 114.625
v -46.1492 233.641 114.832
v -51.7847 242.034 115.225
v -47.4217 233.038 115.432
v -50.5122 242.683 116.624
v -46.1492 233.688 116.832
v -52.32 241.87 116.358
v -48.0425 233.281 113.543
v -51.7905 241.668 117.78
v -47.513 233.078 114.965
v -50.5122 242.06 118.525
v -46.2347 233.471 115.71
v -49.2339 242.818 118.157
v -44.9564 234.228 115.342
v -48.7045 243.496 116.891
v -44.4269 234.907 114.076
v -49.2339 243.698 115.469
v -44.9564 235.109 112.654
v -50.5122 243.306 114.724
v -46.2347 234.716 111.909
v -51.7905 242.549 115.092
v -47.513 233.959 112.277
v -50.5122 242.683 116.624
v -46.2347 234.094 113.81
v -52.6063 251.961 113.024
v -52.3339 242.048 111.733
v -52.0207 251.794 114.428
v -51.7483 241.881 113.138
v -50.607 251.757 115.014
v -50.3347 241.844 113.724
v -49.1933 251.87 114.438
v -48.921 241.958 113.148
v -48.6077 252.069 113.038
v -48.3354 242.156 111.748
v -49.1933 252.235 111.633
v -48.921 242.323 110.343
v -50.607 252.273 111.047
v -50.3347 242.36 109.757
v -52.0207 252.159 111.623
v -51.7483 242.246 110.333
v -50.607 252.015 113.031
v -50.3347 242.102 111.74
v -51.7924 240.978 110.958
v -44.946 234.997 106.793
v -51.3655 240.499 112.348
v -44.519 234.518 108.182
v -50.3347 240.959 113.382
v -43.4882 234.978 109.216
v -49.3039 242.088 113.454
v -42.4574 236.107 109.289
v -48.8769 243.226 112.523
v -42.0305 237.244 108.358
v -49.3039 243.705 111.133
v -42.4574 237.723 106.968
v -50.3347 243.245 110.099
v -43.4882 237.264 105.934
v -51.3655 242.116 110.027
v -44.519 236.134 105.861
v -50.3347 242.102 111.74
v -43.4882 236.121 107.575
v -52.1606 241.286 111.717
v -48.0803 232.16 111.459
v -51.6258 241.485 113.138
v -47.5455 232.359 112.88
v -50.3347 242.045 113.74
v -46.2544 232.919 113.482
v -49.0435 242.639 113.17
v -44.9632 233.513 112.912
v -48.5087 242.918 111.764
v -44.4284 233.792 111.505
v -49.0435 242.719 110.343
v -44.9632 233.593 110.085
v -50.3347 242.158 109.741
v -46.2544 233.032 109.483
v -51.6258 241.565 110.311
v -47.5455 232.439 110.052
v -50.3347 242.102 111.74
v -46.2544 232.976 111.482
v -50.0217 259.878 106.252
v -57.5498 261.564 112.614
v -49.6361 261.358 106.316
v -57.1642 263.044 112.678
v -48.7052 262.197 107.195
v -56.2334 263.883 113.558
v -47.7743 261.903 108.374
v -55.3025 263.59 114.737
v -47.3887 260.649 109.163
v -54.9169 262.336 115.525
v -47.7743 259.169 109.099
v -55.3025 260.856 115.461
v -48.7052 258.33 108.22
v -56.2334 260.017 114.582
v -49.6361 258.624 107.04
v -57.1642 260.31 113.403
v -48.7052 260.264 107.707
v -56.2334 261.95 114.07
v -58.1222 262.604 114.007
v -61.4093 253.203 114.91
v -57.569 262.548 115.433
v -60.8561 253.147 116.336
v -56.2334 262.141 116.061
v -59.5205 252.74 116.963
v -54.8977 261.622 115.522
v -58.1849 252.221 116.425
v -54.3445 261.296 114.133
v -57.6316 251.894 115.035
v -54.8977 261.352 112.707
v -58.1849 251.951 113.609
v -56.2334 261.759 112.079
v -59.5205 252.358 112.982
v -57.569 262.278 112.618
v -60.8561 252.876 113.52
v -56.2334 261.95 114.07
v -59.5205 252.549 114.972
v -57.9543 262.157 113.072
v -63.0494 260.407 121.497
v -57.4503 263.481 113.652
v -62.5453 261.731 122.077
v -56.2334 263.908 114.477
v -61.3284 262.158 122.901
v -55.0165 263.188 115.063
v -60.1115 261.438 123.488
v -54.5124 261.743 115.068
v -59.6075 259.993 123.492
v -55.0165 260.419 114.488
v -60.1115 258.669 122.913
v -56.2334 259.992 113.663
v -61.3284 258.242 122.088
v -57.4503 260.712 113.077
v -62.5453 258.962 121.502
v -56.2334 261.95 114.07
v -61.3284 260.2 122.495
v -58.1336 261.384 113.808
v -61.2519 270.008 117.795
v -57.5771 262.143 112.601
v -60.6953 270.768 116.588
v -56.2334 262.789 112.254
v -59.3516 271.414 116.241
v -54.8897 262.944 112.971
v -58.0079 271.568 116.958
v -54.3331 262.516 114.332
v -57.4513 271.141 118.318
v -54.8897 261.757 115.539
v -58.0079 270.381 119.525
v -56.2334 261.111 115.885
v -59.3516 269.735 119.872
v -57.5771 260.956 115.169
v -60.6953 269.581 119.155
v -56.2334 261.95 114.07
v -59.3516 270.574 118.057
v -61.3085 270.197 117.89
v -63.373 279.145 121.848
v -60.7353 270.88 116.645
v -62.7998 279.828 120.604
v -59.3516 271.384 116.228
v -61.4161 280.332 120.186
v -57.9678 271.414 116.881
v -60.0323 280.362 120.84
v -57.3947 270.952 118.224
v -59.4591 279.9 122.182
v -57.9678 270.269 119.468
v -60.0323 279.217 123.426
v -59.3516 269.765 119.886
v -61.4161 278.713 123.844
v -60.7353 269.735 119.232
v -62.7998 278.683 123.19
v -59.3516 270.574 118.057
v -61.4161 279.523 122.015
v -61.3507 270.535 118.014
v -61.6424 277.37 125.308
v -60.7652 271.578 117.059
v -61.0569 278.413 124.353
v -59.3516 272.034 116.689
v -59.6433 278.869 123.983
v -57.938 271.635 117.12
v -58.2297 278.47 124.413
v -57.3524 270.614 118.099
v -57.6441 277.449 125.393
v -57.938 269.571 119.054
v -58.2297 276.406 126.347
v -59.3516 269.115 119.424
v -59.6433 275.95 126.718
v -60.7652 269.514 118.993
v -61.0569 276.349 126.287
v -59.3516 270.574 118.057
v -59.6433 277.41 125.35
v -58.1842 261.613 113.785
v -60.3888 269.063 120.081
v -57.6128 262.625 112.788
v -59.8174 270.075 119.084
v -56.2334 263.241 112.542
v -58.438 270.691 118.838
v -54.854 263.101 113.191
v -57.0585 270.551 119.486
v -54.2826 262.287 114.354
v -56.4872 269.737 120.65
v -54.854 261.275 115.351
v -57.0585 268.726 121.647
v -56.2334 260.659 115.598
v -58.438 268.109 121.893
v -57.6128 260.799 114.949
v -59.8174 268.249 121.244
v -56.2334 261.95 114.07
v -58.438 269.4 120.365
v -60.1743 268.574 119.815
v -65.137 275.798 124.631
v -59.6657 269.601 118.799
v -64.6284 276.824 123.616
v -58.438 270.51 118.701
v -63.4006 277.733 123.518
v -57.2102 270.769 119.578
v -62.1729 277.992 124.394
v -56.7016 270.226 120.916
v -61.6643 277.449 125.732
v -57.2102 269.2 121.931
v -62.1729 276.423 126.748
v -58.438 268.291 122.029
v -63.4006 275.514 126.846
v -59.6657 268.032 121.153
v -64.6284 275.255 125.969
v -58.438 269.4 120.365
v -63.4006 276.624 125.182
v -60.1723 270.389 120.488
v -55.1919 278.994 121.56
v -59.6643 270.274 119.049
v -54.6839 278.879 120.12
v -58.438 269.647 118.381
v -53.4576 278.252 119.452
v -57.2116 268.876 118.875
v -52.2312 277.481 119.946
v -56.7037 268.412 120.242
v -51.7233 277.017 121.314
v -57.2116 268.527 121.682
v -52.2312 277.132 122.753
v -58.438 269.153 122.35
v -53.4576 277.758 123.421
v -59.6643 269.924 121.856
v -54.6839 278.53 122.927
v -58.438 269.4 120.365
v -53.4576 278.005 121.437
v -55.9628 259.973 113.941
v -64.8891 258.474 118.193
v -56.6502 260.552 112.702
v -65.5765 259.053 116.954
v -57.0934 261.95 112.264
v -66.0197 260.452 116.516
v -57.0328 263.348 112.884
v -65.9591 261.85 117.136
v -56.5039 263.927 114.199
v -65.4302 262.429 118.45
v -55.8165 263.348 115.438
v -64.7428 261.85 119.689
v -55.3733 261.95 115.876
v -64.2996 260.452 120.127
v -55.4339 260.552 115.256
v -64.3602 259.053 119.507
v -56.2334 261.95 114.07
v -65.1596 260.452 118.322
v -67.1571 260.552 118.307
v -67.6637 250.663 119.707
v -66.572 260.721 119.712
v -67.0786 250.832 121.111
v -65.1596 260.732 120.302
v -65.6662 250.843 121.701
v -63.7472 260.579 119.732
v -64.2538 250.69 121.131
v -63.1622 260.351 118.336
v -63.6688 250.463 119.735
v -63.7472 260.183 116.931
v -64.2538 250.294 118.331
v -65.1596 260.171 116.341
v -65.6662 250.283 117.741
v -66.572 260.324 116.911
v -67.0786 250.436 118.311
v -65.1596 260.452 118.322
v -65.6662 250.563 119.721
v -67.1582 260.524 118.296
v -67.542 251.123 121.682
v -66.5728 260.982 119.634
v -66.9567 251.581 123.02
v -65.1596 261.129 120.203
v -65.5435 251.728 123.589
v -63.7465 260.88 119.671
v -64.1303 251.478 123.057
v -63.1611 260.379 118.348
v -63.545 250.978 121.734
v -63.7465 259.921 117.009
v -64.1303 250.52 120.396
v -65.1596 259.774 116.44
v -65.5435 250.373 119.826
v -66.5728 260.023 116.973
v -66.9567 250.622 120.359
v -65.1596 260.452 118.322
v -65.5435 251.05 121.708
v -66.8035 259.386 117.919
v -72.4995 267.075 120.823
v -66.322 260.198 116.714
v -72.0181 267.887 119.618
v -65.1596 261.158 116.451
v -70.8557 268.847 119.355
v -63.9973 261.705 117.283
v -69.6933 269.394 120.188
v -63.5158 261.517 118.724
v -69.2119 269.206 121.628
v -63.9973 260.706 119.929
v -69.6933 268.395 122.833
v -65.1596 259.745 120.193
v -70.8557 267.434 123.097
v -66.322 259.198 119.36
v -72.0181 266.887 122.264
v -65.1596 260.452 118.322
v -70.8557 268.141 121.226
v -72.5409 267.361 120.483
v -77.926 273.462 126.295
v -72.0473 268.565 119.677
v -77.4324 274.666 125.488
v -70.8557 269.52 119.778
v -76.2408 275.621 125.59
v -69.664 269.667 120.727
v -75.0491 275.769 126.539
v -69.1704 268.92 121.969
v -74.5555 275.022 127.781
v -69.664 267.717 122.775
v -75.0491 273.818 128.587
v -70.8557 266.761 122.674
v -76.2408 272.862 128.486
v -72.0473 266.614 121.725
v -77.4324 272.715 127.536
v -70.8557 268.141 121.226
v -76.2408 274.242 127.038
v -72.1556 267.617 119.799
v -79.7554 269.857 125.9
v -71.7748 269.098 119.729
v -79.3747 271.338 125.83
v -70.8557 270.018 120.536
v -78.4556 272.259 126.637
v -69.9365 269.839 121.747
v -77.5364 272.079 127.848
v -69.5558 268.665 122.653
v -77.1557 270.905 128.754
v -69.9365 267.184 122.722
v -77.5364 269.424 128.823
v -70.8557 266.263 121.915
v -78.4556 268.504 128.016
v -71.7748 266.443 120.705
v -79.3747 268.683 126.805
v -70.8557 268.141 121.226
v -78.4556 270.381 127.327
v -66.6649 261.067 117.157
v -73.2494 257.55 123.811
v -66.224 262.137 118.159
v -72.8085 258.62 124.813
v -65.1596 262.22 119.256
v -71.7441 258.703 125.91
v -64.0953 261.267 119.806
v -70.6797 257.75 126.46
v -63.6544 259.836 119.486
v -70.2388 256.32 126.14
v -64.0953 258.766 118.484
v -70.6797 255.249 125.138
v -65.1596 258.683 117.387
v -71.7441 255.167 124.041
v -66.224 259.636 116.838
v -72.8085 256.12 123.492
v -65.1596 260.452 118.322
v -71.7441 256.935 124.976
v -73.1775 255.745 124.248
v -80.1512 261.859 127.988
v -72.7577 256.832 123.255
v -79.7313 262.946 126.994
v -71.7441 257.979 123.27
v -78.7177 264.093 127.009
v -70.7305 258.514 124.284
v -77.7042 264.628 128.024
v -70.3107 258.125 125.703
v -77.2843 264.239 129.443
v -70.7305 257.038 126.697
v -77.7042 263.152 130.437
v -71.7441 255.891 126.682
v -78.7177 262.005 130.422
v -72.7577 255.356 125.668
v -79.7313 261.47 129.407
v -71.7441 256.935 124.976
v -78.7177 263.049 128.716
v -73.5535 256.177 124.586
v -77.8144 264.222 128.725
v -73.0235 257.046 123.443
v -77.2845 265.091 127.581
v -71.7441 257.85 123.197
v -76.0051 265.894 127.336
v -70.4647 258.118 123.994
v -74.7257 266.162 128.133
v -69.9347 257.693 125.366
v -74.1957 265.737 129.504
v -70.4647 256.824 126.509
v -74.7257 264.868 130.648
v -71.7441 256.02 126.754
v -76.0051 264.065 130.893
v -73.0235 255.752 125.958
v -77.2845 263.797 130.096
v -71.7441 256.935 124.976
v -76.0051 264.979 129.114
v -58.0211 261.254 113.504
v -62.5042 268.19 119.143
v -57.4975 262.35 112.573
v -61.9805 269.286 118.212
v -56.2334 263.212 112.518
v -60.7164 270.147 118.157
v -54.9692 263.334 113.373
v -59.4523 270.27 119.012
v -54.4456 262.646 114.636
v -58.9286 269.581 120.275
v -54.9692 261.55 115.567
v -59.4523 268.485 121.206
v -56.2334 260.688 115.622
v -60.7164 267.624 121.261
v -57.4975 260.566 114.767
v -61.9805 267.501 120.406
v -56.2334 261.95 114.07
v -60.7164 268.885 119.709
v -62.4559 268.588 118.768
v -67.3906 271.213 127.06
v -61.9464 270.023 118.617
v -66.8811 272.648 126.909
v -60.7164 270.792 119.105
v -65.6511 273.417 127.397
v -59.4864 270.444 119.948
v -64.4211 273.069 128.24
v -58.9769 269.183 120.65
v -63.9116 271.808 128.942
v -59.4864 267.748 120.801
v -64.4211 270.373 129.093
v -60.7164 266.979 120.313
v -65.6511 269.604 128.605
v -61.9464 267.327 119.471
v -66.8811 269.952 127.763
v -60.7164 268.885 119.709
v -65.6511 271.511 128.001
v -62.5762 268.667 119.007
v -66.2547 271.432 127.885
v -62.0315 270.081 118.792
v -65.71 272.847 127.67
v -60.7164 270.795 119.114
v -64.395 273.561 127.992
v -59.4014 270.39 119.785
v -63.0799 273.156 128.663
v -58.8566 269.104 120.411
v -62.5352 271.87 129.289
v -59.4014 267.69 120.626
v -63.0799 270.456 129.504
v -60.7164 266.976 120.304
v -64.395 269.742 129.182
v -62.0315 267.381 119.633
v -65.71 270.146 128.511
v -60.7164 268.885 119.709
v -64.395 271.651 128.587
v -62.7025 268.889 119.474
v -63.8795 268.76 129.403
v -62.1208 270.302 119.561
v -63.2978 270.173 129.491
v -60.7164 270.885 119.735
v -61.8934 270.757 129.665
v -59.312 270.297 119.894
v -60.489 270.169 129.824
v -58.7303 268.882 119.944
v -59.9073 268.754 129.874
v -59.312 267.469 119.857
v -60.489 267.34 129.787
v -60.7164 266.886 119.683
v -61.8934 266.757 129.613
v -62.1208 267.474 119.524
v -63.2978 267.345 129.454
v -60.7164 268.885 119.709
v -61.8934 268.757 129.639
v -63.8042 268.203 129.433
v -66.7577 277.161 132.754
v -63.2446 268.857 128.167
v -66.198 277.815 131.488
v -61.8934 269.452 127.763
v -64.8469 278.41 131.084
v -60.5423 269.64 128.458
v -63.4957 278.598 131.778
v -59.9826 269.311 129.844
v -62.9361 278.269 133.164
v -60.5423 268.657 131.11
v -63.4957 277.615 134.43
v -61.8934 268.062 131.514
v -64.8469 277.02 134.835
v -63.2446 267.874 130.82
v -66.198 276.832 134.14
v -61.8934 268.757 129.639
v -64.8469 277.715 132.959
v -63.8129 268.95 129.111
v -66.6221 265.649 138.123
v -63.2507 270.221 129.752
v -66.0599 266.92 138.764
v -61.8934 270.635 130.327
v -64.7027 267.333 139.338
v -60.5362 269.948 130.498
v -63.3454 266.647 139.51
v -59.974 268.563 130.166
v -62.7832 265.262 139.178
v -60.5362 267.292 129.525
v -63.3454 263.991 138.537
v -61.8934 266.879 128.951
v -64.7027 263.578 137.962
v -63.2507 267.565 128.779
v -66.0599 264.264 137.791
v -61.8934 268.757 129.639
v -64.7027 265.455 138.65
v -62.6843 268.586 119.515
v -64.4681 276.845 124.863
v -62.1079 269.442 118.385
v -63.8917 277.702 123.733
v -60.7164 269.973 118.03
v -62.5002 278.232 123.378
v -59.3249 269.866 118.659
v -61.1086 278.125 124.007
v -58.7485 269.185 119.903
v -60.5322 277.444 125.251
v -59.3249 268.329 121.033
v -61.1086 276.588 126.381
v -60.7164 267.798 121.388
v -62.5002 276.058 126.736
v -62.1079 267.905 120.759
v -63.8917 276.164 126.107
v -60.7164 268.885 119.709
v -62.5002 277.145 125.057
v -64.4992 277.111 125.006
v -64.8055 282.705 133.289
v -63.9137 278.293 124.23
v -64.22 283.887 132.513
v -62.5002 278.802 123.938
v -62.8064 284.396 132.221
v -61.0866 278.341 124.301
v -61.3929 283.935 132.585
v -60.5011 277.179 125.108
v -60.8074 282.773 133.391
v -61.0866 275.997 125.884
v -61.3929 281.591 134.168
v -62.5002 275.487 126.176
v -62.8064 281.082 134.46
v -63.9137 275.949 125.813
v -64.22 281.543 134.096
v -62.5002 277.145 125.057
v -62.8064 282.739 133.34
v -64.4801 277.214 124.783
v -65.8925 274.778 134.379
v -63.9002 278.565 125.212
v -65.3126 276.128 134.807
v -62.5002 279.083 125.549
v -63.9126 276.647 135.145
v -61.1001 278.466 125.599
v -62.5125 276.03 135.194
v -60.5202 277.075 125.331
v -61.9326 274.639 134.926
v -61.1001 275.725 124.903
v -62.5125 273.289 134.498
v -62.5002 275.206 124.565
v -63.9126 272.77 134.16
v -63.9002 275.823 124.515
v -65.3126 273.387 134.111
v -62.5002 277.145 125.057
v -63.9126 274.708 134.652
v -50.3773 260.459 106.628
v -55.8635 258.969 114.855
v -49.8876 261.793 107.196
v -55.3738 260.304 115.423
v -48.7052 262.232 108.064
v -54.1914 260.742 116.291
v -47.5228 261.517 108.723
v -53.009 260.027 116.95
v -47.0331 260.068 108.787
v -52.5192 258.578 117.014
v -47.5228 258.734 108.219
v -53.009 257.244 116.446
v -48.7052 258.296 107.351
v -54.1914 256.806 115.578
v -49.8876 259.01 106.692
v -55.3738 257.521 114.919
v -48.7052 260.264 107.707
v -54.1914 258.774 115.934
v -55.9932 258.201 115.282
v -60.333 264.146 122.051
v -55.4655 259.431 114.54
v -59.8052 265.377 121.309
v -54.1914 260.277 114.614
v -58.5311 266.222 121.383
v -52.9173 260.241 115.462
v -57.257 266.187 122.231
v -52.3895 259.347 116.586
v -56.7293 265.292 123.355
v -52.9173 258.116 117.329
v -57.257 264.062 124.098
v -54.1914 257.271 117.254
v -58.5311 263.217 124.023
v -55.4655 257.306 116.406
v -59.8052 263.252 123.175
v -54.1914 258.774 115.934
v -58.5311 264.719 122.703
v -56.1086 258.4 116.364
v -53.2622 252.106 123.594
v -55.5471 259.576 117.166
v -52.7007 253.282 124.397
v -54.1914 260.282 117.247
v -51.345 253.988 124.478
v -52.8357 260.105 116.559
v -49.9892 253.811 123.79
v -52.2741 259.148 115.505
v -49.4277 252.854 122.735
v -52.8357 257.971 114.702
v -49.9892 251.677 121.933
v -54.1914 257.265 114.621
v -51.345 250.971 121.852
v -55.5471 257.443 115.309
v -52.7007 251.149 122.54
v -54.1914 258.774 115.934
v -51.345 252.48 123.165
v -54.911 256.923 116.168
v -63.7136 260.706 119.032
v -55.1376 257.465 114.755
v -63.9403 261.248 117.618
v -54.81 258.774 114.032
v -63.6127 262.557 116.896
v -54.12 260.083 114.424
v -62.9227 263.866 117.287
v -53.4718 260.625 115.7
v -62.2745 264.409 118.563
v -53.2451 260.083 117.114
v -62.0478 263.866 119.977
v -53.5727 258.774 117.836
v -62.3754 262.557 120.699
v -54.2627 257.465 117.445
v -63.0654 261.248 120.308
v -54.1914 258.774 115.934
v -62.9941 262.557 118.797
v -62.9844 260.557 118.795
v -72.71 260.508 121.121
v -63.3162 261.143 117.42
v -73.0418 261.093 119.746
v -63.4593 262.557 116.852
v -73.1849 262.508 119.178
v -63.3299 263.971 117.424
v -73.0555 263.922 119.75
v -63.0037 264.557 118.8
v -72.7293 264.508 121.126
v -62.672 263.971 120.175
v -72.3976 263.922 122.501
v -62.5289 262.557 120.743
v -72.2545 262.508 123.069
v -62.6583 261.143 120.171
v -72.3839 261.093 122.497
v -62.9941 262.557 118.797
v -72.7197 262.508 121.123
v -64.2199 261.546 117.583
v -72.1215 265.467 122.294
v -63.8608 262.929 117.034
v -71.7625 266.85 121.745
v -62.9941 264.095 117.518
v -70.8957 268.015 122.229
v -62.1273 264.359 118.752
v -70.0289 268.28 123.463
v -61.7683 263.568 120.012
v -69.6699 267.489 124.723
v -62.1273 262.185 120.561
v -70.0289 266.106 125.272
v -62.9941 261.02 120.077
v -70.8957 264.941 124.788
v -63.8608 260.755 118.843
v -71.7625 264.676 123.554
v -62.9941 262.557 118.797
v -70.8957 266.478 123.508
v -55.7354 257.598 116.417
v -49.3792 250.457 119.351
v -55.2832 258.48 117.584
v -48.9269 251.339 120.517
v -54.1914 259.534 117.784
v -47.8352 252.393 120.718
v -53.0996 260.143 116.901
v -46.7434 253.002 119.834
v -52.6474 259.95 115.451
v -46.2912 252.809 118.385
v -53.0996 259.068 114.284
v -46.7434 251.927 117.218
v -54.1914 258.014 114.084
v -47.8352 250.873 117.018
v -55.2832 257.405 114.968
v -48.9269 250.264 117.901
v -54.1914 258.774 115.934
v -47.8352 251.633 118.868
v -49.2328 250.409 118.126
v -42.08 244.432 114.505
v -48.8235 250.035 119.553
v -41.6706 244.058 115.932
v -47.8352 250.597 120.578
v -40.6823 244.62 116.957
v -46.8469 251.765 120.601
v -39.694 245.788 116.98
v -46.4375 252.856 119.609
v -39.2846 246.88 115.988
v -46.8469 253.231 118.182
v -39.694 247.254 114.561
v -47.8352 252.669 117.157
v -40.6823 246.692 113.536
v -48.8235 251.501 117.134
v -41.6706 245.524 113.513
v -47.8352 251.633 118.868
v -40.6823 245.656 115.247
v -49.8059 251.644 118.527
v -51.5094 251.338 128.376
v -49.2287 253.054 118.671
v -50.9321 252.748 128.52
v -47.8352 253.632 118.93
v -49.5386 253.326 128.779
v -46.4416 253.039 119.152
v -48.1451 252.733 129.002
v -45.8644 251.622 119.208
v -47.5678 251.317 129.057
v -46.4416 250.212 119.065
v -48.1451 249.906 128.914
v -47.8352 249.634 118.806
v -49.5386 249.328 128.655
v -49.2287 250.227 118.583
v -50.9321 249.921 128.432
v -47.8352 251.633 118.868
v -49.5386 251.327 128.717
v -55.7973 258.206 114.886
v -61.7579 262.033 121.945
v -55.3269 259.615 114.519
v -61.2875 263.442 121.578
v -54.1914 260.532 114.981
v -60.152 264.359 122.04
v -53.0559 260.419 116.001
v -59.0165 264.246 123.06
v -52.5855 259.342 116.982
v -58.5461 263.169 124.041
v -53.0559 257.932 117.349
v -59.0165 261.759 124.408
v -54.1914 257.016 116.887
v -60.152 260.843 123.946
v -55.3269 257.129 115.867
v -61.2875 260.956 122.926
v -54.1914 258.774 115.934
v -60.152 262.601 122.993
v -61.9752 262.408 122.194
v -66.0858 264.547 131.055
v -61.4412 263.839 122.096
v -65.5518 265.978 130.958
v -60.152 264.545 122.524
v -64.2626 266.684 131.385
v -58.8628 264.112 123.226
v -62.9734 266.251 132.088
v -58.3288 262.794 123.792
v -62.4394 264.932 132.654
v -58.8628 261.362 123.89
v -62.9734 263.501 132.751
v -60.152 260.657 123.462
v -64.2626 262.795 132.324
v -61.4412 261.09 122.76
v -65.5518 263.228 131.621
v -60.152 262.601 122.993
v -64.2626 264.74 131.855
v -60.5311 260.652 123.234
v -68.7492 262.899 128.47
v -61.1799 261.223 121.971
v -69.398 263.47 127.207
v -61.2266 262.601 121.306
v -69.4448 264.848 126.542
v -60.6438 263.979 121.629
v -68.862 266.226 126.865
v -59.7729 264.55 122.751
v -67.9911 266.797 127.987
v -59.1241 263.979 124.015
v -67.3422 266.226 129.251
v -59.0774 262.601 124.68
v -67.2955 264.848 129.915
v -59.6602 261.223 124.356
v -67.8783 263.47 129.592
v -60.152 262.601 122.993
v -68.3701 264.848 128.229
v -61.4921 261.675 121.833
v -68.9151 265.855 127.069
v -61.0996 263.051 121.29
v -68.5226 267.231 126.527
v -60.152 264.164 121.745
v -67.575 268.344 126.982
v -59.2044 264.361 122.931
v -66.6274 268.541 128.168
v -58.8119 263.527 124.153
v -66.2348 267.707 129.39
v -59.2044 262.15 124.696
v -66.6274 266.331 129.932
v -60.152 261.038 124.241
v -67.575 265.218 129.477
v -61.0996 260.841 123.055
v -68.5226 265.021 128.292
v -60.152 262.601 122.993
v -67.575 266.781 128.23
v -69.1366 267.344 127.114
v -75.3844 263.825 134.084
v -68.6792 268.442 128.079
v -74.9271 264.922 135.048
v -67.575 268.566 129.131
v -73.8228 265.047 136.101
v -66.4708 267.645 129.656
v -72.7186 264.125 136.625
v -66.0134 266.218 129.345
v -72.2613 262.698 136.315
v -66.4708 265.12 128.381
v -72.7186 261.601 135.35
v -67.575 264.996 127.328
v -73.8228 261.476 134.298
v -68.6792 265.917 126.803
v -74.9271 262.397 133.773
v -67.575 266.781 128.23
v -73.8228 263.261 135.199
v -69.1876 266.189 127.206
v -75.1023 270.228 134.185
v -68.7153 267.586 126.797
v -74.63 271.625 133.776
v -67.575 268.512 127.228
v -73.4897 272.551 134.207
v -66.4347 268.424 128.245
v -72.3494 272.463 135.224
v -65.9623 267.374 129.254
v -71.877 271.413 136.232
v -66.4347 265.976 129.662
v -72.3494 270.015 136.641
v -67.575 265.05 129.232
v -73.4897 269.089 136.21
v -68.7153 265.138 128.214
v -74.63 269.177 135.193
v -67.575 266.781 128.23
v -73.4897 270.82 135.208
v -62.1456 262.611 122.833
v -62.9458 261.958 132.78
v -61.5617 264.019 122.973
v -62.3619 263.366 132.919
v -60.152 264.596 123.124
v -60.9522 263.943 133.071
v -58.7423 264.005 123.199
v -59.5425 263.351 133.145
v -58.1584 262.59 123.153
v -58.9586 261.937 133.099
v -58.7423 261.182 123.013
v -59.5425 260.529 132.96
v -60.152 260.605 122.862
v -60.9522 259.951 132.808
v -61.5617 261.197 122.787
v -62.3619 260.543 132.734
v -60.152 262.601 122.993
v -60.9522 261.947 132.939
v -62.9502 261.891 132.869
v -63.4002 268.133 140.669
v -62.365 263.012 132.006
v -62.815 269.254 139.806
v -60.9522 263.509 131.69
v -61.4022 269.751 139.489
v -59.5394 263.091 132.105
v -59.9895 269.333 139.905
v -58.9542 262.003 133.01
v -59.4043 268.245 140.809
v -59.5394 260.883 133.873
v -59.9895 267.125 141.672
v -60.9522 260.386 134.189
v -61.4022 266.628 141.989
v -62.365 260.803 133.773
v -62.815 267.045 141.573
v -60.9522 261.947 132.939
v -61.4022 268.189 140.739
v -62.8859 261.775 133.42
v -60.3325 258.526 142.526
v -62.3196 263.158 133.755
v -59.7662 259.908 142.861
v -60.9522 263.831 133.612
v -58.3988 260.581 142.718
v -59.5849 263.4 133.075
v -57.0315 260.151 142.181
v -59.0185 262.119 132.458
v -56.4651 258.869 141.564
v -59.5849 260.737 132.124
v -57.0315 257.487 141.23
v -60.9522 260.063 132.267
v -58.3988 256.814 141.373
v -62.3196 260.494 132.804
v -59.7662 257.244 141.91
v -60.9522 261.947 132.939
v -58.3988 258.698 142.045
v -56.161 258.427 115.934
v -57.8965 268.275 115.932
v -55.5841 258.528 114.52
v -57.3196 268.376 114.518
v -54.1914 258.773 113.934
v -55.9269 268.622 113.932
v -52.7986 259.019 114.52
v -54.5341 268.867 114.518
v -52.2217 259.121 115.934
v -53.9572 268.969 115.932
v -52.7986 259.02 117.348
v -54.5341 268.868 117.346
v -54.1914 258.774 117.934
v -55.9269 268.623 117.932
v -55.5841 258.529 117.348
v -57.3196 268.377 117.346
v -54.1914 258.774 115.934
v -55.9269 268.622 115.932
v -57.9091 268.398 115.788
v -59.2398 276.742 121.137
v -57.3285 269.227 114.64
v -58.6592 277.571 119.989
v -55.9269 269.701 114.248
v -57.2576 278.045 119.597
v -54.5252 269.544 114.843
v -55.856 277.888 120.192
v -53.9446 268.846 116.076
v -55.2754 277.19 121.424
v -54.5252 268.017 117.224
v -55.856 276.361 122.573
v -55.9269 267.543 117.616
v -57.2576 275.887 122.965
v -57.3285 267.7 117.021
v -58.6592 276.044 122.37
v -55.9269 268.622 115.932
v -57.2576 276.966 121.281
v -57.8243 267.999 116.037
v -60.986 277.353 114.458
v -57.2685 267.946 114.612
v -60.4303 277.3 113.033
v -55.9269 268.289 113.96
v -59.0886 277.644 112.381
v -54.5852 268.828 114.463
v -57.7469 278.182 112.884
v -54.0294 269.246 115.827
v -57.1912 278.6 114.248
v -54.5852 269.298 117.252
v -57.7469 278.653 115.673
v -55.9269 268.955 117.904
v -59.0886 278.31 116.325
v -57.2685 268.417 117.401
v -60.4303 277.771 115.822
v -55.9269 268.622 115.932
v -59.0886 277.977 114.353
v -57.9263 268.653 115.969
v -57.6835 275.041 123.66
v -57.3406 269.732 115.055
v -57.0979 276.119 122.745
v -55.9269 270.161 114.654
v -55.6841 276.548 122.344
v -54.5131 269.688 115.002
v -54.2703 276.076 122.692
v -53.9274 268.591 115.895
v -53.6847 274.979 123.585
v -54.5131 267.512 116.809
v -54.2703 273.9 124.5
v -55.9269 267.084 117.21
v -55.6841 273.471 124.9
v -57.3406 267.556 116.862
v -57.0979 273.944 124.552
v -55.9269 268.622 115.932
v -55.6841 275.01 123.622
v -57.5264 274.944 122.847
v -61.4188 275.715 132.026
v -56.9868 276.373 122.955
v -60.8792 277.144 132.134
v -55.6841 277.003 123.455
v -59.5765 277.774 132.634
v -54.3814 276.465 124.053
v -58.2738 277.236 133.232
v -53.8418 275.075 124.398
v -57.7343 275.846 133.577
v -54.3814 273.646 124.289
v -58.2738 274.417 133.468
v -55.6841 273.017 123.79
v -59.5765 273.788 132.969
v -56.9868 273.554 123.192
v -60.8792 274.325 132.371
v -55.6841 275.01 123.622
v -59.5765 275.781 132.801
v -57.4097 275.941 123.229
v -52.3546 283.891 119.876
v -56.9043 275.119 122.041
v -51.8492 283.068 118.688
v -55.6841 274.232 121.78
v -50.6289 282.182 118.426
v -54.4639 273.801 122.597
v -49.4087 281.751 119.243
v -53.9585 274.078 124.015
v -48.9033 282.028 120.662
v -54.4639 274.901 125.203
v -49.4087 282.85 121.849
v -55.6841 275.787 125.465
v -50.6289 283.737 122.111
v -56.9043 276.218 124.647
v -51.8492 284.168 121.294
v -55.6841 275.01 123.622
v -50.6289 282.959 120.269
v -57.8914 268.577 116.304
v -59.7655 269.75 106.552
v -57.316 267.186 116.026
v -59.1901 268.359 106.274
v -55.9269 266.636 115.693
v -57.8009 267.809 105.941
v -54.5377 267.25 115.5
v -56.4117 268.423 105.747
v -53.9623 268.667 115.56
v -55.8363 269.84 105.807
v -54.5377 270.058 115.838
v -56.4117 271.231 106.085
v -55.9269 270.608 116.171
v -57.8009 271.781 106.418
v -57.316 269.995 116.364
v -59.1901 271.168 106.611
v -55.9269 268.622 115.932
v -57.8009 269.795 106.179
v -59.0673 270.479 107.568
v -66.8073 267.682 101.888
v -58.6964 269.01 107.786
v -66.4364 266.213 102.105
v -57.8009 268.001 107.063
v -65.5409 265.204 101.382
v -56.9054 268.043 105.822
v -64.6455 265.246 100.141
v -56.5345 269.111 104.791
v -64.2746 266.315 99.11
v -56.9054 270.58 104.573
v -64.6455 267.784 98.8921
v -57.8009 271.59 105.296
v -65.5409 268.793 99.6154
v -58.6964 271.547 106.537
v -66.4364 268.751 100.856
v -57.8009 269.795 106.179
v -65.5409 266.998 100.499
v -59.2198 271.189 105.969
v -52.1724 278.204 104.907
v -58.8042 270.569 104.632
v -51.7568 277.584 103.571
v -57.8009 269.496 104.202
v -50.7534 276.511 103.141
v -56.7976 268.598 104.93
v -49.7501 275.613 103.869
v -56.382 268.402 106.39
v -49.3345 275.416 105.329
v -56.7976 269.021 107.727
v -49.7501 276.036 106.666
v -57.8009 270.094 108.157
v -50.7534 277.109 107.096
v -58.8042 270.992 107.429
v -51.7568 278.007 106.368
v -57.8009 269.795 106.179
v -50.7534 276.81 105.118
v -43.7756 259.923 99.7048
v -48.2264 266.5 105.782
v -43.2511 261.074 98.843
v -47.7018 267.651 104.92
v -41.9847 261.934 98.8399
v -46.4354 268.511 104.917
v -40.7182 261.999 99.6973
v -45.169 268.576 105.775
v -40.1937 261.23 100.913
v -44.6444 267.807 106.99
v -40.7182 260.079 101.775
v -45.169 266.656 107.852
v -41.9847 259.219 101.778
v -46.4354 265.796 107.855
v -43.2511 259.154 100.92
v -47.7018 265.732 106.998
v -41.9847 260.576 100.309
v -46.4354 267.154 106.386
v -48.039 267.056 105.195
v -54.0152 267.709 113.186
v -47.5693 268.494 105.429
v -53.5455 269.147 113.42
v -46.4354 269.147 106.223
v -52.4116 269.8 114.214
v -45.3015 268.632 107.113
v -51.2778 269.285 115.104
v -44.8319 267.251 107.577
v -50.8081 267.904 115.569
v -45.3015 265.813 107.344
v -51.2778 266.466 115.335
v -46.4354 265.16 106.549
v -52.4116 265.813 114.54
v -47.5693 265.675 105.659
v -53.5455 266.328 113.65
v -46.4354 267.154 106.386
v -52.4116 267.806 114.377
v -48.3438 266.588 106.191
v -51.3352 275.608 109.305
v -47.7849 267.215 104.911
v -50.7763 276.235 108.025
v -46.4354 267.806 104.496
v -49.4268 276.826 107.61
v -45.086 268.015 105.187
v -48.0773 277.035 108.302
v -44.527 267.719 106.581
v -47.5184 276.739 109.696
v -45.086 267.092 107.861
v -48.0773 276.111 110.975
v -46.4354 266.501 108.277
v -49.4268 275.52 111.391
v -47.7849 266.292 107.585
v -50.7763 275.312 110.699
v -46.4354 267.154 106.386
v -49.4268 276.173 109.5
v -48.282 266.395 106.264
v -52.1225 275.512 107.728
v -47.7412 266.841 104.904
v -51.5816 275.958 106.367
v -46.4354 267.471 104.411
v -50.2759 276.587 105.875
v -45.1296 267.914 105.076
v -48.9701 277.03 106.539
v -44.5888 267.912 106.508
v -48.4292 277.028 107.971
v -45.1296 267.466 107.869
v -48.9701 276.582 109.332
v -46.4354 266.837 108.361
v -50.2759 275.953 109.824
v -47.7412 266.393 107.696
v -51.5816 275.51 109.16
v -46.4354 267.154 106.386
v -50.2759 276.27 107.85
v -51.8158 276.017 106.599
v -58.1967 277.545 114.145
v -51.3647 277.477 106.684
v -57.7457 279.005 114.231
v -50.2759 278.23 107.453
v -56.6568 279.759 114.999
v -49.187 277.835 108.453
v -55.5679 279.364 116
v -48.7359 276.523 109.1
v -55.1169 278.052 116.647
v -49.187 275.063 109.015
v -55.5679 276.591 116.561
v -50.2759 274.31 108.247
v -56.6568 275.838 115.793
v -51.3647 274.705 107.246
v -57.7457 276.233 114.792
v -50.2759 276.27 107.85
v -56.6568 277.798 115.396
v -52.2435 275.939 107.713
v -54.0343 285.037 111.457
v -51.6672 276.574 106.445
v -53.458 285.672 110.189
v -50.2759 277.031 106
v -52.0667 286.129 109.743
v -48.8845 277.042 106.638
v -50.6753 286.141 110.381
v -48.3082 276.601 107.986
v -50.099 285.7 111.729
v -48.8845 275.966 109.254
v -50.6753 285.065 112.997
v -50.2759 275.509 109.699
v -52.0667 284.607 113.442
v -51.6672 275.498 109.061
v -53.458 284.596 112.804
v -50.2759 276.27 107.85
v -52.0667 285.368 111.593
v -48.4022 267.493 106.258
v -46.5872 276.695 102.788
v -47.8261 266.895 104.972
v -46.0111 276.096 101.502
v -46.4354 266.448 104.515
v -44.6204 275.649 101.045
v -45.0447 266.414 105.153
v -43.2296 275.616 101.683
v -44.4686 266.814 106.514
v -42.6536 276.015 103.044
v -45.0447 267.412 107.8
v -43.2296 276.614 104.33
v -46.4354 267.859 108.257
v -44.6204 277.061 104.787
v -47.8261 267.893 107.619
v -46.0111 277.094 104.149
v -46.4354 267.154 106.386
v -44.6204 276.355 102.916
v -46.0471 277.679 102.457
v -39.039 284.42 100.122
v -45.6292 276.828 101.255
v -38.6211 283.569 98.9199
v -44.6204 275.7 101.026
v -37.6123 282.441 98.6909
v -43.6115 274.955 101.904
v -36.6035 281.696 99.5689
v -43.1937 275.031 103.375
v -36.1856 281.771 101.04
v -43.6115 275.881 104.577
v -36.6035 282.622 102.241
v -44.6204 277.01 104.806
v -37.6123 283.75 102.47
v -45.6292 277.754 103.928
v -38.6211 284.495 101.593
v -44.6204 276.355 102.916
v -37.6123 283.095 100.581
v -46.5342 276.558 102.372
v -43.6299 279.912 93.4099
v -45.9736 275.174 102.036
v -43.0694 278.528 93.0736
v -44.6204 274.482 102.215
v -41.7161 277.835 93.253
v -43.2671 274.886 102.805
v -40.3628 278.24 93.843
v -42.7066 276.151 103.46
v -39.8023 279.505 94.4979
v -43.2671 277.535 103.796
v -40.3628 280.889 94.8342
v -44.6204 278.228 103.617
v -41.7161 281.582 94.6548
v -45.9736 277.823 103.027
v -43.0694 281.177 94.0649
v -44.6204 276.355 102.916
v -41.7161 279.708 93.9539
v -48.2646 266.347 106.33
v -52.3081 275.471 106.961
v -47.7289 266.681 104.936
v -51.7723 275.805 105.567
v -46.4354 267.292 104.391
v -50.4789 276.416 105.022
v -45.142 267.822 105.015
v -49.1854 276.946 105.646
v -44.6062 267.96 106.442
v -48.6497 277.085 107.073
v -45.142 267.626 107.836
v -49.1854 276.751 108.467
v -46.4354 267.016 108.381
v -50.4789 276.14 109.012
v -47.7289 266.486 107.757
v -51.7723 275.61 108.388
v -46.4354 267.154 106.386
v -50.4789 276.278 107.017
v -52.1334 275.167 106.849
v -57.7517 283.346 108.089
v -51.6488 275.704 105.5
v -57.2671 283.883 106.74
v -50.4789 276.578 105.04
v -56.0972 284.757 106.28
v -49.309 277.275 105.738
v -54.9273 285.454 106.978
v -48.8244 277.389 107.185
v -54.4427 285.568 108.425
v -49.309 276.851 108.534
v -54.9273 285.03 109.774
v -50.4789 275.978 108.994
v -56.0972 284.157 110.234
v -51.6488 275.28 108.296
v -57.2671 283.459 109.536
v -50.4789 276.278 107.017
v -56.0972 284.457 108.257
v -52.4787 276.3 107.002
v -52.3434 284.625 101.463
v -51.893 275.51 105.829
v -51.7577 283.835 100.29
v -50.4789 275.17 105.352
v -50.3436 283.495 99.8132
v -49.0648 275.479 105.85
v -48.9295 283.804 100.312
v -48.4791 276.255 107.032
v -48.3438 284.58 101.493
v -49.0648 277.045 108.205
v -48.9295 285.37 102.666
v -50.4789 277.386 108.682
v -50.3436 285.711 103.144
v -51.893 277.077 108.184
v -51.7577 285.402 102.645
v -50.4789 276.278 107.017
v -50.3436 284.603 101.478
v -52.4637 276.186 107.246
v -53.6956 279.87 98.031
v -51.8823 274.9 106.654
v -53.1143 278.584 97.439
v -50.4789 274.421 106.275
v -51.7108 278.104 97.0598
v -49.0754 275.029 106.33
v -50.3074 278.713 97.1154
v -48.4941 276.369 106.788
v -49.7261 280.053 97.5734
v -49.0754 277.656 107.38
v -50.3074 281.339 98.1654
v -50.4789 278.135 107.759
v -51.7108 281.819 98.5446
v -51.8823 277.526 107.704
v -53.1143 281.21 98.4889
v -50.4789 276.278 107.017
v -51.7108 279.962 97.8022
v -53.7108 279.962 97.7975
v -53.6869 281.584 87.9299
v -53.125 278.567 97.5695
v -53.1011 280.189 87.7019
v -51.7108 277.988 97.4778
v -51.6869 279.61 87.6102
v -50.2966 278.566 97.5761
v -50.2727 280.188 87.7086
v -49.7108 279.961 97.8069
v -49.6869 281.583 87.9393
v -50.2966 281.357 98.0349
v -50.2727 282.978 88.1673
v -51.7108 281.935 98.1266
v -51.6869 283.557 88.259
v -53.125 281.358 98.0282
v -53.1011 282.98 88.1607
v -51.7108 279.962 97.8022
v -51.6869 281.584 87.9346
v -53.2548 279.377 96.6732
v -46.8986 275.828 89.8172
v -52.8026 278.292 97.654
v -46.4464 274.744 90.798
v -51.7108 278.185 98.7216
v -45.3546 274.637 91.8656
v -50.6191 279.119 99.2506
v -44.2628 275.57 92.3946
v -50.1668 280.546 98.9311
v -43.8106 276.997 92.0752
v -50.6191 281.631 97.9504
v -44.2628 278.082 91.0944
v -51.7108 281.738 96.8828
v -45.3546 278.189 90.0268
v -52.8026 280.804 96.3538
v -46.4464 277.255 89.4978
v -51.7108 279.962 97.8022
v -45.3546 276.413 90.9462
v -52.4445 275.976 107.23
v -54.2903 284.004 101.561
v -51.8688 275.249 106.012
v -53.7146 283.277 100.343
v -50.4789 275.124 105.383
v -52.3247 283.152 99.7139
v -49.089 275.675 105.711
v -50.9348 283.703 100.042
v -48.5133 276.579 106.804
v -50.3591 284.608 101.135
v -49.089 277.307 108.022
v -50.9348 285.335 102.352
v -50.4789 277.432 108.651
v -52.3247 285.46 102.981
v -51.8688 276.88 108.323
v -53.7146 284.909 102.653
v -50.4789 276.278 107.017
v -52.3247 284.306 101.348
v -54.3187 284.372 101.488
v -55.0945 280.109 92.4758
v -53.7347 283.075 102.052
v -54.5105 278.811 93.0395
v -52.3247 282.498 102.203
v -53.1006 278.234 93.1909
v -50.9148 282.981 101.853
v -51.6906 278.717 92.8412
v -50.3307 284.24 101.207
v -51.1066 279.976 92.1953
v -50.9148 285.537 100.644
v -51.6906 281.274 91.6315
v -52.3247 286.114 100.492
v -53.1006 281.85 91.4802
v -53.7347 285.631 100.842
v -54.5105 281.367 91.8299
v -52.3247 284.306 101.348
v -53.1006 280.042 92.3355
v -54.2285 284.076 101.916
v -57.292 287.645 93.0908
v -53.6709 282.833 101.219
v -56.7344 286.402 92.3942
v -52.3247 282.452 100.598
v -55.3882 286.021 91.7729
v -50.9785 283.157 100.416
v -54.042 286.726 91.5909
v -50.4209 284.536 100.78
v -53.4843 288.105 91.9548
v -50.9785 285.779 101.476
v -54.042 289.348 92.6514
v -52.3247 286.16 102.097
v -55.3882 289.729 93.2727
v -53.6709 285.455 102.279
v -56.7344 289.024 93.4547
v -52.3247 284.306 101.348
v -55.3882 287.875 92.5228
v -47.9945 265.914 106.204
v -54.2581 273.626 107.339
v -47.5378 266.483 104.858
v -53.8014 274.195 105.993
v -46.4354 267.445 104.407
v -52.699 275.157 105.543
v -45.333 268.236 105.116
v -51.5966 275.948 106.251
v -44.8763 268.393 106.569
v -51.1399 276.105 107.704
v -45.333 267.824 107.914
v -51.5966 275.536 109.05
v -46.4354 266.862 108.365
v -52.699 274.574 109.5
v -47.5378 266.071 107.656
v -53.8014 273.783 108.792
v -46.4354 267.154 106.386
v -52.699 274.866 107.521
v -54.5519 274.62 106.81
v -58.3166 277.646 115.566
v -54.0092 276.028 106.556
v -57.7739 279.055 115.312
v -52.699 276.756 106.868
v -56.4638 279.783 115.624
v -51.3888 276.376 107.563
v -55.1536 279.403 116.319
v -50.8462 275.112 108.233
v -54.6109 278.138 116.989
v -51.3888 273.703 108.487
v -55.1536 276.73 117.243
v -52.699 272.976 108.175
v -56.4638 276.002 116.931
v -54.0092 273.355 107.48
v -57.7739 276.382 116.236
v -52.699 274.866 107.521
v -56.4638 277.892 116.277
v -54.4037 273.863 107.819
v -59.6333 282.034 105.391
v -53.9044 273.754 106.376
v -59.134 281.925 103.949
v -52.699 274.296 105.604
v -57.9286 282.467 103.176
v -51.4936 275.172 105.955
v -56.7232 283.342 103.527
v -50.9943 275.868 107.224
v -56.2239 284.039 104.796
v -51.4936 275.978 108.666
v -56.7232 284.148 106.238
v -52.699 275.435 109.439
v -57.9286 283.606 107.011
v -53.9044 274.56 109.088
v -59.134 282.73 106.66
v -52.699 274.866 107.521
v -57.9286 283.036 105.094
v -53.7753 273.204 107.24
v -61.8141 278.767 105.135
v -53.1019 273.691 105.954
v -61.1407 279.254 103.849
v -52.1924 274.866 105.587
v -60.2312 280.429 103.482
v -51.5797 276.041 106.353
v -59.6185 281.604 104.248
v -51.6227 276.528 107.803
v -59.6615 282.091 105.699
v -52.2961 276.041 109.089
v -60.3349 281.604 106.984
v -53.2056 274.866 109.456
v -61.2444 280.429 107.351
v -53.8183 273.691 108.69
v -61.8571 279.254 106.586
v -52.699 274.866 107.521
v -60.7378 280.429 105.417
v -61.4649 278.585 105.683
v -70.1207 282.457 108.858
v -61.739 279.125 104.278
v -70.3948 282.997 107.453
v -61.4265 280.429 103.539
v -70.0824 284.301 106.714
v -60.7107 281.733 103.9
v -69.3665 285.605 107.075
v -60.0107 282.273 105.15
v -68.6665 286.145 108.325
v -59.7366 281.733 106.556
v -68.3924 285.605 109.731
v -60.0491 280.429 107.294
v -68.7049 284.301 110.469
v -60.7649 279.125 106.933
v -69.4208 282.997 110.108
v -60.7378 280.429 105.417
v -69.3936 284.301 108.592
v -62.6418 280.938 105.077
v -59.5803 288.854 99.7881
v -62.0841 280.003 104
v -59.0226 287.919 98.7118
v -60.7378 279.318 103.754
v -57.6763 287.234 98.4653
v -59.3915 279.283 104.481
v -56.33 287.199 99.1929
v -58.8338 279.92 105.757
v -55.7723 287.836 100.468
v -59.3915 280.854 106.833
v -56.33 288.77 101.545
v -60.7378 281.54 107.08
v -57.6763 289.456 101.791
v -62.0841 281.574 106.352
v -59.0226 289.49 101.064
v -60.7378 280.429 105.417
v -57.6763 288.345 100.128
v -54.6923 274.74 107.626
v -55.5112 282.39 101.238
v -54.1085 273.87 106.51
v -54.9274 281.52 100.122
v -52.699 273.584 105.986
v -53.518 281.234 99.5981
v -51.2896 274.048 106.362
v -52.1085 281.698 99.9735
v -50.7057 274.992 107.416
v -51.5247 282.641 101.028
v -51.2896 275.861 108.533
v -52.1085 283.511 102.144
v -52.699 276.148 109.057
v -53.518 283.798 102.668
v -54.1085 275.683 108.681
v -54.9274 283.333 102.293
v -52.699 274.866 107.521
v -53.518 282.516 101.133
v -55.462 282.732 100.716
v -53.1126 287.208 92.0878
v -54.8926 281.413 100.187
v -52.5432 285.889 91.5587
v -53.518 280.74 100.212
v -51.1686 285.216 91.5839
v -52.1433 281.107 100.777
v -49.794 285.583 92.1486
v -51.5739 282.299 101.55
v -49.2246 286.775 92.922
v -52.1433 283.618 102.079
v -49.794 288.094 93.451
v -53.518 284.291 102.054
v -51.1686 288.767 93.4258
v -54.8926 283.924 101.489
v -52.5432 288.4 92.8611
v -53.518 282.516 101.133
v -51.1686 286.991 92.5049
v -55.5156 282.605 101.094
v -55.0269 291.767 97.1173
v -54.9305 282.016 99.8084
v -54.4418 291.178 95.8314
v -53.518 281.719 99.2986
v -53.0293 290.881 95.3216
v -52.1054 281.889 99.8635
v -51.6168 291.051 95.8864
v -51.5203 282.426 101.172
v -51.0317 291.588 97.1951
v -52.1054 283.015 102.458
v -51.6168 292.177 98.481
v -53.518 283.312 102.968
v -53.0293 292.474 98.9908
v -54.9305 283.142 102.403
v -54.4418 292.304 98.4259
v -53.518 282.516 101.133
v -53.0293 291.678 97.1562
v -48.3916 266.812 106.148
v -50.4739 274.837 111.739
v -47.8186 267.72 105.057
v -49.9009 275.745 110.649
v -46.4354 268.297 104.745
v -48.5177 276.322 110.336
v -45.0522 268.204 105.394
v -47.1345 276.229 110.985
v -44.4793 267.495 106.624
v -46.5616 275.52 112.216
v -45.0522 266.587 107.715
v -47.1345 274.612 113.306
v -46.4354 266.01 108.027
v -48.5177 274.035 113.618
v -47.8186 266.103 107.378
v -49.9009 274.128 112.969
v -46.4354 267.154 106.386
v -48.5177 275.179 111.977
v -50.1868 274.409 111.189
v -55.6967 280.239 117.16
v -49.6979 275.646 110.432
v -55.2078 281.476 116.403
v -48.5177 276.61 110.58
v -54.0276 282.44 116.551
v -47.3376 276.735 111.547
v -52.8474 282.565 117.518
v -46.8487 275.948 112.766
v -52.3586 281.779 118.737
v -47.3376 274.711 113.523
v -52.8474 280.541 119.494
v -48.5177 273.748 113.375
v -54.0276 279.578 119.346
v -49.6979 273.622 112.408
v -55.2078 279.452 118.379
v -48.5177 275.179 111.977
v -54.0276 281.009 117.948
v -50.5142 275.063 112.005
v -51.1076 284.77 109.675
v -49.9295 274.767 110.622
v -50.5228 284.474 108.292
v -48.5177 274.712 110.033
v -49.1111 284.418 107.703
v -47.106 274.93 110.583
v -47.6994 284.637 108.253
v -46.5213 275.294 111.95
v -47.1146 285.001 109.62
v -47.106 275.59 113.333
v -47.6994 285.297 111.003
v -48.5177 275.645 113.922
v -49.1111 285.352 111.592
v -49.9295 275.427 113.372
v -50.5228 285.134 111.042
v -48.5177 275.179 111.977
v -49.1111 284.885 109.648
v -50.4011 274.713 112.463
v -53.7657 281.229 105.665
v -49.8495 273.828 111.342
v -53.214 280.345 104.544
v -48.5177 273.735 110.593
v -51.8823 280.251 103.795
v -47.186 274.487 110.655
v -50.5505 281.003 103.857
v -46.6343 275.644 111.492
v -49.9989 282.161 104.693
v -47.186 276.529 112.613
v -50.5505 283.045 105.814
v -48.5177 276.622 113.361
v -51.8823 283.139 106.563
v -49.8495 275.87 113.3
v -53.214 282.387 106.501
v -48.5177 275.179 111.977
v -51.8823 281.695 105.179
v -53.5633 281.485 106.242
v -58.9811 283.116 97.9967
v -53.0709 280.159 105.656
v -58.4887 281.79 97.4109
v -51.8823 279.733 104.791
v -57.3 281.364 96.5456
v -50.6936 280.456 104.153
v -56.1114 282.087 95.9077
v -50.2012 281.905 104.116
v -55.619 283.536 95.8707
v -50.6936 283.231 104.702
v -56.1114 284.862 96.4565
v -51.8823 283.657 105.567
v -57.3 285.288 97.3218
v -53.0709 282.934 106.205
v -58.4887 284.565 97.9597
v -51.8823 281.695 105.179
v -57.3 283.326 96.9337
v -53.8745 281.538 105.258
v -54.7552 290.433 100.775
v -53.291 280.947 103.972
v -54.1717 289.842 99.4888
v -51.8823 280.795 103.393
v -52.763 289.69 98.9097
v -50.4735 281.17 103.86
v -51.3543 290.065 99.3767
v -49.89 281.852 105.1
v -50.7708 290.747 100.616
v -50.4735 282.443 106.386
v -51.3543 291.338 101.902
v -51.8823 282.595 106.965
v -52.763 291.49 102.482
v -53.291 282.22 106.498
v -54.1717 291.115 102.015
v -51.8823 281.695 105.179
v -52.763 290.59 100.696
v -50.5049 274.985 112.094
v -51.6364 283.493 106.963
v -49.9229 274.311 110.849
v -51.0544 282.82 105.718
v -48.5177 274.146 110.265
v -49.6493 282.654 105.134
v -47.1126 274.585 110.684
v -48.2442 283.094 105.553
v -46.5306 275.372 111.861
v -47.6621 283.881 106.73
v -47.1126 276.046 113.106
v -48.2442 284.554 107.975
v -48.5177 276.211 113.69
v -49.6493 284.72 108.559
v -49.9229 275.772 113.271
v -51.0544 284.28 108.14
v -48.5177 275.179 111.977
v -49.6493 283.687 106.847
v -51.243 284.122 107.974
v -57.285 281.251 100.541
v -50.7762 282.676 108.153
v -56.8182 279.805 100.72
v -49.6493 281.821 107.567
v -55.6913 278.95 100.134
v -48.5224 282.06 106.559
v -54.5644 279.189 99.126
v -48.0556 283.252 105.719
v -54.0976 280.38 98.2863
v -48.5224 284.698 105.54
v -54.5644 281.827 98.1069
v -49.6493 285.553 106.126
v -55.6913 282.681 98.6929
v -50.7762 285.314 107.134
v -56.8182 282.443 99.701
v -49.6493 283.687 106.847
v -55.6913 280.816 99.4135
v -51.6457 283.581 106.901
v -52.2416 292.483 102.384
v -51.061 282.972 105.624
v -51.6568 291.874 101.107
v -49.6493 282.782 105.063
v -50.2451 291.684 100.547
v -48.2376 283.122 105.547
v -48.8334 292.024 101.031
v -47.6528 283.793 106.793
v -48.2487 292.695 102.276
v -48.2376 284.402 108.07
v -48.8334 293.304 103.553
v -49.6493 284.592 108.63
v -50.2451 293.494 104.114
v -51.061 284.252 108.146
v -51.6568 293.154 103.63
v -49.6493 283.687 106.847
v -50.2451 292.589 102.33
v -50.4498 274.942 111.518
v -53.0343 279.366 120.106
v -49.8839 276.268 111.005
v -52.4684 280.692 119.593
v -48.5177 276.957 111.062
v -51.1022 281.38 119.649
v -47.1516 276.603 111.655
v -49.7361 281.027 120.242
v -46.5857 275.415 112.437
v -49.1702 279.839 121.025
v -47.1516 274.089 112.95
v -49.7361 278.513 121.538
v -48.5177 273.401 112.893
v -51.1022 277.825 121.481
v -49.8839 273.754 112.3
v -52.4684 278.178 120.888
v -48.5177 275.179 111.977
v -51.1022 279.603 120.565
v -52.4935 278.495 119.649
v -59.6775 283.856 124.083
v -52.086 279.721 118.828
v -59.27 285.082 123.261
v -51.1022 280.877 119.024
v -58.2863 286.238 123.457
v -50.1185 281.287 120.123
v -57.3025 286.647 124.556
v -49.711 280.71 121.481
v -56.895 286.07 125.914
v -50.1185 279.484 122.302
v -57.3025 284.845 126.736
v -51.1022 278.328 122.106
v -58.2863 283.689 126.54
v -52.086 277.918 121.008
v -59.27 283.279 125.441
v -51.1022 279.603 120.565
v -58.2863 284.963 124.998
v -53.0633 279.321 120.292
v -55.0272 286.355 127.122
v -52.4889 280.388 119.357
v -54.4528 287.423 126.188
v -51.1022 280.996 119.13
v -53.0661 288.03 125.961
v -49.7156 280.787 119.744
v -51.6794 287.821 126.575
v -49.1412 279.884 120.839
v -51.1051 286.919 127.67
v -49.7156 278.817 121.773
v -51.6794 285.851 128.604
v -51.1022 278.209 122
v -53.0661 285.244 128.831
v -52.4889 278.418 121.386
v -54.4528 285.452 128.217
v -51.1022 279.603 120.565
v -53.0661 286.637 127.396
v -52.952 279.458 119.819
v -56.7546 281.217 128.898
v -52.4102 280.889 119.768
v -56.2128 282.648 128.848
v -51.1022 281.566 120.185
v -54.9048 283.326 129.264
v -49.7943 281.093 120.824
v -53.5968 282.853 129.904
v -49.2525 279.747 121.312
v -53.0551 281.507 130.392
v -49.7943 278.316 121.362
v -53.5968 280.076 130.442
v -51.1022 277.639 120.946
v -54.9048 279.399 130.026
v -52.4102 278.112 120.306
v -56.2128 279.871 129.386
v -51.1022 279.603 120.565
v -54.9048 281.362 129.645
v -56.4851 280.831 128.54
v -62.6144 284.258 135.66
v -56.0222 282.26 128.251
v -62.1515 285.688 135.37
v -54.9048 283.164 128.778
v -61.0341 286.591 135.897
v -53.7874 283.012 129.813
v -59.9166 286.439 136.932
v -53.3245 281.894 130.75
v -59.4538 285.321 137.869
v -53.7874 280.464 131.039
v -59.9166 283.891 138.159
v -54.9048 279.56 130.512
v -61.0341 282.987 137.632
v -56.0222 279.712 129.477
v -62.1515 283.139 136.597
v -54.9048 281.362 129.645
v -61.0341 284.789 136.765
v -56.6057 280.311 129.598
v -61.8661 288.807 129.977
v -56.1075 280.682 128.199
v -61.368 289.178 128.578
v -54.9048 281.451 127.647
v -60.1652 289.947 128.025
v -53.7021 282.168 128.265
v -58.9625 290.664 128.644
v -53.2039 282.413 129.692
v -58.4643 290.909 130.07
v -53.7021 282.042 131.091
v -58.9625 290.539 131.469
v -54.9048 281.273 131.643
v -60.1652 289.769 132.022
v -56.1075 280.556 131.025
v -61.368 289.052 131.403
v -54.9048 281.362 129.645
v -60.1652 289.858 130.023
v -52.7285 278.575 120.017
v -58.5494 285.75 123.844
v -52.2522 279.542 118.93
v -58.0731 286.716 122.757
v -51.1022 280.544 118.8
v -56.9231 287.718 122.627
v -49.9523 280.994 119.705
v -55.7732 288.169 123.531
v -49.476 280.63 121.113
v -55.2969 287.804 124.94
v -49.9523 279.663 122.2
v -55.7732 286.838 126.027
v -51.1022 278.661 122.33
v -56.9231 285.836 126.157
v -52.2522 278.211 121.426
v -58.0731 285.385 125.252
v -51.1022 279.603 120.565
v -56.9231 286.777 124.392
v -58.6965 285.946 123.985
v -63.32 293.911 127.882
v -58.1771 286.811 122.834
v -62.8005 294.776 126.731
v -56.9231 287.656 122.595
v -61.5466 295.621 126.492
v -55.6691 287.986 123.409
v -60.2926 295.951 127.305
v -55.1497 287.608 124.798
v -59.7732 295.573 128.695
v -55.6691 286.743 125.95
v -60.2926 294.708 129.846
v -56.9231 285.898 126.188
v -61.5466 293.863 130.085
v -58.1771 285.568 125.375
v -62.8005 293.533 129.271
v -56.9231 286.777 124.392
v -61.5466 294.742 128.288
v -58.7327 286.035 124.81
v -62.9918 293.919 120.372
v -58.2027 285.559 123.455
v -62.4618 293.443 119.017
v -56.9231 285.796 122.649
v -61.1823 293.681 118.211
v -55.6436 286.608 122.864
v -59.9028 294.493 118.426
v -55.1136 287.519 123.974
v -59.3728 295.404 119.536
v -55.6436 287.996 125.329
v -59.9028 295.88 120.891
v -56.9231 287.758 126.135
v -61.1823 295.643 121.697
v -58.2027 286.946 125.92
v -62.4618 294.83 121.482
v -56.9231 286.777 124.392
v -61.1823 294.662 119.954
v -50.2437 274.594 112.802
v -45.1911 269.604 119.842
v -49.7382 275.919 113.378
v -44.6856 270.929 120.419
v -48.5177 276.81 113.134
v -43.4652 271.82 120.175
v -47.2973 276.746 112.212
v -42.2448 271.755 119.253
v -46.7918 275.763 111.153
v -41.7393 270.773 118.194
v -47.2973 274.438 110.577
v -42.2448 269.448 117.617
v -48.5177 273.547 110.821
v -43.4652 268.557 117.862
v -49.7382 273.612 111.743
v -44.6856 268.621 118.783
v -48.5177 275.179 111.977
v -43.4652 270.188 119.018
v -44.266 268.39 118.667
v -36.0311 264.017 122.281
v -44.5998 268.917 120.064
v -36.3649 264.544 123.679
v -44.269 270.188 120.849
v -36.0341 265.815 124.464
v -43.4673 271.46 120.562
v -35.2324 267.087 124.176
v -42.6643 271.987 119.37
v -34.4294 267.614 122.984
v -42.3305 271.46 117.972
v -34.0956 267.087 121.586
v -42.6614 270.188 117.187
v -34.4265 265.815 120.801
v -43.4631 268.917 117.475
v -35.2282 264.544 121.089
v -43.4652 270.188 119.018
v -35.2303 265.815 122.632
v -45.3778 269.604 119.014
v -42.4534 260.041 118.945
v -44.8176 269.765 120.429
v -41.8932 260.202 120.36
v -43.4652 270.174 121.018
v -40.5408 260.611 120.949
v -42.1128 270.592 120.435
v -39.1884 261.029 120.366
v -41.5526 270.773 119.022
v -38.6283 261.211 118.953
v -42.1128 270.612 117.607
v -39.1884 261.05 117.538
v -43.4652 270.203 117.018
v -40.5408 260.64 116.949
v -44.8176 269.785 117.601
v -41.8932 260.223 117.532
v -43.4652 270.188 119.018
v -40.5408 260.626 118.949
v -45.402 269.707 118.889
v -42.9087 260.354 116.378
v -44.8347 269.481 120.292
v -42.3414 260.128 117.782
v -43.4652 269.67 120.95
v -40.9719 260.317 118.439
v -42.0956 270.162 120.475
v -39.6023 260.809 117.965
v -41.5284 270.67 119.147
v -39.035 261.317 116.637
v -42.0956 270.896 117.744
v -39.6023 261.543 115.233
v -43.4652 270.707 117.086
v -40.9719 261.354 114.576
v -44.8347 270.215 117.561
v -42.3414 260.861 115.05
v -43.4652 270.188 119.018
v -40.9719 260.835 116.507
v -42.6848 259.806 116.425
v -37.5228 251.269 115.743
v -42.1831 259.995 117.859
v -37.0211 251.458 117.177
v -40.9719 260.676 118.501
v -35.8098 252.139 117.819
v -39.7606 261.45 117.975
v -34.5986 252.913 117.293
v -39.2589 261.864 116.59
v -34.0969 253.327 115.907
v -39.7606 261.676 115.156
v -34.5986 253.138 114.474
v -40.9719 260.995 114.514
v -35.8098 252.457 113.832
v -42.1831 260.22 115.039
v -37.0211 251.683 114.357
v -40.9719 260.835 116.507
v -35.8098 252.298 115.825
v -42.609 259.819 117.043
v -36.8647 252.58 120.864
v -42.1295 260.777 118.137
v -36.3852 253.537 121.957
v -40.9719 261.769 118.276
v -35.2276 254.529 122.096
v -39.8143 262.214 117.379
v -34.07 254.974 121.199
v -39.3348 261.851 115.971
v -33.5905 254.612 119.791
v -39.8143 260.894 114.877
v -34.07 253.654 118.698
v -40.9719 259.902 114.738
v -35.2276 252.663 118.559
v -42.1295 259.457 115.636
v -36.3852 252.217 119.456
v -40.9719 260.835 116.507
v -35.2276 253.596 120.327
v -44.8496 269.401 120.228
v -37.6328 265.623 126.028
v -44.4441 270.816 120.645
v -37.2273 267.039 126.446
v -43.4652 271.864 120.11
v -36.2484 268.087 125.91
v -42.4862 271.93 118.935
v -35.2694 268.153 124.735
v -42.0807 270.976 117.809
v -34.8639 267.198 123.609
v -42.4862 269.56 117.391
v -35.2694 265.783 123.192
v -43.4652 268.513 117.927
v -36.2484 264.735 123.727
v -44.4441 268.446 119.101
v -37.2273 264.669 124.902
v -43.4652 270.188 119.018
v -36.2484 266.411 124.819
v -37.6323 264.995 124.537
v -30.4131 258.208 123.187
v -37.227 265.133 126.006
v -30.0078 258.347 124.656
v -36.2484 266.02 126.78
v -29.0292 259.234 125.43
v -35.2697 267.136 126.405
v -28.0506 260.349 125.055
v -34.8644 267.827 125.1
v -27.6452 261.04 123.75
v -35.2697 267.688 123.631
v -28.0506 260.901 122.281
v -36.2484 266.801 122.857
v -29.0292 260.014 121.507
v -37.227 265.685 123.232
v -30.0078 258.898 121.882
v -36.2484 266.411 124.819
v -29.0292 259.624 123.468
v -38.248 266.389 124.788
v -38.4362 272.148 132.961
v -37.6623 267.551 123.982
v -37.8505 273.311 132.155
v -36.2484 268.046 123.667
v -36.4366 273.805 131.839
v -34.8344 267.582 124.026
v -35.0226 273.341 132.199
v -34.2487 266.432 124.849
v -34.4369 272.192 133.022
v -34.8344 265.27 125.655
v -35.0226 271.029 133.828
v -36.2484 264.776 125.971
v -36.4366 270.535 134.143
v -37.6623 265.239 125.611
v -37.8505 270.999 133.784
v -36.2484 266.411 124.819
v -36.4366 272.17 132.991
v -48.2494 266.848 105.601
v -52.4608 270.139 114.053
v -47.7181 268.255 105.318
v -51.9295 271.546 113.77
v -46.4354 269.017 105.66
v -50.6468 272.308 114.112
v -45.1527 268.688 106.428
v -49.3642 271.978 114.88
v -44.6214 267.459 107.171
v -48.8328 270.75 115.623
v -45.1527 266.052 107.454
v -49.3642 269.343 115.906
v -46.4354 265.29 107.112
v -50.6468 268.581 115.564
v -47.7181 265.62 106.344
v -51.9295 268.91 114.796
v -46.4354 267.154 106.386
v -50.6468 270.444 114.838
v -52.6391 270.542 114.692
v -53.5166 265.024 122.985
v -52.0556 271.69 115.518
v -52.9331 266.173 123.812
v -50.6468 272.109 115.946
v -51.5243 266.592 124.239
v -49.2381 271.553 115.725
v -50.1155 266.035 124.018
v -48.6545 270.347 114.984
v -49.532 264.829 123.278
v -49.2381 269.198 114.158
v -50.1155 263.68 122.451
v -50.6468 268.779 113.73
v -51.5243 263.261 122.024
v -52.0556 269.336 113.951
v -52.9331 263.818 122.245
v -50.6468 270.444 114.838
v -51.5243 264.926 123.132
v -52.6368 270.536 114.66
v -53.6366 265.994 123.513
v -52.054 271.767 115.358
v -53.0537 267.225 124.21
v -50.6468 272.224 115.751
v -51.6466 267.682 124.604
v -49.2397 271.638 115.609
v -50.2395 267.096 124.462
v -48.6569 270.353 115.016
v -49.6566 265.811 123.869
v -49.2397 269.122 114.318
v -50.2395 264.579 123.171
v -50.6468 268.665 113.925
v -51.6466 264.123 122.778
v -52.054 269.251 114.067
v -53.0537 264.709 122.919
v -50.6468 270.444 114.838
v -51.6466 265.902 123.691
v -52.6465 270.482 114.833
v -52.4556 280.382 113.433
v -52.0608 270.273 113.434
v -51.8699 280.173 112.035
v -50.6468 270.164 112.858
v -50.456 280.064 111.458
v -49.2329 270.22 113.441
v -49.042 280.119 112.042
v -48.6472 270.407 114.843
v -48.4563 280.306 113.444
v -49.2329 270.616 116.242
v -49.042 280.515 114.843
v -50.6468 270.724 116.818
v -50.456 280.624 115.419
v -52.0608 270.669 116.235
v -51.8699 280.569 114.835
v -50.6468 270.444 114.838
v -50.456 280.344 113.439
v -52.0315 279.314 112.762
v -58.1914 285.899 117.087
v -51.57 280.392 111.778
v -57.7299 286.977 116.102
v -50.456 281.442 111.767
v -56.6159 288.027 116.091
v -49.3419 281.849 112.735
v -55.5018 288.433 117.059
v -48.8805 281.374 114.115
v -55.0404 287.959 118.439
v -49.3419 280.296 115.099
v -55.5018 286.881 119.423
v -50.456 279.246 115.11
v -56.6159 285.831 119.435
v -51.57 278.84 114.143
v -57.7299 285.424 118.467
v -50.456 280.344 113.439
v -56.6159 286.929 117.763
v -52.3509 280.983 113.469
v -49.1525 290.447 113.922
v -51.7959 280.864 112.048
v -48.5975 290.327 112.501
v -50.456 280.44 111.441
v -47.2575 289.904 111.894
v -49.1161 279.96 112.004
v -45.9176 289.424 112.458
v -48.561 279.705 113.408
v -45.3626 289.169 113.861
v -49.1161 279.825 114.83
v -45.9176 289.289 115.283
v -50.456 280.248 115.436
v -47.2575 289.712 115.889
v -51.7959 280.728 114.873
v -48.5975 290.192 115.326
v -50.456 280.344 113.439
v -47.2575 289.808 113.892
v -52.3043 269.373 114.513
v -57.901 277.304 116.918
v -51.8188 270.097 113.255
v -57.4156 278.028 115.66
v -50.6468 271.025 112.924
v -56.2436 278.955 115.329
v -49.4749 271.612 113.714
v -55.0716 279.543 116.119
v -48.9894 271.516 115.163
v -54.5861 279.446 117.567
v -49.4749 270.791 116.421
v -55.0716 278.722 118.826
v -50.6468 269.864 116.752
v -56.2436 277.795 119.157
v -51.8188 269.277 115.962
v -57.4156 277.207 118.366
v -50.6468 270.444 114.838
v -56.2436 278.375 117.243
v -58.1767 277.888 117.402
v -60.7401 287.075 114.399
v -57.6105 277.591 116.011
v -60.1739 286.779 113.009
v -56.2436 277.754 115.342
v -58.8069 286.941 112.339
v -54.8766 278.28 115.786
v -57.44 287.468 112.783
v -54.3104 278.862 117.083
v -56.8738 288.05 114.081
v -54.8766 279.159 118.474
v -57.44 288.347 115.472
v -56.2436 278.996 119.144
v -58.8069 288.184 116.141
v -57.6105 278.47 118.7
v -60.1739 287.657 115.697
v -56.2436 278.375 117.243
v -58.8069 287.563 114.24
v -57.6609 277.387 116.235
v -64.7162 282.347 121.297
v -57.2458 278.687 115.54
v -64.301 283.646 120.602
v -56.2436 279.804 115.843
v -63.2988 284.763 120.905
v -55.2413 280.083 116.966
v -62.2966 285.043 122.028
v -54.8262 279.362 118.251
v -61.8814 284.322 123.313
v -55.2413 278.063 118.945
v -62.2966 283.023 124.007
v -56.2436 276.946 118.642
v -63.2988 281.906 123.705
v -57.2458 276.667 117.52
v -64.301 281.626 122.582
v -56.2436 278.375 117.243
v -63.2988 283.335 122.305
v -52.2337 270.996 113.753
v -58.3204 267.402 120.826
v -51.7689 272.095 114.711
v -57.8556 268.501 121.785
v -50.6468 272.227 115.744
v -56.7335 268.634 122.818
v -49.5248 271.315 116.246
v -55.6115 267.721 123.32
v -49.06 269.893 115.923
v -55.1467 266.299 122.997
v -49.5248 268.794 114.965
v -55.6115 265.2 122.039
v -50.6468 268.661 113.932
v -56.7335 265.067 121.006
v -51.7689 269.573 113.43
v -57.8556 265.98 120.504
v -50.6468 270.444 114.838
v -56.7335 266.851 121.912
v -58.6734 267.283 121.688
v -61.107 258.664 126.137
v -58.1052 267.805 123.011
v -60.5388 259.186 127.459
v -56.7335 267.768 123.689
v -59.1671 259.148 128.137
v -55.3618 267.193 123.326
v -57.7954 258.574 127.774
v -54.7937 266.418 122.135
v -57.2272 257.799 126.583
v -55.3618 265.896 120.813
v -57.7954 257.277 125.261
v -56.7335 265.933 120.134
v -59.1671 257.314 124.582
v -58.1052 266.508 120.497
v -60.5388 257.888 124.945
v -56.7335 266.851 121.912
v -59.1671 258.231 126.36
v -58.5726 267.627 121.792
v -62.5025 258.54 123.196
v -58.034 267.616 123.224
v -61.9639 258.528 124.629
v -56.7335 267.156 123.888
v -60.6634 258.068 125.293
v -55.4331 266.517 123.394
v -59.363 257.43 124.799
v -54.8944 266.074 122.032
v -58.8243 256.986 123.436
v -55.4331 266.085 120.599
v -59.363 256.998 122.003
v -56.7335 266.545 119.935
v -60.6634 257.458 121.34
v -58.034 267.184 120.429
v -61.9639 258.096 121.834
v -56.7335 266.851 121.912
v -60.6634 257.763 123.316
v -55.7917 265.105 121.653
v -64.2073 260.222 123.963
v -56.4419 265.616 120.365
v -64.8575 260.733 122.675
v -57.2628 266.851 119.983
v -65.6784 261.968 122.293
v -57.7737 268.085 120.731
v -66.1893 263.202 123.04
v -57.6753 268.596 122.17
v -66.0909 263.713 124.48
v -57.0252 268.085 123.458
v -65.4408 263.202 125.768
v -56.2042 266.851 123.84
v -64.6198 261.968 126.15
v -55.6933 265.616 123.093
v -64.1089 260.733 125.402
v -56.7335 266.851 121.912
v -65.1491 261.968 124.221
v -66.6793 263.097 123.602
v -73.1185 256.389 127.282
v -66.2311 263.446 125.023
v -72.6703 256.739 128.703
v -65.1491 262.93 125.975
v -71.5883 256.222 129.655
v -64.0671 261.849 125.899
v -70.5063 255.142 129.579
v -63.6189 260.838 124.841
v -70.0582 254.131 128.521
v -64.0671 260.489 123.419
v -70.5063 253.781 127.1
v -65.1491 261.005 122.468
v -71.5883 254.298 126.148
v -66.2311 262.086 122.543
v -72.6703 255.378 126.224
v -65.1491 261.968 124.221
v -71.5883 255.26 127.902
v -66.763 261.665 123.08
v -72.6692 263.734 130.879
v -66.2903 263.12 123.051
v -72.1965 265.19 130.851
v -65.1491 263.901 123.708
v -71.0553 265.97 131.508
v -64.0079 263.549 124.666
v -69.9141 265.618 132.465
v -63.5352 262.271 125.363
v -69.4414 264.34 133.163
v -64.0079 260.815 125.391
v -69.9141 262.885 133.191
v -65.1491 260.034 124.734
v -71.0553 262.104 132.534
v -66.2903 260.386 123.777
v -72.1965 262.456 131.576
v -65.1491 261.968 124.221
v -71.0553 264.037 132.021
v -58.0566 267.327 120.489
v -65.5557 265.226 126.763
v -57.6691 268.528 121.355
v -65.1682 266.428 127.628
v -56.7335 268.747 122.547
v -64.2326 266.647 128.82
v -55.798 267.855 123.366
v -63.297 265.754 129.639
v -55.4104 266.374 123.334
v -62.9095 264.274 129.607
v -55.798 265.173 122.468
v -63.297 263.072 128.741
v -56.7335 264.954 121.277
v -64.2326 262.854 127.55
v -57.6691 265.846 120.457
v -65.1682 263.746 126.73
v -56.7335 266.851 121.912
v -64.2326 264.75 128.185
v -65.8676 265.72 128.806
v -71.6269 258.836 124.396
v -65.3887 264.673 129.815
v -71.148 257.789 125.405
v -64.2326 263.671 129.869
v -69.9919 256.788 125.459
v -63.0765 263.301 128.936
v -68.8358 256.418 124.526
v -62.5976 263.78 127.563
v -68.3569 256.897 123.154
v -63.0765 264.827 126.555
v -68.8358 257.943 122.145
v -64.2326 265.829 126.501
v -69.9919 258.945 122.091
v -65.3887 266.199 127.433
v -71.148 259.315 123.024
v -64.2326 264.75 128.185
v -69.9919 257.866 123.775
v -65.8627 265.167 127.104
v -71.6563 262.232 134.708
v -65.3853 266.364 127.93
v -71.1789 263.429 135.534
v -64.2326 266.616 128.905
v -70.0262 263.681 136.509
v -63.0799 265.774 129.458
v -68.8735 262.839 137.062
v -62.6024 264.333 129.266
v -68.3961 261.398 136.87
v -63.0799 263.136 128.44
v -68.8735 260.201 136.044
v -64.2326 262.884 127.465
v -70.0262 259.949 135.068
v -65.3853 263.726 126.911
v -71.1789 260.791 134.515
v -64.2326 264.75 128.185
v -70.0262 261.815 135.789
v -52.5565 270.367 114.249
v -55.5274 271.615 123.715
v -51.9972 271.791 114.237
v -54.9681 273.04 123.703
v -50.6468 272.427 114.577
v -53.6177 273.676 124.043
v -49.2965 271.901 115.07
v -52.2673 273.15 124.536
v -48.7371 270.522 115.427
v -51.708 271.77 124.894
v -49.2965 269.097 115.439
v -52.2673 270.346 124.906
v -50.6468 268.462 115.1
v -53.6177 269.71 124.566
v -51.9972 268.987 114.606
v -54.9681 270.236 124.073
v -50.6468 270.444 114.838
v -53.6177 271.693 124.305
v -55.523 271.805 123.707
v -58.5643 270.047 133.069
v -54.9649 273.162 124.143
v -58.0063 271.404 133.505
v -53.6177 273.658 124.674
v -56.659 271.9 134.036
v -52.2705 273.003 124.988
v -55.3118 271.245 134.351
v -51.7124 271.581 124.902
v -54.7538 269.822 134.265
v -52.2705 270.223 124.466
v -55.3118 268.465 133.829
v -53.6177 269.727 123.935
v -56.659 267.969 133.298
v -54.9649 270.382 123.621
v -58.0063 268.624 132.983
v -53.6177 271.693 124.305
v -56.659 269.935 133.667
v -55.6166 271.63 124.282
v -55.9503 281.031 127.674
v -55.0311 272.128 122.958
v -55.3648 281.53 126.351
v -53.6177 272.372 122.423
v -53.9514 281.773 125.816
v -52.2043 272.217 122.99
v -52.538 281.618 126.383
v -51.6188 271.756 124.327
v -51.9525 281.157 127.719
v -52.2043 271.257 125.651
v -52.538 280.658 129.043
v -53.6177 271.014 126.186
v -53.9514 280.415 129.578
v -55.0311 271.168 125.619
v -55.3648 280.57 129.011
v -53.6177 271.693 124.305
v -53.9514 281.094 127.697
v -55.5863 271.819 123.975
v -57.3511 268.289 133.163
v -55.0097 273.102 124.579
v -56.7745 269.572 133.767
v -53.6177 273.56 125.022
v -55.3825 270.029 134.21
v -52.2257 272.923 125.045
v -53.9905 269.393 134.233
v -51.6491 271.566 124.634
v -53.4139 268.035 133.822
v -52.2257 270.283 124.03
v -53.9905 266.752 133.218
v -53.6177 269.826 123.587
v -55.3825 266.295 132.775
v -55.0097 270.462 123.564
v -56.7745 266.931 132.752
v -53.6177 271.693 124.305
v -55.3825 268.162 133.493
v -57.1855 268.458 132.679
v -61.5135 265.375 141.15
v -56.6574 269.7 133.401
v -60.9854 266.617 141.872
v -55.3825 270.041 134.177
v -59.7105 266.958 142.648
v -54.1076 269.282 134.551
v -58.4356 266.198 143.023
v -53.5795 267.866 134.306
v -57.9075 264.783 142.777
v -54.1076 266.624 133.584
v -58.4356 263.54 142.055
v -55.3825 266.283 132.808
v -59.7105 263.199 141.28
v -56.6574 267.043 132.434
v -60.9854 263.959 140.905
v -55.3825 268.162 133.493
v -59.7105 265.079 141.964
v -57.2667 268.401 132.866
v -60.6201 265.046 141.669
v -56.7148 269.652 133.553
v -60.0682 266.297 142.356
v -55.3825 270.031 134.205
v -58.7359 266.676 143.008
v -54.0502 269.315 134.439
v -57.4035 265.959 143.243
v -53.4983 267.923 134.119
v -56.8517 264.568 142.922
v -54.0502 266.672 133.432
v -57.4035 263.316 142.235
v -55.3825 266.293 132.78
v -58.7359 262.938 141.583
v -56.7148 267.009 132.546
v -60.0682 263.654 141.349
v -55.3825 268.162 133.493
v -58.7359 264.807 142.296
v -54.9596 273.16 124.09
v -62.3746 266.521 125.062
v -54.5666 272.935 125.552
v -61.9816 266.297 126.524
v -53.6177 271.983 126.283
v -61.0327 265.344 127.256
v -52.6688 270.86 125.856
v -60.0838 264.222 126.828
v -52.2758 270.225 124.52
v -59.6908 263.587 125.492
v -52.6688 270.45 123.057
v -60.0838 263.812 124.03
v -53.6177 271.403 122.326
v -61.0327 264.764 123.298
v -54.5666 272.525 122.753
v -61.9816 265.887 123.726
v -53.6177 271.693 124.305
v -61.0327 265.054 125.277
v -62.475 265.723 126.49
v -69.4027 262.24 120.176
v -62.0526 264.289 126.818
v -68.9803 260.806 120.503
v -61.0327 263.303 126.243
v -67.9604 259.82 119.928
v -60.0128 263.343 125.102
v -66.9406 259.86 118.788
v -59.5904 264.385 124.064
v -66.5181 260.902 117.749
v -60.0128 265.819 123.736
v -66.9406 262.336 117.422
v -61.0327 266.805 124.311
v -67.9604 263.322 117.997
v -62.0526 266.766 125.452
v -68.9803 263.283 119.137
v -61.0327 265.054 125.277
v -67.9604 261.571 118.962
v -62.5206 266.323 124.856
v -69.2031 259.262 127.199
v -62.0848 266.396 126.322
v -68.7673 259.336 128.665
v -61.0327 265.684 127.175
v -67.7152 258.623 129.518
v -59.9806 264.603 126.917
v -66.6631 257.542 129.26
v -59.5448 263.786 125.698
v -66.2273 256.725 128.041
v -59.9806 263.712 124.233
v -66.6631 256.651 126.575
v -61.0327 264.424 123.379
v -67.7152 257.363 125.722
v -62.0848 265.506 123.637
v -68.7673 258.445 125.98
v -61.0327 265.054 125.277
v -67.7152 257.993 127.62

# Normales

# Caras
f 1 3 2 
f 3 4 2 
f 3 5 4 
f 5 6 4 
f 5 7 6 
f 7 8 6 
f 7 9 8 
f 9 10 8 
f 9 11 10 
f 11 12 10 
f 11 13 12 
f 13 14 12 
f 13 15 14 
f 15 16 14 
f 15 1 16 
f 1 2 16 
f 17 3 1 
f 17 5 3 
f 17 7 5 
f 17 9 7 
f 17 11 9 
f 17 13 11 
f 17 15 13 
f 17 1 15 
f 18 2 4 
f 18 4 6 
f 18 6 8 
f 18 8 10 
f 18 10 12 
f 18 12 14 
f 18 14 16 
f 18 16 2 
f 19 21 20 
f 21 22 20 
f 21 23 22 
f 23 24 22 
f 23 25 24 
f 25 26 24 
f 25 27 26 
f 27 28 26 
f 27 29 28 
f 29 30 28 
f 29 31 30 
f 31 32 30 
f 31 33 32 
f 33 34 32 
f 33 19 34 
f 19 20 34 
f 35 21 19 
f 35 23 21 
f 35 25 23 
f 35 27 25 
f 35 29 27 
f 35 31 29 
f 35 33 31 
f 35 19 33 
f 36 20 22 
f 36 22 24 
f 36 24 26 
f 36 26 28 
f 36 28 30 
f 36 30 32 
f 36 32 34 
f 36 34 20 
f 37 39 38 
f 39 40 38 
f 39 41 40 
f 41 42 40 
f 41 43 42 
f 43 44 42 
f 43 45 44 
f 45 46 44 
f 45 47 46 
f 47 48 46 
f 47 49 48 
f 49 50 48 
f 49 51 50 
f 51 52 50 
f 51 37 52 
f 37 38 52 
f 53 39 37 
f 53 41 39 
f 53 43 41 
f 53 45 43 
f 53 47 45 
f 53 49 47 
f 53 51 49 
f 53 37 51 
f 54 38 40 
f 54 40 42 
f 54 42 44 
f 54 44 46 
f 54 46 48 
f 54 48 50 
f 54 50 52 
f 54 52 38 
f 55 57 56 
f 57 58 56 
f 57 59 58 
f 59 60 58 
f 59 61 60 
f 61 62 60 
f 61 63 62 
f 63 64 62 
f 63 65 64 
f 65 66 64 
f 65 67 66 
f 67 68 66 
f 67 69 68 
f 69 70 68 
f 69 55 70 
f 55 56 70 
f 71 57 55 
f 71 59 57 
f 71 61 59 
f 71 63 61 
f 71 65 63 
f 71 67 65 
f 71 69 67 
f 71 55 69 
f 72 56 58 
f 72 58 60 
f 72 60 62 
f 72 62 64 
f 72 64 66 
f 72 66 68 
f 72 68 70 
f 72 70 56 
f 73 75 74 
f 75 76 74 
f 75 77 76 
f 77 78 76 
f 77 79 78 
f 79 80 78 
f 79 81 80 
f 81 82 80 
f 81 83 82 
f 83 84 82 
f 83 85 84 
f 85 86 84 
f 85 87 86 
f 87 88 86 
f 87 73 88 
f 73 74 88 
f 89 75 73 
f 89 77 75 
f 89 79 77 
f 89 81 79 
f 89 83 81 
f 89 85 83 
f 89 87 85 
f 89 73 87 
f 90 74 76 
f 90 76 78 
f 90 78 80 
f 90 80 82 
f 90 82 84 
f 90 84 86 
f 90 86 88 
f 90 88 74 
f 91 93 92 
f 93 94 92 
f 93 95 94 
f 95 96 94 
f 95 97 96 
f 97 98 96 
f 97 99 98 
f 99 100 98 
f 99 101 100 
f 101 102 100 
f 101 103 102 
f 103 104 102 
f 103 105 104 
f 105 106 104 
f 105 91 106 
f 91 92 106 
f 107 93 91 
f 107 95 93 
f 107 97 95 
f 107 99 97 
f 107 101 99 
f 107 103 101 
f 107 105 103 
f 107 91 105 
f 108 92 94 
f 108 94 96 
f 108 96 98 
f 108 98 100 
f 108 100 102 
f 108 102 104 
f 108 104 106 
f 108 106 92 
f 109 111 110 
f 111 112 110 
f 111 113 112 
f 113 114 112 
f 113 115 114 
f 115 116 114 
f 115 117 116 
f 117 118 116 
f 117 119 118 
f 119 120 118 
f 119 121 120 
f 121 122 120 
f 121 123 122 
f 123 124 122 
f 123 109 124 
f 109 110 124 
f 125 111 109 
f 125 113 111 
f 125 115 113 
f 125 117 115 
f 125 119 117 
f 125 121 119 
f 125 123 121 
f 125 109 123 
f 126 110 112 
f 126 112 114 
f 126 114 116 
f 126 116 118 
f 126 118 120 
f 126 120 122 
f 126 122 124 
f 126 124 110 
f 127 129 128 
f 129 130 128 
f 129 131 130 
f 131 132 130 
f 131 133 132 
f 133 134 132 
f 133 135 134 
f 135 136 134 
f 135 137 136 
f 137 138 136 
f 137 139 138 
f 139 140 138 
f 139 141 140 
f 141 142 140 
f 141 127 142 
f 127 128 142 
f 143 129 127 
f 143 131 129 
f 143 133 131 
f 143 135 133 
f 143 137 135 
f 143 139 137 
f 143 141 139 
f 143 127 141 
f 144 128 130 
f 144 130 132 
f 144 132 134 
f 144 134 136 
f 144 136 138 
f 144 138 140 
f 144 140 142 
f 144 142 128 
f 145 147 146 
f 147 148 146 
f 147 149 148 
f 149 150 148 
f 149 151 150 
f 151 152 150 
f 151 153 152 
f 153 154 152 
f 153 155 154 
f 155 156 154 
f 155 157 156 
f 157 158 156 
f 157 159 158 
f 159 160 158 
f 159 145 160 
f 145 146 160 
f 161 147 145 
f 161 149 147 
f 161 151 149 
f 161 153 151 
f 161 155 153 
f 161 157 155 
f 161 159 157 
f 161 145 159 
f 162 146 148 
f 162 148 150 
f 162 150 152 
f 162 152 154 
f 162 154 156 
f 162 156 158 
f 162 158 160 
f 162 160 146 
f 163 165 164 
f 165 166 164 
f 165 167 166 
f 167 168 166 
f 167 169 168 
f 169 170 168 
f 169 171 170 
f 171 172 170 
f 171 173 172 
f 173 174 172 
f 173 175 174 
f 175 176 174 
f 175 177 176 
f 177 178 176 
f 177 163 178 
f 163 164 178 
f 179 165 163 
f 179 167 165 
f 179 169 167 
f 179 171 169 
f 179 173 171 
f 179 175 173 
f 179 177 175 
f 179 163 177 
f 180 164 166 
f 180 166 168 
f 180 168 170 
f 180 170 172 
f 180 172 174 
f 180 174 176 
f 180 176 178 
f 180 178 164 
f 181 183 182 
f 183 184 182 
f 183 185 184 
f 185 186 184 
f 185 187 186 
f 187 188 186 
f 187 189 188 
f 189 190 188 
f 189 191 190 
f 191 192 190 
f 191 193 192 
f 193 194 192 
f 193 195 194 
f 195 196 194 
f 195 181 196 
f 181 182 196 
f 197 183 181 
f 197 185 183 
f 197 187 185 
f 197 189 187 
f 197 191 189 
f 197 193 191 
f 197 195 193 
f 197 181 195 
f 198 182 184 
f 198 184 186 
f 198 186 188 
f 198 188 190 
f 198 190 192 
f 198 192 194 
f 198 194 196 
f 198 196 182 
f 199 201 200 
f 201 202 200 
f 201 203 202 
f 203 204 202 
f 203 205 204 
f 205 206 204 
f 205 207 206 
f 207 208 206 
f 207 209 208 
f 209 210 208 
f 209 211 210 
f 211 212 210 
f 211 213 212 
f 213 214 212 
f 213 199 214 
f 199 200 214 
f 215 201 199 
f 215 203 201 
f 215 205 203 
f 215 207 205 
f 215 209 207 
f 215 211 209 
f 215 213 211 
f 215 199 213 
f 216 200 202 
f 216 202 204 
f 216 204 206 
f 216 206 208 
f 216 208 210 
f 216 210 212 
f 216 212 214 
f 216 214 200 
f 217 219 218 
f 219 220 218 
f 219 221 220 
f 221 222 220 
f 221 223 222 
f 223 224 222 
f 223 225 224 
f 225 226 224 
f 225 227 226 
f 227 228 226 
f 227 229 228 
f 229 230 228 
f 229 231 230 
f 231 232 230 
f 231 217 232 
f 217 218 232 
f 233 219 217 
f 233 221 219 
f 233 223 221 
f 233 225 223 
f 233 227 225 
f 233 229 227 
f 233 231 229 
f 233 217 231 
f 234 218 220 
f 234 220 222 
f 234 222 224 
f 234 224 226 
f 234 226 228 
f 234 228 230 
f 234 230 232 
f 234 232 218 
f 235 237 236 
f 237 238 236 
f 237 239 238 
f 239 240 238 
f 239 241 240 
f 241 242 240 
f 241 243 242 
f 243 244 242 
f 243 245 244 
f 245 246 244 
f 245 247 246 
f 247 248 246 
f 247 249 248 
f 249 250 248 
f 249 235 250 
f 235 236 250 
f 251 237 235 
f 251 239 237 
f 251 241 239 
f 251 243 241 
f 251 245 243 
f 251 247 245 
f 251 249 247 
f 251 235 249 
f 252 236 238 
f 252 238 240 
f 252 240 242 
f 252 242 244 
f 252 244 246 
f 252 246 248 
f 252 248 250 
f 252 250 236 
f 253 255 254 
f 255 256 254 
f 255 257 256 
f 257 258 256 
f 257 259 258 
f 259 260 258 
f 259 261 260 
f 261 262 260 
f 261 263 262 
f 263 264 262 
f 263 265 264 
f 265 266 264 
f 265 267 266 
f 267 268 266 
f 267 253 268 
f 253 254 268 
f 269 255 253 
f 269 257 255 
f 269 259 257 
f 269 261 259 
f 269 263 261 
f 269 265 263 
f 269 267 265 
f 269 253 267 
f 270 254 256 
f 270 256 258 
f 270 258 260 
f 270 260 262 
f 270 262 264 
f 270 264 266 
f 270 266 268 
f 270 268 254 
f 271 273 272 
f 273 274 272 
f 273 275 274 
f 275 276 274 
f 275 277 276 
f 277 278 276 
f 277 279 278 
f 279 280 278 
f 279 281 280 
f 281 282 280 
f 281 283 282 
f 283 284 282 
f 283 285 284 
f 285 286 284 
f 285 271 286 
f 271 272 286 
f 287 273 271 
f 287 275 273 
f 287 277 275 
f 287 279 277 
f 287 281 279 
f 287 283 281 
f 287 285 283 
f 287 271 285 
f 288 272 274 
f 288 274 276 
f 288 276 278 
f 288 278 280 
f 288 280 282 
f 288 282 284 
f 288 284 286 
f 288 286 272 
f 289 291 290 
f 291 292 290 
f 291 293 292 
f 293 294 292 
f 293 295 294 
f 295 296 294 
f 295 297 296 
f 297 298 296 
f 297 299 298 
f 299 300 298 
f 299 301 300 
f 301 302 300 
f 301 303 302 
f 303 304 302 
f 303 289 304 
f 289 290 304 
f 305 291 289 
f 305 293 291 
f 305 295 293 
f 305 297 295 
f 305 299 297 
f 305 301 299 
f 305 303 301 
f 305 289 303 
f 306 290 292 
f 306 292 294 
f 306 294 296 
f 306 296 298 
f 306 298 300 
f 306 300 302 
f 306 302 304 
f 306 304 290 
f 307 309 308 
f 309 310 308 
f 309 311 310 
f 311 312 310 
f 311 313 312 
f 313 314 312 
f 313 315 314 
f 315 316 314 
f 315 317 316 
f 317 318 316 
f 317 319 318 
f 319 320 318 
f 319 321 320 
f 321 322 320 
f 321 307 322 
f 307 308 322 
f 323 309 307 
f 323 311 309 
f 323 313 311 
f 323 315 313 
f 323 317 315 
f 323 319 317 
f 323 321 319 
f 323 307 321 
f 324 308 310 
f 324 310 312 
f 324 312 314 
f 324 314 316 
f 324 316 318 
f 324 318 320 
f 324 320 322 
f 324 322 308 
f 325 327 326 
f 327 328 326 
f 327 329 328 
f 329 330 328 
f 329 331 330 
f 331 332 330 
f 331 333 332 
f 333 334 332 
f 333 335 334 
f 335 336 334 
f 335 337 336 
f 337 338 336 
f 337 339 338 
f 339 340 338 
f 339 325 340 
f 325 326 340 
f 341 327 325 
f 341 329 327 
f 341 331 329 
f 341 333 331 
f 341 335 333 
f 341 337 335 
f 341 339 337 
f 341 325 339 
f 342 326 328 
f 342 328 330 
f 342 330 332 
f 342 332 334 
f 342 334 336 
f 342 336 338 
f 342 338 340 
f 342 340 326 
f 343 345 344 
f 345 346 344 
f 345 347 346 
f 347 348 346 
f 347 349 348 
f 349 350 348 
f 349 351 350 
f 351 352 350 
f 351 353 352 
f 353 354 352 
f 353 355 354 
f 355 356 354 
f 355 357 356 
f 357 358 356 
f 357 343 358 
f 343 344 358 
f 359 345 343 
f 359 347 345 
f 359 349 347 
f 359 351 349 
f 359 353 351 
f 359 355 353 
f 359 357 355 
f 359 343 357 
f 360 344 346 
f 360 346 348 
f 360 348 350 
f 360 350 352 
f 360 352 354 
f 360 354 356 
f 360 356 358 
f 360 358 344 
f 361 363 362 
f 363 364 362 
f 363 365 364 
f 365 366 364 
f 365 367 366 
f 367 368 366 
f 367 369 368 
f 369 370 368 
f 369 371 370 
f 371 372 370 
f 371 373 372 
f 373 374 372 
f 373 375 374 
f 375 376 374 
f 375 361 376 
f 361 362 376 
f 377 363 361 
f 377 365 363 
f 377 367 365 
f 377 369 367 
f 377 371 369 
f 377 373 371 
f 377 375 373 
f 377 361 375 
f 378 362 364 
f 378 364 366 
f 378 366 368 
f 378 368 370 
f 378 370 372 
f 378 372 374 
f 378 374 376 
f 378 376 362 
f 379 381 380 
f 381 382 380 
f 381 383 382 
f 383 384 382 
f 383 385 384 
f 385 386 384 
f 385 387 386 
f 387 388 386 
f 387 389 388 
f 389 390 388 
f 389 391 390 
f 391 392 390 
f 391 393 392 
f 393 394 392 
f 393 379 394 
f 379 380 394 
f 395 381 379 
f 395 383 381 
f 395 385 383 
f 395 387 385 
f 395 389 387 
f 395 391 389 
f 395 393 391 
f 395 379 393 
f 396 380 382 
f 396 382 384 
f 396 384 386 
f 396 386 388 
f 396 388 390 
f 396 390 392 
f 396 392 394 
f 396 394 380 
f 397 399 398 
f 399 400 398 
f 399 401 400 
f 401 402 400 
f 401 403 402 
f 403 404 402 
f 403 405 404 
f 405 406 404 
f 405 407 406 
f 407 408 406 
f 407 409 408 
f 409 410 408 
f 409 411 410 
f 411 412 410 
f 411 397 412 
f 397 398 412 
f 413 399 397 
f 413 401 399 
f 413 403 401 
f 413 405 403 
f 413 407 405 
f 413 409 407 
f 413 411 409 
f 413 397 411 
f 414 398 400 
f 414 400 402 
f 414 402 404 
f 414 404 406 
f 414 406 408 
f 414 408 410 
f 414 410 412 
f 414 412 398 
f 415 417 416 
f 417 418 416 
f 417 419 418 
f 419 420 418 
f 419 421 420 
f 421 422 420 
f 421 423 422 
f 423 424 422 
f 423 425 424 
f 425 426 424 
f 425 427 426 
f 427 428 426 
f 427 429 428 
f 429 430 428 
f 429 415 430 
f 415 416 430 
f 431 417 415 
f 431 419 417 
f 431 421 419 
f 431 423 421 
f 431 425 423 
f 431 427 425 
f 431 429 427 
f 431 415 429 
f 432 416 418 
f 432 418 420 
f 432 420 422 
f 432 422 424 
f 432 424 426 
f 432 426 428 
f 432 428 430 
f 432 430 416 
f 433 435 434 
f 435 436 434 
f 435 437 436 
f 437 438 436 
f 437 439 438 
f 439 440 438 
f 439 441 440 
f 441 442 440 
f 441 443 442 
f 443 444 442 
f 443 445 444 
f 445 446 444 
f 445 447 446 
f 447 448 446 
f 447 433 448 
f 433 434 448 
f 449 435 433 
f 449 437 435 
f 449 439 437 
f 449 441 439 
f 449 443 441 
f 449 445 443 
f 449 447 445 
f 449 433 447 
f 450 434 436 
f 450 436 438 
f 450 438 440 
f 450 440 442 
f 450 442 444 
f 450 444 446 
f 450 446 448 
f 450 448 434 
f 451 453 452 
f 453 454 452 
f 453 455 454 
f 455 456 454 
f 455 457 456 
f 457 458 456 
f 457 459 458 
f 459 460 458 
f 459 461 460 
f 461 462 460 
f 461 463 462 
f 463 464 462 
f 463 465 464 
f 465 466 464 
f 465 451 466 
f 451 452 466 
f 467 453 451 
f 467 455 453 
f 467 457 455 
f 467 459 457 
f 467 461 459 
f 467 463 461 
f 467 465 463 
f 467 451 465 
f 468 452 454 
f 468 454 456 
f 468 456 458 
f 468 458 460 
f 468 460 462 
f 468 462 464 
f 468 464 466 
f 468 466 452 
f 469 471 470 
f 471 472 470 
f 471 473 472 
f 473 474 472 
f 473 475 474 
f 475 476 474 
f 475 477 476 
f 477 478 476 
f 477 479 478 
f 479 480 478 
f 479 481 480 
f 481 482 480 
f 481 483 482 
f 483 484 482 
f 483 469 484 
f 469 470 484 
f 485 471 469 
f 485 473 471 
f 485 475 473 
f 485 477 475 
f 485 479 477 
f 485 481 479 
f 485 483 481 
f 485 469 483 
f 486 470 472 
f 486 472 474 
f 486 474 476 
f 486 476 478 
f 486 478 480 
f 486 480 482 
f 486 482 484 
f 486 484 470 
f 487 489 488 
f 489 490 488 
f 489 491 490 
f 491 492 490 
f 491 493 492 
f 493 494 492 
f 493 495 494 
f 495 496 494 
f 495 497 496 
f 497 498 496 
f 497 499 498 
f 499 500 498 
f 499 501 500 
f 501 502 500 
f 501 487 502 
f 487 488 502 
f 503 489 487 
f 503 491 489 
f 503 493 491 
f 503 495 493 
f 503 497 495 
f 503 499 497 
f 503 501 499 
f 503 487 501 
f 504 488 490 
f 504 490 492 
f 504 492 494 
f 504 494 496 
f 504 496 498 
f 504 498 500 
f 504 500 502 
f 504 502 488 
f 505 507 506 
f 507 508 506 
f 507 509 508 
f 509 510 508 
f 509 511 510 
f 511 512 510 
f 511 513 512 
f 513 514 512 
f 513 515 514 
f 515 516 514 
f 515 517 516 
f 517 518 516 
f 517 519 518 
f 519 520 518 
f 519 505 520 
f 505 506 520 
f 521 507 505 
f 521 509 507 
f 521 511 509 
f 521 513 511 
f 521 515 513 
f 521 517 515 
f 521 519 517 
f 521 505 519 
f 522 506 508 
f 522 508 510 
f 522 510 512 
f 522 512 514 
f 522 514 516 
f 522 516 518 
f 522 518 520 
f 522 520 506 
f 523 525 524 
f 525 526 524 
f 525 527 526 
f 527 528 526 
f 527 529 528 
f 529 530 528 
f 529 531 530 
f 531 532 530 
f 531 533 532 
f 533 534 532 
f 533 535 534 
f 535 536 534 
f 535 537 536 
f 537 538 536 
f 537 523 538 
f 523 524 538 
f 539 525 523 
f 539 527 525 
f 539 529 527 
f 539 531 529 
f 539 533 531 
f 539 535 533 
f 539 537 535 
f 539 523 537 
f 540 524 526 
f 540 526 528 
f 540 528 530 
f 540 530 532 
f 540 532 534 
f 540 534 536 
f 540 536 538 
f 540 538 524 
f 541 543 542 
f 543 544 542 
f 543 545 544 
f 545 546 544 
f 545 547 546 
f 547 548 546 
f 547 549 548 
f 549 550 548 
f 549 551 550 
f 551 552 550 
f 551 553 552 
f 553 554 552 
f 553 555 554 
f 555 556 554 
f 555 541 556 
f 541 542 556 
f 557 543 541 
f 557 545 543 
f 557 547 545 
f 557 549 547 
f 557 551 549 
f 557 553 551 
f 557 555 553 
f 557 541 555 
f 558 542 544 
f 558 544 546 
f 558 546 548 
f 558 548 550 
f 558 550 552 
f 558 552 554 
f 558 554 556 
f 558 556 542 
f 559 561 560 
f 561 562 560 
f 561 563 562 
f 563 564 562 
f 563 565 564 
f 565 566 564 
f 565 567 566 
f 567 568 566 
f 567 569 568 
f 569 570 568 
f 569 571 570 
f 571 572 570 
f 571 573 572 
f 573 574 572 
f 573 559 574 
f 559 560 574 
f 575 561 559 
f 575 563 561 
f 575 565 563 
f 575 567 565 
f 575 569 567 
f 575 571 569 
f 575 573 571 
f 575 559 573 
f 576 560 562 
f 576 562 564 
f 576 564 566 
f 576 566 568 
f 576 568 570 
f 576 570 572 
f 576 572 574 
f 576 574 560 
f 577 579 578 
f 579 580 578 
f 579 581 580 
f 581 582 580 
f 581 583 582 
f 583 584 582 
f 583 585 584 
f 585 586 584 
f 585 587 586 
f 587 588 586 
f 587 589 588 
f 589 590 588 
f 589 591 590 
f 591 592 590 
f 591 577 592 
f 577 578 592 
f 593 579 577 
f 593 581 579 
f 593 583 581 
f 593 585 583 
f 593 587 585 
f 593 589 587 
f 593 591 589 
f 593 577 591 
f 594 578 580 
f 594 580 582 
f 594 582 584 
f 594 584 586 
f 594 586 588 
f 594 588 590 
f 594 590 592 
f 594 592 578 
f 595 597 596 
f 597 598 596 
f 597 599 598 
f 599 600 598 
f 599 601 600 
f 601 602 600 
f 601 603 602 
f 603 604 602 
f 603 605 604 
f 605 606 604 
f 605 607 606 
f 607 608 606 
f 607 609 608 
f 609 610 608 
f 609 595 610 
f 595 596 610 
f 611 597 595 
f 611 599 597 
f 611 601 599 
f 611 603 601 
f 611 605 603 
f 611 607 605 
f 611 609 607 
f 611 595 609 
f 612 596 598 
f 612 598 600 
f 612 600 602 
f 612 602 604 
f 612 604 606 
f 612 606 608 
f 612 608 610 
f 612 610 596 
f 613 615 614 
f 615 616 614 
f 615 617 616 
f 617 618 616 
f 617 619 618 
f 619 620 618 
f 619 621 620 
f 621 622 620 
f 621 623 622 
f 623 624 622 
f 623 625 624 
f 625 626 624 
f 625 627 626 
f 627 628 626 
f 627 613 628 
f 613 614 628 
f 629 615 613 
f 629 617 615 
f 629 619 617 
f 629 621 619 
f 629 623 621 
f 629 625 623 
f 629 627 625 
f 629 613 627 
f 630 614 616 
f 630 616 618 
f 630 618 620 
f 630 620 622 
f 630 622 624 
f 630 624 626 
f 630 626 628 
f 630 628 614 
f 631 633 632 
f 633 634 632 
f 633 635 634 
f 635 636 634 
f 635 637 636 
f 637 638 636 
f 637 639 638 
f 639 640 638 
f 639 641 640 
f 641 642 640 
f 641 643 642 
f 643 644 642 
f 643 645 644 
f 645 646 644 
f 645 631 646 
f 631 632 646 
f 647 633 631 
f 647 635 633 
f 647 637 635 
f 647 639 637 
f 647 641 639 
f 647 643 641 
f 647 645 643 
f 647 631 645 
f 648 632 634 
f 648 634 636 
f 648 636 638 
f 648 638 640 
f 648 640 642 
f 648 642 644 
f 648 644 646 
f 648 646 632 
f 649 651 650 
f 651 652 650 
f 651 653 652 
f 653 654 652 
f 653 655 654 
f 655 656 654 
f 655 657 656 
f 657 658 656 
f 657 659 658 
f 659 660 658 
f 659 661 660 
f 661 662 660 
f 661 663 662 
f 663 664 662 
f 663 649 664 
f 649 650 664 
f 665 651 649 
f 665 653 651 
f 665 655 653 
f 665 657 655 
f 665 659 657 
f 665 661 659 
f 665 663 661 
f 665 649 663 
f 666 650 652 
f 666 652 654 
f 666 654 656 
f 666 656 658 
f 666 658 660 
f 666 660 662 
f 666 662 664 
f 666 664 650 
f 667 669 668 
f 669 670 668 
f 669 671 670 
f 671 672 670 
f 671 673 672 
f 673 674 672 
f 673 675 674 
f 675 676 674 
f 675 677 676 
f 677 678 676 
f 677 679 678 
f 679 680 678 
f 679 681 680 
f 681 682 680 
f 681 667 682 
f 667 668 682 
f 683 669 667 
f 683 671 669 
f 683 673 671 
f 683 675 673 
f 683 677 675 
f 683 679 677 
f 683 681 679 
f 683 667 681 
f 684 668 670 
f 684 670 672 
f 684 672 674 
f 684 674 676 
f 684 676 678 
f 684 678 680 
f 684 680 682 
f 684 682 668 
f 685 687 686 
f 687 688 686 
f 687 689 688 
f 689 690 688 
f 689 691 690 
f 691 692 690 
f 691 693 692 
f 693 694 692 
f 693 695 694 
f 695 696 694 
f 695 697 696 
f 697 698 696 
f 697 699 698 
f 699 700 698 
f 699 685 700 
f 685 686 700 
f 701 687 685 
f 701 689 687 
f 701 691 689 
f 701 693 691 
f 701 695 693 
f 701 697 695 
f 701 699 697 
f 701 685 699 
f 702 686 688 
f 702 688 690 
f 702 690 692 
f 702 692 694 
f 702 694 696 
f 702 696 698 
f 702 698 700 
f 702 700 686 
f 703 705 704 
f 705 706 704 
f 705 707 706 
f 707 708 706 
f 707 709 708 
f 709 710 708 
f 709 711 710 
f 711 712 710 
f 711 713 712 
f 713 714 712 
f 713 715 714 
f 715 716 714 
f 715 717 716 
f 717 718 716 
f 717 703 718 
f 703 704 718 
f 719 705 703 
f 719 707 705 
f 719 709 707 
f 719 711 709 
f 719 713 711 
f 719 715 713 
f 719 717 715 
f 719 703 717 
f 720 704 706 
f 720 706 708 
f 720 708 710 
f 720 710 712 
f 720 712 714 
f 720 714 716 
f 720 716 718 
f 720 718 704 
f 721 723 722 
f 723 724 722 
f 723 725 724 
f 725 726 724 
f 725 727 726 
f 727 728 726 
f 727 729 728 
f 729 730 728 
f 729 731 730 
f 731 732 730 
f 731 733 732 
f 733 734 732 
f 733 735 734 
f 735 736 734 
f 735 721 736 
f 721 722 736 
f 737 723 721 
f 737 725 723 
f 737 727 725 
f 737 729 727 
f 737 731 729 
f 737 733 731 
f 737 735 733 
f 737 721 735 
f 738 722 724 
f 738 724 726 
f 738 726 728 
f 738 728 730 
f 738 730 732 
f 738 732 734 
f 738 734 736 
f 738 736 722 
f 739 741 740 
f 741 742 740 
f 741 743 742 
f 743 744 742 
f 743 745 744 
f 745 746 744 
f 745 747 746 
f 747 748 746 
f 747 749 748 
f 749 750 748 
f 749 751 750 
f 751 752 750 
f 751 753 752 
f 753 754 752 
f 753 739 754 
f 739 740 754 
f 755 741 739 
f 755 743 741 
f 755 745 743 
f 755 747 745 
f 755 749 747 
f 755 751 749 
f 755 753 751 
f 755 739 753 
f 756 740 742 
f 756 742 744 
f 756 744 746 
f 756 746 748 
f 756 748 750 
f 756 750 752 
f 756 752 754 
f 756 754 740 
f 757 759 758 
f 759 760 758 
f 759 761 760 
f 761 762 760 
f 761 763 762 
f 763 764 762 
f 763 765 764 
f 765 766 764 
f 765 767 766 
f 767 768 766 
f 767 769 768 
f 769 770 768 
f 769 771 770 
f 771 772 770 
f 771 757 772 
f 757 758 772 
f 773 759 757 
f 773 761 759 
f 773 763 761 
f 773 765 763 
f 773 767 765 
f 773 769 767 
f 773 771 769 
f 773 757 771 
f 774 758 760 
f 774 760 762 
f 774 762 764 
f 774 764 766 
f 774 766 768 
f 774 768 770 
f 774 770 772 
f 774 772 758 
f 775 777 776 
f 777 778 776 
f 777 779 778 
f 779 780 778 
f 779 781 780 
f 781 782 780 
f 781 783 782 
f 783 784 782 
f 783 785 784 
f 785 786 784 
f 785 787 786 
f 787 788 786 
f 787 789 788 
f 789 790 788 
f 789 775 790 
f 775 776 790 
f 791 777 775 
f 791 779 777 
f 791 781 779 
f 791 783 781 
f 791 785 783 
f 791 787 785 
f 791 789 787 
f 791 775 789 
f 792 776 778 
f 792 778 780 
f 792 780 782 
f 792 782 784 
f 792 784 786 
f 792 786 788 
f 792 788 790 
f 792 790 776 
f 793 795 794 
f 795 796 794 
f 795 797 796 
f 797 798 796 
f 797 799 798 
f 799 800 798 
f 799 801 800 
f 801 802 800 
f 801 803 802 
f 803 804 802 
f 803 805 804 
f 805 806 804 
f 805 807 806 
f 807 808 806 
f 807 793 808 
f 793 794 808 
f 809 795 793 
f 809 797 795 
f 809 799 797 
f 809 801 799 
f 809 803 801 
f 809 805 803 
f 809 807 805 
f 809 793 807 
f 810 794 796 
f 810 796 798 
f 810 798 800 
f 810 800 802 
f 810 802 804 
f 810 804 806 
f 810 806 808 
f 810 808 794 
f 811 813 812 
f 813 814 812 
f 813 815 814 
f 815 816 814 
f 815 817 816 
f 817 818 816 
f 817 819 818 
f 819 820 818 
f 819 821 820 
f 821 822 820 
f 821 823 822 
f 823 824 822 
f 823 825 824 
f 825 826 824 
f 825 811 826 
f 811 812 826 
f 827 813 811 
f 827 815 813 
f 827 817 815 
f 827 819 817 
f 827 821 819 
f 827 823 821 
f 827 825 823 
f 827 811 825 
f 828 812 814 
f 828 814 816 
f 828 816 818 
f 828 818 820 
f 828 820 822 
f 828 822 824 
f 828 824 826 
f 828 826 812 
f 829 831 830 
f 831 832 830 
f 831 833 832 
f 833 834 832 
f 833 835 834 
f 835 836 834 
f 835 837 836 
f 837 838 836 
f 837 839 838 
f 839 840 838 
f 839 841 840 
f 841 842 840 
f 841 843 842 
f 843 844 842 
f 843 829 844 
f 829 830 844 
f 845 831 829 
f 845 833 831 
f 845 835 833 
f 845 837 835 
f 845 839 837 
f 845 841 839 
f 845 843 841 
f 845 829 843 
f 846 830 832 
f 846 832 834 
f 846 834 836 
f 846 836 838 
f 846 838 840 
f 846 840 842 
f 846 842 844 
f 846 844 830 
f 847 849 848 
f 849 850 848 
f 849 851 850 
f 851 852 850 
f 851 853 852 
f 853 854 852 
f 853 855 854 
f 855 856 854 
f 855 857 856 
f 857 858 856 
f 857 859 858 
f 859 860 858 
f 859 861 860 
f 861 862 860 
f 861 847 862 
f 847 848 862 
f 863 849 847 
f 863 851 849 
f 863 853 851 
f 863 855 853 
f 863 857 855 
f 863 859 857 
f 863 861 859 
f 863 847 861 
f 864 848 850 
f 864 850 852 
f 864 852 854 
f 864 854 856 
f 864 856 858 
f 864 858 860 
f 864 860 862 
f 864 862 848 
f 865 867 866 
f 867 868 866 
f 867 869 868 
f 869 870 868 
f 869 871 870 
f 871 872 870 
f 871 873 872 
f 873 874 872 
f 873 875 874 
f 875 876 874 
f 875 877 876 
f 877 878 876 
f 877 879 878 
f 879 880 878 
f 879 865 880 
f 865 866 880 
f 881 867 865 
f 881 869 867 
f 881 871 869 
f 881 873 871 
f 881 875 873 
f 881 877 875 
f 881 879 877 
f 881 865 879 
f 882 866 868 
f 882 868 870 
f 882 870 872 
f 882 872 874 
f 882 874 876 
f 882 876 878 
f 882 878 880 
f 882 880 866 
f 883 885 884 
f 885 886 884 
f 885 887 886 
f 887 888 886 
f 887 889 888 
f 889 890 888 
f 889 891 890 
f 891 892 890 
f 891 893 892 
f 893 894 892 
f 893 895 894 
f 895 896 894 
f 895 897 896 
f 897 898 896 
f 897 883 898 
f 883 884 898 
f 899 885 883 
f 899 887 885 
f 899 889 887 
f 899 891 889 
f 899 893 891 
f 899 895 893 
f 899 897 895 
f 899 883 897 
f 900 884 886 
f 900 886 888 
f 900 888 890 
f 900 890 892 
f 900 892 894 
f 900 894 896 
f 900 896 898 
f 900 898 884 
f 901 903 902 
f 903 904 902 
f 903 905 904 
f 905 906 904 
f 905 907 906 
f 907 908 906 
f 907 909 908 
f 909 910 908 
f 909 911 910 
f 911 912 910 
f 911 913 912 
f 913 914 912 
f 913 915 914 
f 915 916 914 
f 915 901 916 
f 901 902 916 
f 917 903 901 
f 917 905 903 
f 917 907 905 
f 917 909 907 
f 917 911 909 
f 917 913 911 
f 917 915 913 
f 917 901 915 
f 918 902 904 
f 918 904 906 
f 918 906 908 
f 918 908 910 
f 918 910 912 
f 918 912 914 
f 918 914 916 
f 918 916 902 
f 919 921 920 
f 921 922 920 
f 921 923 922 
f 923 924 922 
f 923 925 924 
f 925 926 924 
f 925 927 926 
f 927 928 926 
f 927 929 928 
f 929 930 928 
f 929 931 930 
f 931 932 930 
f 931 933 932 
f 933 934 932 
f 933 919 934 
f 919 920 934 
f 935 921 919 
f 935 923 921 
f 935 925 923 
f 935 927 925 
f 935 929 927 
f 935 931 929 
f 935 933 931 
f 935 919 933 
f 936 920 922 
f 936 922 924 
f 936 924 926 
f 936 926 928 
f 936 928 930 
f 936 930 932 
f 936 932 934 
f 936 934 920 
f 937 939 938 
f 939 940 938 
f 939 941 940 
f 941 942 940 
f 941 943 942 
f 943 944 942 
f 943 945 944 
f 945 946 944 
f 945 947 946 
f 947 948 946 
f 947 949 948 
f 949 950 948 
f 949 951 950 
f 951 952 950 
f 951 937 952 
f 937 938 952 
f 953 939 937 
f 953 941 939 
f 953 943 941 
f 953 945 943 
f 953 947 945 
f 953 949 947 
f 953 951 949 
f 953 937 951 
f 954 938 940 
f 954 940 942 
f 954 942 944 
f 954 944 946 
f 954 946 948 
f 954 948 950 
f 954 950 952 
f 954 952 938 
f 955 957 956 
f 957 958 956 
f 957 959 958 
f 959 960 958 
f 959 961 960 
f 961 962 960 
f 961 963 962 
f 963 964 962 
f 963 965 964 
f 965 966 964 
f 965 967 966 
f 967 968 966 
f 967 969 968 
f 969 970 968 
f 969 955 970 
f 955 956 970 
f 971 957 955 
f 971 959 957 
f 971 961 959 
f 971 963 961 
f 971 965 963 
f 971 967 965 
f 971 969 967 
f 971 955 969 
f 972 956 958 
f 972 958 960 
f 972 960 962 
f 972 962 964 
f 972 964 966 
f 972 966 968 
f 972 968 970 
f 972 970 956 
f 973 975 974 
f 975 976 974 
f 975 977 976 
f 977 978 976 
f 977 979 978 
f 979 980 978 
f 979 981 980 
f 981 982 980 
f 981 983 982 
f 983 984 982 
f 983 985 984 
f 985 986 984 
f 985 987 986 
f 987 988 986 
f 987 973 988 
f 973 974 988 
f 989 975 973 
f 989 977 975 
f 989 979 977 
f 989 981 979 
f 989 983 981 
f 989 985 983 
f 989 987 985 
f 989 973 987 
f 990 974 976 
f 990 976 978 
f 990 978 980 
f 990 980 982 
f 990 982 984 
f 990 984 986 
f 990 986 988 
f 990 988 974 
f 991 993 992 
f 993 994 992 
f 993 995 994 
f 995 996 994 
f 995 997 996 
f 997 998 996 
f 997 999 998 
f 999 1000 998 
f 999 1001 1000 
f 1001 1002 1000 
f 1001 1003 1002 
f 1003 1004 1002 
f 1003 1005 1004 
f 1005 1006 1004 
f 1005 991 1006 
f 991 992 1006 
f 1007 993 991 
f 1007 995 993 
f 1007 997 995 
f 1007 999 997 
f 1007 1001 999 
f 1007 1003 1001 
f 1007 1005 1003 
f 1007 991 1005 
f 1008 992 994 
f 1008 994 996 
f 1008 996 998 
f 1008 998 1000 
f 1008 1000 1002 
f 1008 1002 1004 
f 1008 1004 1006 
f 1008 1006 992 
f 1009 1011 1010 
f 1011 1012 1010 
f 1011 1013 1012 
f 1013 1014 1012 
f 1013 1015 1014 
f 1015 1016 1014 
f 1015 1017 1016 
f 1017 1018 1016 
f 1017 1019 1018 
f 1019 1020 1018 
f 1019 1021 1020 
f 1021 1022 1020 
f 1021 1023 1022 
f 1023 1024 1022 
f 1023 1009 1024 
f 1009 1010 1024 
f 1025 1011 1009 
f 1025 1013 1011 
f 1025 1015 1013 
f 1025 1017 1015 
f 1025 1019 1017 
f 1025 1021 1019 
f 1025 1023 1021 
f 1025 1009 1023 
f 1026 1010 1012 
f 1026 1012 1014 
f 1026 1014 1016 
f 1026 1016 1018 
f 1026 1018 1020 
f 1026 1020 1022 
f 1026 1022 1024 
f 1026 1024 1010 
f 1027 1029 1028 
f 1029 1030 1028 
f 1029 1031 1030 
f 1031 1032 1030 
f 1031 1033 1032 
f 1033 1034 1032 
f 1033 1035 1034 
f 1035 1036 1034 
f 1035 1037 1036 
f 1037 1038 1036 
f 1037 1039 1038 
f 1039 1040 1038 
f 1039 1041 1040 
f 1041 1042 1040 
f 1041 1027 1042 
f 1027 1028 1042 
f 1043 1029 1027 
f 1043 1031 1029 
f 1043 1033 1031 
f 1043 1035 1033 
f 1043 1037 1035 
f 1043 1039 1037 
f 1043 1041 1039 
f 1043 1027 1041 
f 1044 1028 1030 
f 1044 1030 1032 
f 1044 1032 1034 
f 1044 1034 1036 
f 1044 1036 1038 
f 1044 1038 1040 
f 1044 1040 1042 
f 1044 1042 1028 
f 1045 1047 1046 
f 1047 1048 1046 
f 1047 1049 1048 
f 1049 1050 1048 
f 1049 1051 1050 
f 1051 1052 1050 
f 1051 1053 1052 
f 1053 1054 1052 
f 1053 1055 1054 
f 1055 1056 1054 
f 1055 1057 1056 
f 1057 1058 1056 
f 1057 1059 1058 
f 1059 1060 1058 
f 1059 1045 1060 
f 1045 1046 1060 
f 1061 1047 1045 
f 1061 1049 1047 
f 1061 1051 1049 
f 1061 1053 1051 
f 1061 1055 1053 
f 1061 1057 1055 
f 1061 1059 1057 
f 1061 1045 1059 
f 1062 1046 1048 
f 1062 1048 1050 
f 1062 1050 1052 
f 1062 1052 1054 
f 1062 1054 1056 
f 1062 1056 1058 
f 1062 1058 1060 
f 1062 1060 1046 
f 1063 1065 1064 
f 1065 1066 1064 
f 1065 1067 1066 
f 1067 1068 1066 
f 1067 1069 1068 
f 1069 1070 1068 
f 1069 1071 1070 
f 1071 1072 1070 
f 1071 1073 1072 
f 1073 1074 1072 
f 1073 1075 1074 
f 1075 1076 1074 
f 1075 1077 1076 
f 1077 1078 1076 
f 1077 1063 1078 
f 1063 1064 1078 
f 1079 1065 1063 
f 1079 1067 1065 
f 1079 1069 1067 
f 1079 1071 1069 
f 1079 1073 1071 
f 1079 1075 1073 
f 1079 1077 1075 
f 1079 1063 1077 
f 1080 1064 1066 
f 1080 1066 1068 
f 1080 1068 1070 
f 1080 1070 1072 
f 1080 1072 1074 
f 1080 1074 1076 
f 1080 1076 1078 
f 1080 1078 1064 
f 1081 1083 1082 
f 1083 1084 1082 
f 1083 1085 1084 
f 1085 1086 1084 
f 1085 1087 1086 
f 1087 1088 1086 
f 1087 1089 1088 
f 1089 1090 1088 
f 1089 1091 1090 
f 1091 1092 1090 
f 1091 1093 1092 
f 1093 1094 1092 
f 1093 1095 1094 
f 1095 1096 1094 
f 1095 1081 1096 
f 1081 1082 1096 
f 1097 1083 1081 
f 1097 1085 1083 
f 1097 1087 1085 
f 1097 1089 1087 
f 1097 1091 1089 
f 1097 1093 1091 
f 1097 1095 1093 
f 1097 1081 1095 
f 1098 1082 1084 
f 1098 1084 1086 
f 1098 1086 1088 
f 1098 1088 1090 
f 1098 1090 1092 
f 1098 1092 1094 
f 1098 1094 1096 
f 1098 1096 1082 
f 1099 1101 1100 
f 1101 1102 1100 
f 1101 1103 1102 
f 1103 1104 1102 
f 1103 1105 1104 
f 1105 1106 1104 
f 1105 1107 1106 
f 1107 1108 1106 
f 1107 1109 1108 
f 1109 1110 1108 
f 1109 1111 1110 
f 1111 1112 1110 
f 1111 1113 1112 
f 1113 1114 1112 
f 1113 1099 1114 
f 1099 1100 1114 
f 1115 1101 1099 
f 1115 1103 1101 
f 1115 1105 1103 
f 1115 1107 1105 
f 1115 1109 1107 
f 1115 1111 1109 
f 1115 1113 1111 
f 1115 1099 1113 
f 1116 1100 1102 
f 1116 1102 1104 
f 1116 1104 1106 
f 1116 1106 1108 
f 1116 1108 1110 
f 1116 1110 1112 
f 1116 1112 1114 
f 1116 1114 1100 
f 1117 1119 1118 
f 1119 1120 1118 
f 1119 1121 1120 
f 1121 1122 1120 
f 1121 1123 1122 
f 1123 1124 1122 
f 1123 1125 1124 
f 1125 1126 1124 
f 1125 1127 1126 
f 1127 1128 1126 
f 1127 1129 1128 
f 1129 1130 1128 
f 1129 1131 1130 
f 1131 1132 1130 
f 1131 1117 1132 
f 1117 1118 1132 
f 1133 1119 1117 
f 1133 1121 1119 
f 1133 1123 1121 
f 1133 1125 1123 
f 1133 1127 1125 
f 1133 1129 1127 
f 1133 1131 1129 
f 1133 1117 1131 
f 1134 1118 1120 
f 1134 1120 1122 
f 1134 1122 1124 
f 1134 1124 1126 
f 1134 1126 1128 
f 1134 1128 1130 
f 1134 1130 1132 
f 1134 1132 1118 
f 1135 1137 1136 
f 1137 1138 1136 
f 1137 1139 1138 
f 1139 1140 1138 
f 1139 1141 1140 
f 1141 1142 1140 
f 1141 1143 1142 
f 1143 1144 1142 
f 1143 1145 1144 
f 1145 1146 1144 
f 1145 1147 1146 
f 1147 1148 1146 
f 1147 1149 1148 
f 1149 1150 1148 
f 1149 1135 1150 
f 1135 1136 1150 
f 1151 1137 1135 
f 1151 1139 1137 
f 1151 1141 1139 
f 1151 1143 1141 
f 1151 1145 1143 
f 1151 1147 1145 
f 1151 1149 1147 
f 1151 1135 1149 
f 1152 1136 1138 
f 1152 1138 1140 
f 1152 1140 1142 
f 1152 1142 1144 
f 1152 1144 1146 
f 1152 1146 1148 
f 1152 1148 1150 
f 1152 1150 1136 
f 1153 1155 1154 
f 1155 1156 1154 
f 1155 1157 1156 
f 1157 1158 1156 
f 1157 1159 1158 
f 1159 1160 1158 
f 1159 1161 1160 
f 1161 1162 1160 
f 1161 1163 1162 
f 1163 1164 1162 
f 1163 1165 1164 
f 1165 1166 1164 
f 1165 1167 1166 
f 1167 1168 1166 
f 1167 1153 1168 
f 1153 1154 1168 
f 1169 1155 1153 
f 1169 1157 1155 
f 1169 1159 1157 
f 1169 1161 1159 
f 1169 1163 1161 
f 1169 1165 1163 
f 1169 1167 1165 
f 1169 1153 1167 
f 1170 1154 1156 
f 1170 1156 1158 
f 1170 1158 1160 
f 1170 1160 1162 
f 1170 1162 1164 
f 1170 1164 1166 
f 1170 1166 1168 
f 1170 1168 1154 
f 1171 1173 1172 
f 1173 1174 1172 
f 1173 1175 1174 
f 1175 1176 1174 
f 1175 1177 1176 
f 1177 1178 1176 
f 1177 1179 1178 
f 1179 1180 1178 
f 1179 1181 1180 
f 1181 1182 1180 
f 1181 1183 1182 
f 1183 1184 1182 
f 1183 1185 1184 
f 1185 1186 1184 
f 1185 1171 1186 
f 1171 1172 1186 
f 1187 1173 1171 
f 1187 1175 1173 
f 1187 1177 1175 
f 1187 1179 1177 
f 1187 1181 1179 
f 1187 1183 1181 
f 1187 1185 1183 
f 1187 1171 1185 
f 1188 1172 1174 
f 1188 1174 1176 
f 1188 1176 1178 
f 1188 1178 1180 
f 1188 1180 1182 
f 1188 1182 1184 
f 1188 1184 1186 
f 1188 1186 1172 
f 1189 1191 1190 
f 1191 1192 1190 
f 1191 1193 1192 
f 1193 1194 1192 
f 1193 1195 1194 
f 1195 1196 1194 
f 1195 1197 1196 
f 1197 1198 1196 
f 1197 1199 1198 
f 1199 1200 1198 
f 1199 1201 1200 
f 1201 1202 1200 
f 1201 1203 1202 
f 1203 1204 1202 
f 1203 1189 1204 
f 1189 1190 1204 
f 1205 1191 1189 
f 1205 1193 1191 
f 1205 1195 1193 
f 1205 1197 1195 
f 1205 1199 1197 
f 1205 1201 1199 
f 1205 1203 1201 
f 1205 1189 1203 
f 1206 1190 1192 
f 1206 1192 1194 
f 1206 1194 1196 
f 1206 1196 1198 
f 1206 1198 1200 
f 1206 1200 1202 
f 1206 1202 1204 
f 1206 1204 1190 
f 1207 1209 1208 
f 1209 1210 1208 
f 1209 1211 1210 
f 1211 1212 1210 
f 1211 1213 1212 
f 1213 1214 1212 
f 1213 1215 1214 
f 1215 1216 1214 
f 1215 1217 1216 
f 1217 1218 1216 
f 1217 1219 1218 
f 1219 1220 1218 
f 1219 1221 1220 
f 1221 1222 1220 
f 1221 1207 1222 
f 1207 1208 1222 
f 1223 1209 1207 
f 1223 1211 1209 
f 1223 1213 1211 
f 1223 1215 1213 
f 1223 1217 1215 
f 1223 1219 1217 
f 1223 1221 1219 
f 1223 1207 1221 
f 1224 1208 1210 
f 1224 1210 1212 
f 1224 1212 1214 
f 1224 1214 1216 
f 1224 1216 1218 
f 1224 1218 1220 
f 1224 1220 1222 
f 1224 1222 1208 
f 1225 1227 1226 
f 1227 1228 1226 
f 1227 1229 1228 
f 1229 1230 1228 
f 1229 1231 1230 
f 1231 1232 1230 
f 1231 1233 1232 
f 1233 1234 1232 
f 1233 1235 1234 
f 1235 1236 1234 
f 1235 1237 1236 
f 1237 1238 1236 
f 1237 1239 1238 
f 1239 1240 1238 
f 1239 1225 1240 
f 1225 1226 1240 
f 1241 1227 1225 
f 1241 1229 1227 
f 1241 1231 1229 
f 1241 1233 1231 
f 1241 1235 1233 
f 1241 1237 1235 
f 1241 1239 1237 
f 1241 1225 1239 
f 1242 1226 1228 
f 1242 1228 1230 
f 1242 1230 1232 
f 1242 1232 1234 
f 1242 1234 1236 
f 1242 1236 1238 
f 1242 1238 1240 
f 1242 1240 1226 
f 1243 1245 1244 
f 1245 1246 1244 
f 1245 1247 1246 
f 1247 1248 1246 
f 1247 1249 1248 
f 1249 1250 1248 
f 1249 1251 1250 
f 1251 1252 1250 
f 1251 1253 1252 
f 1253 1254 1252 
f 1253 1255 1254 
f 1255 1256 1254 
f 1255 1257 1256 
f 1257 1258 1256 
f 1257 1243 1258 
f 1243 1244 1258 
f 1259 1245 1243 
f 1259 1247 1245 
f 1259 1249 1247 
f 1259 1251 1249 
f 1259 1253 1251 
f 1259 1255 1253 
f 1259 1257 1255 
f 1259 1243 1257 
f 1260 1244 1246 
f 1260 1246 1248 
f 1260 1248 1250 
f 1260 1250 1252 
f 1260 1252 1254 
f 1260 1254 1256 
f 1260 1256 1258 
f 1260 1258 1244 
f 1261 1263 1262 
f 1263 1264 1262 
f 1263 1265 1264 
f 1265 1266 1264 
f 1265 1267 1266 
f 1267 1268 1266 
f 1267 1269 1268 
f 1269 1270 1268 
f 1269 1271 1270 
f 1271 1272 1270 
f 1271 1273 1272 
f 1273 1274 1272 
f 1273 1275 1274 
f 1275 1276 1274 
f 1275 1261 1276 
f 1261 1262 1276 
f 1277 1263 1261 
f 1277 1265 1263 
f 1277 1267 1265 
f 1277 1269 1267 
f 1277 1271 1269 
f 1277 1273 1271 
f 1277 1275 1273 
f 1277 1261 1275 
f 1278 1262 1264 
f 1278 1264 1266 
f 1278 1266 1268 
f 1278 1268 1270 
f 1278 1270 1272 
f 1278 1272 1274 
f 1278 1274 1276 
f 1278 1276 1262 
f 1279 1281 1280 
f 1281 1282 1280 
f 1281 1283 1282 
f 1283 1284 1282 
f 1283 1285 1284 
f 1285 1286 1284 
f 1285 1287 1286 
f 1287 1288 1286 
f 1287 1289 1288 
f 1289 1290 1288 
f 1289 1291 1290 
f 1291 1292 1290 
f 1291 1293 1292 
f 1293 1294 1292 
f 1293 1279 1294 
f 1279 1280 1294 
f 1295 1281 1279 
f 1295 1283 1281 
f 1295 1285 1283 
f 1295 1287 1285 
f 1295 1289 1287 
f 1295 1291 1289 
f 1295 1293 1291 
f 1295 1279 1293 
f 1296 1280 1282 
f 1296 1282 1284 
f 1296 1284 1286 
f 1296 1286 1288 
f 1296 1288 1290 
f 1296 1290 1292 
f 1296 1292 1294 
f 1296 1294 1280 
f 1297 1299 1298 
f 1299 1300 1298 
f 1299 1301 1300 
f 1301 1302 1300 
f 1301 1303 1302 
f 1303 1304 1302 
f 1303 1305 1304 
f 1305 1306 1304 
f 1305 1307 1306 
f 1307 1308 1306 
f 1307 1309 1308 
f 1309 1310 1308 
f 1309 1311 1310 
f 1311 1312 1310 
f 1311 1297 1312 
f 1297 1298 1312 
f 1313 1299 1297 
f 1313 1301 1299 
f 1313 1303 1301 
f 1313 1305 1303 
f 1313 1307 1305 
f 1313 1309 1307 
f 1313 1311 1309 
f 1313 1297 1311 
f 1314 1298 1300 
f 1314 1300 1302 
f 1314 1302 1304 
f 1314 1304 1306 
f 1314 1306 1308 
f 1314 1308 1310 
f 1314 1310 1312 
f 1314 1312 1298 
f 1315 1317 1316 
f 1317 1318 1316 
f 1317 1319 1318 
f 1319 1320 1318 
f 1319 1321 1320 
f 1321 1322 1320 
f 1321 1323 1322 
f 1323 1324 1322 
f 1323 1325 1324 
f 1325 1326 1324 
f 1325 1327 1326 
f 1327 1328 1326 
f 1327 1329 1328 
f 1329 1330 1328 
f 1329 1315 1330 
f 1315 1316 1330 
f 1331 1317 1315 
f 1331 1319 1317 
f 1331 1321 1319 
f 1331 1323 1321 
f 1331 1325 1323 
f 1331 1327 1325 
f 1331 1329 1327 
f 1331 1315 1329 
f 1332 1316 1318 
f 1332 1318 1320 
f 1332 1320 1322 
f 1332 1322 1324 
f 1332 1324 1326 
f 1332 1326 1328 
f 1332 1328 1330 
f 1332 1330 1316 
f 1333 1335 1334 
f 1335 1336 1334 
f 1335 1337 1336 
f 1337 1338 1336 
f 1337 1339 1338 
f 1339 1340 1338 
f 1339 1341 1340 
f 1341 1342 1340 
f 1341 1343 1342 
f 1343 1344 1342 
f 1343 1345 1344 
f 1345 1346 1344 
f 1345 1347 1346 
f 1347 1348 1346 
f 1347 1333 1348 
f 1333 1334 1348 
f 1349 1335 1333 
f 1349 1337 1335 
f 1349 1339 1337 
f 1349 1341 1339 
f 1349 1343 1341 
f 1349 1345 1343 
f 1349 1347 1345 
f 1349 1333 1347 
f 1350 1334 1336 
f 1350 1336 1338 
f 1350 1338 1340 
f 1350 1340 1342 
f 1350 1342 1344 
f 1350 1344 1346 
f 1350 1346 1348 
f 1350 1348 1334 
f 1351 1353 1352 
f 1353 1354 1352 
f 1353 1355 1354 
f 1355 1356 1354 
f 1355 1357 1356 
f 1357 1358 1356 
f 1357 1359 1358 
f 1359 1360 1358 
f 1359 1361 1360 
f 1361 1362 1360 
f 1361 1363 1362 
f 1363 1364 1362 
f 1363 1365 1364 
f 1365 1366 1364 
f 1365 1351 1366 
f 1351 1352 1366 
f 1367 1353 1351 
f 1367 1355 1353 
f 1367 1357 1355 
f 1367 1359 1357 
f 1367 1361 1359 
f 1367 1363 1361 
f 1367 1365 1363 
f 1367 1351 1365 
f 1368 1352 1354 
f 1368 1354 1356 
f 1368 1356 1358 
f 1368 1358 1360 
f 1368 1360 1362 
f 1368 1362 1364 
f 1368 1364 1366 
f 1368 1366 1352 
f 1369 1371 1370 
f 1371 1372 1370 
f 1371 1373 1372 
f 1373 1374 1372 
f 1373 1375 1374 
f 1375 1376 1374 
f 1375 1377 1376 
f 1377 1378 1376 
f 1377 1379 1378 
f 1379 1380 1378 
f 1379 1381 1380 
f 1381 1382 1380 
f 1381 1383 1382 
f 1383 1384 1382 
f 1383 1369 1384 
f 1369 1370 1384 
f 1385 1371 1369 
f 1385 1373 1371 
f 1385 1375 1373 
f 1385 1377 1375 
f 1385 1379 1377 
f 1385 1381 1379 
f 1385 1383 1381 
f 1385 1369 1383 
f 1386 1370 1372 
f 1386 1372 1374 
f 1386 1374 1376 
f 1386 1376 1378 
f 1386 1378 1380 
f 1386 1380 1382 
f 1386 1382 1384 
f 1386 1384 1370 
f 1387 1389 1388 
f 1389 1390 1388 
f 1389 1391 1390 
f 1391 1392 1390 
f 1391 1393 1392 
f 1393 1394 1392 
f 1393 1395 1394 
f 1395 1396 1394 
f 1395 1397 1396 
f 1397 1398 1396 
f 1397 1399 1398 
f 1399 1400 1398 
f 1399 1401 1400 
f 1401 1402 1400 
f 1401 1387 1402 
f 1387 1388 1402 
f 1403 1389 1387 
f 1403 1391 1389 
f 1403 1393 1391 
f 1403 1395 1393 
f 1403 1397 1395 
f 1403 1399 1397 
f 1403 1401 1399 
f 1403 1387 1401 
f 1404 1388 1390 
f 1404 1390 1392 
f 1404 1392 1394 
f 1404 1394 1396 
f 1404 1396 1398 
f 1404 1398 1400 
f 1404 1400 1402 
f 1404 1402 1388 
f 1405 1407 1406 
f 1407 1408 1406 
f 1407 1409 1408 
f 1409 1410 1408 
f 1409 1411 1410 
f 1411 1412 1410 
f 1411 1413 1412 
f 1413 1414 1412 
f 1413 1415 1414 
f 1415 1416 1414 
f 1415 1417 1416 
f 1417 1418 1416 
f 1417 1419 1418 
f 1419 1420 1418 
f 1419 1405 1420 
f 1405 1406 1420 
f 1421 1407 1405 
f 1421 1409 1407 
f 1421 1411 1409 
f 1421 1413 1411 
f 1421 1415 1413 
f 1421 1417 1415 
f 1421 1419 1417 
f 1421 1405 1419 
f 1422 1406 1408 
f 1422 1408 1410 
f 1422 1410 1412 
f 1422 1412 1414 
f 1422 1414 1416 
f 1422 1416 1418 
f 1422 1418 1420 
f 1422 1420 1406 
f 1423 1425 1424 
f 1425 1426 1424 
f 1425 1427 1426 
f 1427 1428 1426 
f 1427 1429 1428 
f 1429 1430 1428 
f 1429 1431 1430 
f 1431 1432 1430 
f 1431 1433 1432 
f 1433 1434 1432 
f 1433 1435 1434 
f 1435 1436 1434 
f 1435 1437 1436 
f 1437 1438 1436 
f 1437 1423 1438 
f 1423 1424 1438 
f 1439 1425 1423 
f 1439 1427 1425 
f 1439 1429 1427 
f 1439 1431 1429 
f 1439 1433 1431 
f 1439 1435 1433 
f 1439 1437 1435 
f 1439 1423 1437 
f 1440 1424 1426 
f 1440 1426 1428 
f 1440 1428 1430 
f 1440 1430 1432 
f 1440 1432 1434 
f 1440 1434 1436 
f 1440 1436 1438 
f 1440 1438 1424 
f 1441 1443 1442 
f 1443 1444 1442 
f 1443 1445 1444 
f 1445 1446 1444 
f 1445 1447 1446 
f 1447 1448 1446 
f 1447 1449 1448 
f 1449 1450 1448 
f 1449 1451 1450 
f 1451 1452 1450 
f 1451 1453 1452 
f 1453 1454 1452 
f 1453 1455 1454 
f 1455 1456 1454 
f 1455 1441 1456 
f 1441 1442 1456 
f 1457 1443 1441 
f 1457 1445 1443 
f 1457 1447 1445 
f 1457 1449 1447 
f 1457 1451 1449 
f 1457 1453 1451 
f 1457 1455 1453 
f 1457 1441 1455 
f 1458 1442 1444 
f 1458 1444 1446 
f 1458 1446 1448 
f 1458 1448 1450 
f 1458 1450 1452 
f 1458 1452 1454 
f 1458 1454 1456 
f 1458 1456 1442 
f 1459 1461 1460 
f 1461 1462 1460 
f 1461 1463 1462 
f 1463 1464 1462 
f 1463 1465 1464 
f 1465 1466 1464 
f 1465 1467 1466 
f 1467 1468 1466 
f 1467 1469 1468 
f 1469 1470 1468 
f 1469 1471 1470 
f 1471 1472 1470 
f 1471 1473 1472 
f 1473 1474 1472 
f 1473 1459 1474 
f 1459 1460 1474 
f 1475 1461 1459 
f 1475 1463 1461 
f 1475 1465 1463 
f 1475 1467 1465 
f 1475 1469 1467 
f 1475 1471 1469 
f 1475 1473 1471 
f 1475 1459 1473 
f 1476 1460 1462 
f 1476 1462 1464 
f 1476 1464 1466 
f 1476 1466 1468 
f 1476 1468 1470 
f 1476 1470 1472 
f 1476 1472 1474 
f 1476 1474 1460 
f 1477 1479 1478 
f 1479 1480 1478 
f 1479 1481 1480 
f 1481 1482 1480 
f 1481 1483 1482 
f 1483 1484 1482 
f 1483 1485 1484 
f 1485 1486 1484 
f 1485 1487 1486 
f 1487 1488 1486 
f 1487 1489 1488 
f 1489 1490 1488 
f 1489 1491 1490 
f 1491 1492 1490 
f 1491 1477 1492 
f 1477 1478 1492 
f 1493 1479 1477 
f 1493 1481 1479 
f 1493 1483 1481 
f 1493 1485 1483 
f 1493 1487 1485 
f 1493 1489 1487 
f 1493 1491 1489 
f 1493 1477 1491 
f 1494 1478 1480 
f 1494 1480 1482 
f 1494 1482 1484 
f 1494 1484 1486 
f 1494 1486 1488 
f 1494 1488 1490 
f 1494 1490 1492 
f 1494 1492 1478 
f 1495 1497 1496 
f 1497 1498 1496 
f 1497 1499 1498 
f 1499 1500 1498 
f 1499 1501 1500 
f 1501 1502 1500 
f 1501 1503 1502 
f 1503 1504 1502 
f 1503 1505 1504 
f 1505 1506 1504 
f 1505 1507 1506 
f 1507 1508 1506 
f 1507 1509 1508 
f 1509 1510 1508 
f 1509 1495 1510 
f 1495 1496 1510 
f 1511 1497 1495 
f 1511 1499 1497 
f 1511 1501 1499 
f 1511 1503 1501 
f 1511 1505 1503 
f 1511 1507 1505 
f 1511 1509 1507 
f 1511 1495 1509 
f 1512 1496 1498 
f 1512 1498 1500 
f 1512 1500 1502 
f 1512 1502 1504 
f 1512 1504 1506 
f 1512 1506 1508 
f 1512 1508 1510 
f 1512 1510 1496 
f 1513 1515 1514 
f 1515 1516 1514 
f 1515 1517 1516 
f 1517 1518 1516 
f 1517 1519 1518 
f 1519 1520 1518 
f 1519 1521 1520 
f 1521 1522 1520 
f 1521 1523 1522 
f 1523 1524 1522 
f 1523 1525 1524 
f 1525 1526 1524 
f 1525 1527 1526 
f 1527 1528 1526 
f 1527 1513 1528 
f 1513 1514 1528 
f 1529 1515 1513 
f 1529 1517 1515 
f 1529 1519 1517 
f 1529 1521 1519 
f 1529 1523 1521 
f 1529 1525 1523 
f 1529 1527 1525 
f 1529 1513 1527 
f 1530 1514 1516 
f 1530 1516 1518 
f 1530 1518 1520 
f 1530 1520 1522 
f 1530 1522 1524 
f 1530 1524 1526 
f 1530 1526 1528 
f 1530 1528 1514 
f 1531 1533 1532 
f 1533 1534 1532 
f 1533 1535 1534 
f 1535 1536 1534 
f 1535 1537 1536 
f 1537 1538 1536 
f 1537 1539 1538 
f 1539 1540 1538 
f 1539 1541 1540 
f 1541 1542 1540 
f 1541 1543 1542 
f 1543 1544 1542 
f 1543 1545 1544 
f 1545 1546 1544 
f 1545 1531 1546 
f 1531 1532 1546 
f 1547 1533 1531 
f 1547 1535 1533 
f 1547 1537 1535 
f 1547 1539 1537 
f 1547 1541 1539 
f 1547 1543 1541 
f 1547 1545 1543 
f 1547 1531 1545 
f 1548 1532 1534 
f 1548 1534 1536 
f 1548 1536 1538 
f 1548 1538 1540 
f 1548 1540 1542 
f 1548 1542 1544 
f 1548 1544 1546 
f 1548 1546 1532 
f 1549 1551 1550 
f 1551 1552 1550 
f 1551 1553 1552 
f 1553 1554 1552 
f 1553 1555 1554 
f 1555 1556 1554 
f 1555 1557 1556 
f 1557 1558 1556 
f 1557 1559 1558 
f 1559 1560 1558 
f 1559 1561 1560 
f 1561 1562 1560 
f 1561 1563 1562 
f 1563 1564 1562 
f 1563 1549 1564 
f 1549 1550 1564 
f 1565 1551 1549 
f 1565 1553 1551 
f 1565 1555 1553 
f 1565 1557 1555 
f 1565 1559 1557 
f 1565 1561 1559 
f 1565 1563 1561 
f 1565 1549 1563 
f 1566 1550 1552 
f 1566 1552 1554 
f 1566 1554 1556 
f 1566 1556 1558 
f 1566 1558 1560 
f 1566 1560 1562 
f 1566 1562 1564 
f 1566 1564 1550 
f 1567 1569 1568 
f 1569 1570 1568 
f 1569 1571 1570 
f 1571 1572 1570 
f 1571 1573 1572 
f 1573 1574 1572 
f 1573 1575 1574 
f 1575 1576 1574 
f 1575 1577 1576 
f 1577 1578 1576 
f 1577 1579 1578 
f 1579 1580 1578 
f 1579 1581 1580 
f 1581 1582 1580 
f 1581 1567 1582 
f 1567 1568 1582 
f 1583 1569 1567 
f 1583 1571 1569 
f 1583 1573 1571 
f 1583 1575 1573 
f 1583 1577 1575 
f 1583 1579 1577 
f 1583 1581 1579 
f 1583 1567 1581 
f 1584 1568 1570 
f 1584 1570 1572 
f 1584 1572 1574 
f 1584 1574 1576 
f 1584 1576 1578 
f 1584 1578 1580 
f 1584 1580 1582 
f 1584 1582 1568 
f 1585 1587 1586 
f 1587 1588 1586 
f 1587 1589 1588 
f 1589 1590 1588 
f 1589 1591 1590 
f 1591 1592 1590 
f 1591 1593 1592 
f 1593 1594 1592 
f 1593 1595 1594 
f 1595 1596 1594 
f 1595 1597 1596 
f 1597 1598 1596 
f 1597 1599 1598 
f 1599 1600 1598 
f 1599 1585 1600 
f 1585 1586 1600 
f 1601 1587 1585 
f 1601 1589 1587 
f 1601 1591 1589 
f 1601 1593 1591 
f 1601 1595 1593 
f 1601 1597 1595 
f 1601 1599 1597 
f 1601 1585 1599 
f 1602 1586 1588 
f 1602 1588 1590 
f 1602 1590 1592 
f 1602 1592 1594 
f 1602 1594 1596 
f 1602 1596 1598 
f 1602 1598 1600 
f 1602 1600 1586 
f 1603 1605 1604 
f 1605 1606 1604 
f 1605 1607 1606 
f 1607 1608 1606 
f 1607 1609 1608 
f 1609 1610 1608 
f 1609 1611 1610 
f 1611 1612 1610 
f 1611 1613 1612 
f 1613 1614 1612 
f 1613 1615 1614 
f 1615 1616 1614 
f 1615 1617 1616 
f 1617 1618 1616 
f 1617 1603 1618 
f 1603 1604 1618 
f 1619 1605 1603 
f 1619 1607 1605 
f 1619 1609 1607 
f 1619 1611 1609 
f 1619 1613 1611 
f 1619 1615 1613 
f 1619 1617 1615 
f 1619 1603 1617 
f 1620 1604 1606 
f 1620 1606 1608 
f 1620 1608 1610 
f 1620 1610 1612 
f 1620 1612 1614 
f 1620 1614 1616 
f 1620 1616 1618 
f 1620 1618 1604 
f 1621 1623 1622 
f 1623 1624 1622 
f 1623 1625 1624 
f 1625 1626 1624 
f 1625 1627 1626 
f 1627 1628 1626 
f 1627 1629 1628 
f 1629 1630 1628 
f 1629 1631 1630 
f 1631 1632 1630 
f 1631 1633 1632 
f 1633 1634 1632 
f 1633 1635 1634 
f 1635 1636 1634 
f 1635 1621 1636 
f 1621 1622 1636 
f 1637 1623 1621 
f 1637 1625 1623 
f 1637 1627 1625 
f 1637 1629 1627 
f 1637 1631 1629 
f 1637 1633 1631 
f 1637 1635 1633 
f 1637 1621 1635 
f 1638 1622 1624 
f 1638 1624 1626 
f 1638 1626 1628 
f 1638 1628 1630 
f 1638 1630 1632 
f 1638 1632 1634 
f 1638 1634 1636 
f 1638 1636 1622 
f 1639 1641 1640 
f 1641 1642 1640 
f 1641 1643 1642 
f 1643 1644 1642 
f 1643 1645 1644 
f 1645 1646 1644 
f 1645 1647 1646 
f 1647 1648 1646 
f 1647 1649 1648 
f 1649 1650 1648 
f 1649 1651 1650 
f 1651 1652 1650 
f 1651 1653 1652 
f 1653 1654 1652 
f 1653 1639 1654 
f 1639 1640 1654 
f 1655 1641 1639 
f 1655 1643 1641 
f 1655 1645 1643 
f 1655 1647 1645 
f 1655 1649 1647 
f 1655 1651 1649 
f 1655 1653 1651 
f 1655 1639 1653 
f 1656 1640 1642 
f 1656 1642 1644 
f 1656 1644 1646 
f 1656 1646 1648 
f 1656 1648 1650 
f 1656 1650 1652 
f 1656 1652 1654 
f 1656 1654 1640 
f 1657 1659 1658 
f 1659 1660 1658 
f 1659 1661 1660 
f 1661 1662 1660 
f 1661 1663 1662 
f 1663 1664 1662 
f 1663 1665 1664 
f 1665 1666 1664 
f 1665 1667 1666 
f 1667 1668 1666 
f 1667 1669 1668 
f 1669 1670 1668 
f 1669 1671 1670 
f 1671 1672 1670 
f 1671 1657 1672 
f 1657 1658 1672 
f 1673 1659 1657 
f 1673 1661 1659 
f 1673 1663 1661 
f 1673 1665 1663 
f 1673 1667 1665 
f 1673 1669 1667 
f 1673 1671 1669 
f 1673 1657 1671 
f 1674 1658 1660 
f 1674 1660 1662 
f 1674 1662 1664 
f 1674 1664 1666 
f 1674 1666 1668 
f 1674 1668 1670 
f 1674 1670 1672 
f 1674 1672 1658 
f 1675 1677 1676 
f 1677 1678 1676 
f 1677 1679 1678 
f 1679 1680 1678 
f 1679 1681 1680 
f 1681 1682 1680 
f 1681 1683 1682 
f 1683 1684 1682 
f 1683 1685 1684 
f 1685 1686 1684 
f 1685 1687 1686 
f 1687 1688 1686 
f 1687 1689 1688 
f 1689 1690 1688 
f 1689 1675 1690 
f 1675 1676 1690 
f 1691 1677 1675 
f 1691 1679 1677 
f 1691 1681 1679 
f 1691 1683 1681 
f 1691 1685 1683 
f 1691 1687 1685 
f 1691 1689 1687 
f 1691 1675 1689 
f 1692 1676 1678 
f 1692 1678 1680 
f 1692 1680 1682 
f 1692 1682 1684 
f 1692 1684 1686 
f 1692 1686 1688 
f 1692 1688 1690 
f 1692 1690 1676 
f 1693 1695 1694 
f 1695 1696 1694 
f 1695 1697 1696 
f 1697 1698 1696 
f 1697 1699 1698 
f 1699 1700 1698 
f 1699 1701 1700 
f 1701 1702 1700 
f 1701 1703 1702 
f 1703 1704 1702 
f 1703 1705 1704 
f 1705 1706 1704 
f 1705 1707 1706 
f 1707 1708 1706 
f 1707 1693 1708 
f 1693 1694 1708 
f 1709 1695 1693 
f 1709 1697 1695 
f 1709 1699 1697 
f 1709 1701 1699 
f 1709 1703 1701 
f 1709 1705 1703 
f 1709 1707 1705 
f 1709 1693 1707 
f 1710 1694 1696 
f 1710 1696 1698 
f 1710 1698 1700 
f 1710 1700 1702 
f 1710 1702 1704 
f 1710 1704 1706 
f 1710 1706 1708 
f 1710 1708 1694 
f 1711 1713 1712 
f 1713 1714 1712 
f 1713 1715 1714 
f 1715 1716 1714 
f 1715 1717 1716 
f 1717 1718 1716 
f 1717 1719 1718 
f 1719 1720 1718 
f 1719 1721 1720 
f 1721 1722 1720 
f 1721 1723 1722 
f 1723 1724 1722 
f 1723 1725 1724 
f 1725 1726 1724 
f 1725 1711 1726 
f 1711 1712 1726 
f 1727 1713 1711 
f 1727 1715 1713 
f 1727 1717 1715 
f 1727 1719 1717 
f 1727 1721 1719 
f 1727 1723 1721 
f 1727 1725 1723 
f 1727 1711 1725 
f 1728 1712 1714 
f 1728 1714 1716 
f 1728 1716 1718 
f 1728 1718 1720 
f 1728 1720 1722 
f 1728 1722 1724 
f 1728 1724 1726 
f 1728 1726 1712 
f 1729 1731 1730 
f 1731 1732 1730 
f 1731 1733 1732 
f 1733 1734 1732 
f 1733 1735 1734 
f 1735 1736 1734 
f 1735 1737 1736 
f 1737 1738 1736 
f 1737 1739 1738 
f 1739 1740 1738 
f 1739 1741 1740 
f 1741 1742 1740 
f 1741 1743 1742 
f 1743 1744 1742 
f 1743 1729 1744 
f 1729 1730 1744 
f 1745 1731 1729 
f 1745 1733 1731 
f 1745 1735 1733 
f 1745 1737 1735 
f 1745 1739 1737 
f 1745 1741 1739 
f 1745 1743 1741 
f 1745 1729 1743 
f 1746 1730 1732 
f 1746 1732 1734 
f 1746 1734 1736 
f 1746 1736 1738 
f 1746 1738 1740 
f 1746 1740 1742 
f 1746 1742 1744 
f 1746 1744 1730 
f 1747 1749 1748 
f 1749 1750 1748 
f 1749 1751 1750 
f 1751 1752 1750 
f 1751 1753 1752 
f 1753 1754 1752 
f 1753 1755 1754 
f 1755 1756 1754 
f 1755 1757 1756 
f 1757 1758 1756 
f 1757 1759 1758 
f 1759 1760 1758 
f 1759 1761 1760 
f 1761 1762 1760 
f 1761 1747 1762 
f 1747 1748 1762 
f 1763 1749 1747 
f 1763 1751 1749 
f 1763 1753 1751 
f 1763 1755 1753 
f 1763 1757 1755 
f 1763 1759 1757 
f 1763 1761 1759 
f 1763 1747 1761 
f 1764 1748 1750 
f 1764 1750 1752 
f 1764 1752 1754 
f 1764 1754 1756 
f 1764 1756 1758 
f 1764 1758 1760 
f 1764 1760 1762 
f 1764 1762 1748 
f 1765 1767 1766 
f 1767 1768 1766 
f 1767 1769 1768 
f 1769 1770 1768 
f 1769 1771 1770 
f 1771 1772 1770 
f 1771 1773 1772 
f 1773 1774 1772 
f 1773 1775 1774 
f 1775 1776 1774 
f 1775 1777 1776 
f 1777 1778 1776 
f 1777 1779 1778 
f 1779 1780 1778 
f 1779 1765 1780 
f 1765 1766 1780 
f 1781 1767 1765 
f 1781 1769 1767 
f 1781 1771 1769 
f 1781 1773 1771 
f 1781 1775 1773 
f 1781 1777 1775 
f 1781 1779 1777 
f 1781 1765 1779 
f 1782 1766 1768 
f 1782 1768 1770 
f 1782 1770 1772 
f 1782 1772 1774 
f 1782 1774 1776 
f 1782 1776 1778 
f 1782 1778 1780 
f 1782 1780 1766 
f 1783 1785 1784 
f 1785 1786 1784 
f 1785 1787 1786 
f 1787 1788 1786 
f 1787 1789 1788 
f 1789 1790 1788 
f 1789 1791 1790 
f 1791 1792 1790 
f 1791 1793 1792 
f 1793 1794 1792 
f 1793 1795 1794 
f 1795 1796 1794 
f 1795 1797 1796 
f 1797 1798 1796 
f 1797 1783 1798 
f 1783 1784 1798 
f 1799 1785 1783 
f 1799 1787 1785 
f 1799 1789 1787 
f 1799 1791 1789 
f 1799 1793 1791 
f 1799 1795 1793 
f 1799 1797 1795 
f 1799 1783 1797 
f 1800 1784 1786 
f 1800 1786 1788 
f 1800 1788 1790 
f 1800 1790 1792 
f 1800 1792 1794 
f 1800 1794 1796 
f 1800 1796 1798 
f 1800 1798 1784 
f 1801 1803 1802 
f 1803 1804 1802 
f 1803 1805 1804 
f 1805 1806 1804 
f 1805 1807 1806 
f 1807 1808 1806 
f 1807 1809 1808 
f 1809 1810 1808 
f 1809 1811 1810 
f 1811 1812 1810 
f 1811 1813 1812 
f 1813 1814 1812 
f 1813 1815 1814 
f 1815 1816 1814 
f 1815 1801 1816 
f 1801 1802 1816 
f 1817 1803 1801 
f 1817 1805 1803 
f 1817 1807 1805 
f 1817 1809 1807 
f 1817 1811 1809 
f 1817 1813 1811 
f 1817 1815 1813 
f 1817 1801 1815 
f 1818 1802 1804 
f 1818 1804 1806 
f 1818 1806 1808 
f 1818 1808 1810 
f 1818 1810 1812 
f 1818 1812 1814 
f 1818 1814 1816 
f 1818 1816 1802 
f 1819 1821 1820 
f 1821 1822 1820 
f 1821 1823 1822 
f 1823 1824 1822 
f 1823 1825 1824 
f 1825 1826 1824 
f 1825 1827 1826 
f 1827 1828 1826 
f 1827 1829 1828 
f 1829 1830 1828 
f 1829 1831 1830 
f 1831 1832 1830 
f 1831 1833 1832 
f 1833 1834 1832 
f 1833 1819 1834 
f 1819 1820 1834 
f 1835 1821 1819 
f 1835 1823 1821 
f 1835 1825 1823 
f 1835 1827 1825 
f 1835 1829 1827 
f 1835 1831 1829 
f 1835 1833 1831 
f 1835 1819 1833 
f 1836 1820 1822 
f 1836 1822 1824 
f 1836 1824 1826 
f 1836 1826 1828 
f 1836 1828 1830 
f 1836 1830 1832 
f 1836 1832 1834 
f 1836 1834 1820 
f 1837 1839 1838 
f 1839 1840 1838 
f 1839 1841 1840 
f 1841 1842 1840 
f 1841 1843 1842 
f 1843 1844 1842 
f 1843 1845 1844 
f 1845 1846 1844 
f 1845 1847 1846 
f 1847 1848 1846 
f 1847 1849 1848 
f 1849 1850 1848 
f 1849 1851 1850 
f 1851 1852 1850 
f 1851 1837 1852 
f 1837 1838 1852 
f 1853 1839 1837 
f 1853 1841 1839 
f 1853 1843 1841 
f 1853 1845 1843 
f 1853 1847 1845 
f 1853 1849 1847 
f 1853 1851 1849 
f 1853 1837 1851 
f 1854 1838 1840 
f 1854 1840 1842 
f 1854 1842 1844 
f 1854 1844 1846 
f 1854 1846 1848 
f 1854 1848 1850 
f 1854 1850 1852 
f 1854 1852 1838 
f 1855 1857 1856 
f 1857 1858 1856 
f 1857 1859 1858 
f 1859 1860 1858 
f 1859 1861 1860 
f 1861 1862 1860 
f 1861 1863 1862 
f 1863 1864 1862 
f 1863 1865 1864 
f 1865 1866 1864 
f 1865 1867 1866 
f 1867 1868 1866 
f 1867 1869 1868 
f 1869 1870 1868 
f 1869 1855 1870 
f 1855 1856 1870 
f 1871 1857 1855 
f 1871 1859 1857 
f 1871 1861 1859 
f 1871 1863 1861 
f 1871 1865 1863 
f 1871 1867 1865 
f 1871 1869 1867 
f 1871 1855 1869 
f 1872 1856 1858 
f 1872 1858 1860 
f 1872 1860 1862 
f 1872 1862 1864 
f 1872 1864 1866 
f 1872 1866 1868 
f 1872 1868 1870 
f 1872 1870 1856 
f 1873 1875 1874 
f 1875 1876 1874 
f 1875 1877 1876 
f 1877 1878 1876 
f 1877 1879 1878 
f 1879 1880 1878 
f 1879 1881 1880 
f 1881 1882 1880 
f 1881 1883 1882 
f 1883 1884 1882 
f 1883 1885 1884 
f 1885 1886 1884 
f 1885 1887 1886 
f 1887 1888 1886 
f 1887 1873 1888 
f 1873 1874 1888 
f 1889 1875 1873 
f 1889 1877 1875 
f 1889 1879 1877 
f 1889 1881 1879 
f 1889 1883 1881 
f 1889 1885 1883 
f 1889 1887 1885 
f 1889 1873 1887 
f 1890 1874 1876 
f 1890 1876 1878 
f 1890 1878 1880 
f 1890 1880 1882 
f 1890 1882 1884 
f 1890 1884 1886 
f 1890 1886 1888 
f 1890 1888 1874 
f 1891 1893 1892 
f 1893 1894 1892 
f 1893 1895 1894 
f 1895 1896 1894 
f 1895 1897 1896 
f 1897 1898 1896 
f 1897 1899 1898 
f 1899 1900 1898 
f 1899 1901 1900 
f 1901 1902 1900 
f 1901 1903 1902 
f 1903 1904 1902 
f 1903 1905 1904 
f 1905 1906 1904 
f 1905 1891 1906 
f 1891 1892 1906 
f 1907 1893 1891 
f 1907 1895 1893 
f 1907 1897 1895 
f 1907 1899 1897 
f 1907 1901 1899 
f 1907 1903 1901 
f 1907 1905 1903 
f 1907 1891 1905 
f 1908 1892 1894 
f 1908 1894 1896 
f 1908 1896 1898 
f 1908 1898 1900 
f 1908 1900 1902 
f 1908 1902 1904 
f 1908 1904 1906 
f 1908 1906 1892 
f 1909 1911 1910 
f 1911 1912 1910 
f 1911 1913 1912 
f 1913 1914 1912 
f 1913 1915 1914 
f 1915 1916 1914 
f 1915 1917 1916 
f 1917 1918 1916 
f 1917 1919 1918 
f 1919 1920 1918 
f 1919 1921 1920 
f 1921 1922 1920 
f 1921 1923 1922 
f 1923 1924 1922 
f 1923 1909 1924 
f 1909 1910 1924 
f 1925 1911 1909 
f 1925 1913 1911 
f 1925 1915 1913 
f 1925 1917 1915 
f 1925 1919 1917 
f 1925 1921 1919 
f 1925 1923 1921 
f 1925 1909 1923 
f 1926 1910 1912 
f 1926 1912 1914 
f 1926 1914 1916 
f 1926 1916 1918 
f 1926 1918 1920 
f 1926 1920 1922 
f 1926 1922 1924 
f 1926 1924 1910 
f 1927 1929 1928 
f 1929 1930 1928 
f 1929 1931 1930 
f 1931 1932 1930 
f 1931 1933 1932 
f 1933 1934 1932 
f 1933 1935 1934 
f 1935 1936 1934 
f 1935 1937 1936 
f 1937 1938 1936 
f 1937 1939 1938 
f 1939 1940 1938 
f 1939 1941 1940 
f 1941 1942 1940 
f 1941 1927 1942 
f 1927 1928 1942 
f 1943 1929 1927 
f 1943 1931 1929 
f 1943 1933 1931 
f 1943 1935 1933 
f 1943 1937 1935 
f 1943 1939 1937 
f 1943 1941 1939 
f 1943 1927 1941 
f 1944 1928 1930 
f 1944 1930 1932 
f 1944 1932 1934 
f 1944 1934 1936 
f 1944 1936 1938 
f 1944 1938 1940 
f 1944 1940 1942 
f 1944 1942 1928 
f 1945 1947 1946 
f 1947 1948 1946 
f 1947 1949 1948 
f 1949 1950 1948 
f 1949 1951 1950 
f 1951 1952 1950 
f 1951 1953 1952 
f 1953 1954 1952 
f 1953 1955 1954 
f 1955 1956 1954 
f 1955 1957 1956 
f 1957 1958 1956 
f 1957 1959 1958 
f 1959 1960 1958 
f 1959 1945 1960 
f 1945 1946 1960 
f 1961 1947 1945 
f 1961 1949 1947 
f 1961 1951 1949 
f 1961 1953 1951 
f 1961 1955 1953 
f 1961 1957 1955 
f 1961 1959 1957 
f 1961 1945 1959 
f 1962 1946 1948 
f 1962 1948 1950 
f 1962 1950 1952 
f 1962 1952 1954 
f 1962 1954 1956 
f 1962 1956 1958 
f 1962 1958 1960 
f 1962 1960 1946 
f 1963 1965 1964 
f 1965 1966 1964 
f 1965 1967 1966 
f 1967 1968 1966 
f 1967 1969 1968 
f 1969 1970 1968 
f 1969 1971 1970 
f 1971 1972 1970 
f 1971 1973 1972 
f 1973 1974 1972 
f 1973 1975 1974 
f 1975 1976 1974 
f 1975 1977 1976 
f 1977 1978 1976 
f 1977 1963 1978 
f 1963 1964 1978 
f 1979 1965 1963 
f 1979 1967 1965 
f 1979 1969 1967 
f 1979 1971 1969 
f 1979 1973 1971 
f 1979 1975 1973 
f 1979 1977 1975 
f 1979 1963 1977 
f 1980 1964 1966 
f 1980 1966 1968 
f 1980 1968 1970 
f 1980 1970 1972 
f 1980 1972 1974 
f 1980 1974 1976 
f 1980 1976 1978 
f 1980 1978 1964 
f 1981 1983 1982 
f 1983 1984 1982 
f 1983 1985 1984 
f 1985 1986 1984 
f 1985 1987 1986 
f 1987 1988 1986 
f 1987 1989 1988 
f 1989 1990 1988 
f 1989 1991 1990 
f 1991 1992 1990 
f 1991 1993 1992 
f 1993 1994 1992 
f 1993 1995 1994 
f 1995 1996 1994 
f 1995 1981 1996 
f 1981 1982 1996 
f 1997 1983 1981 
f 1997 1985 1983 
f 1997 1987 1985 
f 1997 1989 1987 
f 1997 1991 1989 
f 1997 1993 1991 
f 1997 1995 1993 
f 1997 1981 1995 
f 1998 1982 1984 
f 1998 1984 1986 
f 1998 1986 1988 
f 1998 1988 1990 
f 1998 1990 1992 
f 1998 1992 1994 
f 1998 1994 1996 
f 1998 1996 1982 
f 1999 2001 2000 
f 2001 2002 2000 
f 2001 2003 2002 
f 2003 2004 2002 
f 2003 2005 2004 
f 2005 2006 2004 
f 2005 2007 2006 
f 2007 2008 2006 
f 2007 2009 2008 
f 2009 2010 2008 
f 2009 2011 2010 
f 2011 2012 2010 
f 2011 2013 2012 
f 2013 2014 2012 
f 2013 1999 2014 
f 1999 2000 2014 
f 2015 2001 1999 
f 2015 2003 2001 
f 2015 2005 2003 
f 2015 2007 2005 
f 2015 2009 2007 
f 2015 2011 2009 
f 2015 2013 2011 
f 2015 1999 2013 
f 2016 2000 2002 
f 2016 2002 2004 
f 2016 2004 2006 
f 2016 2006 2008 
f 2016 2008 2010 
f 2016 2010 2012 
f 2016 2012 2014 
f 2016 2014 2000 
f 2017 2019 2018 
f 2019 2020 2018 
f 2019 2021 2020 
f 2021 2022 2020 
f 2021 2023 2022 
f 2023 2024 2022 
f 2023 2025 2024 
f 2025 2026 2024 
f 2025 2027 2026 
f 2027 2028 2026 
f 2027 2029 2028 
f 2029 2030 2028 
f 2029 2031 2030 
f 2031 2032 2030 
f 2031 2017 2032 
f 2017 2018 2032 
f 2033 2019 2017 
f 2033 2021 2019 
f 2033 2023 2021 
f 2033 2025 2023 
f 2033 2027 2025 
f 2033 2029 2027 
f 2033 2031 2029 
f 2033 2017 2031 
f 2034 2018 2020 
f 2034 2020 2022 
f 2034 2022 2024 
f 2034 2024 2026 
f 2034 2026 2028 
f 2034 2028 2030 
f 2034 2030 2032 
f 2034 2032 2018 
f 2035 2037 2036 
f 2037 2038 2036 
f 2037 2039 2038 
f 2039 2040 2038 
f 2039 2041 2040 
f 2041 2042 2040 
f 2041 2043 2042 
f 2043 2044 2042 
f 2043 2045 2044 
f 2045 2046 2044 
f 2045 2047 2046 
f 2047 2048 2046 
f 2047 2049 2048 
f 2049 2050 2048 
f 2049 2035 2050 
f 2035 2036 2050 
f 2051 2037 2035 
f 2051 2039 2037 
f 2051 2041 2039 
f 2051 2043 2041 
f 2051 2045 2043 
f 2051 2047 2045 
f 2051 2049 2047 
f 2051 2035 2049 
f 2052 2036 2038 
f 2052 2038 2040 
f 2052 2040 2042 
f 2052 2042 2044 
f 2052 2044 2046 
f 2052 2046 2048 
f 2052 2048 2050 
f 2052 2050 2036 
f 2053 2055 2054 
f 2055 2056 2054 
f 2055 2057 2056 
f 2057 2058 2056 
f 2057 2059 2058 
f 2059 2060 2058 
f 2059 2061 2060 
f 2061 2062 2060 
f 2061 2063 2062 
f 2063 2064 2062 
f 2063 2065 2064 
f 2065 2066 2064 
f 2065 2067 2066 
f 2067 2068 2066 
f 2067 2053 2068 
f 2053 2054 2068 
f 2069 2055 2053 
f 2069 2057 2055 
f 2069 2059 2057 
f 2069 2061 2059 
f 2069 2063 2061 
f 2069 2065 2063 
f 2069 2067 2065 
f 2069 2053 2067 
f 2070 2054 2056 
f 2070 2056 2058 
f 2070 2058 2060 
f 2070 2060 2062 
f 2070 2062 2064 
f 2070 2064 2066 
f 2070 2066 2068 
f 2070 2068 2054 
f 2071 2073 2072 
f 2073 2074 2072 
f 2073 2075 2074 
f 2075 2076 2074 
f 2075 2077 2076 
f 2077 2078 2076 
f 2077 2079 2078 
f 2079 2080 2078 
f 2079 2081 2080 
f 2081 2082 2080 
f 2081 2083 2082 
f 2083 2084 2082 
f 2083 2085 2084 
f 2085 2086 2084 
f 2085 2071 2086 
f 2071 2072 2086 
f 2087 2073 2071 
f 2087 2075 2073 
f 2087 2077 2075 
f 2087 2079 2077 
f 2087 2081 2079 
f 2087 2083 2081 
f 2087 2085 2083 
f 2087 2071 2085 
f 2088 2072 2074 
f 2088 2074 2076 
f 2088 2076 2078 
f 2088 2078 2080 
f 2088 2080 2082 
f 2088 2082 2084 
f 2088 2084 2086 
f 2088 2086 2072 
f 2089 2091 2090 
f 2091 2092 2090 
f 2091 2093 2092 
f 2093 2094 2092 
f 2093 2095 2094 
f 2095 2096 2094 
f 2095 2097 2096 
f 2097 2098 2096 
f 2097 2099 2098 
f 2099 2100 2098 
f 2099 2101 2100 
f 2101 2102 2100 
f 2101 2103 2102 
f 2103 2104 2102 
f 2103 2089 2104 
f 2089 2090 2104 
f 2105 2091 2089 
f 2105 2093 2091 
f 2105 2095 2093 
f 2105 2097 2095 
f 2105 2099 2097 
f 2105 2101 2099 
f 2105 2103 2101 
f 2105 2089 2103 
f 2106 2090 2092 
f 2106 2092 2094 
f 2106 2094 2096 
f 2106 2096 2098 
f 2106 2098 2100 
f 2106 2100 2102 
f 2106 2102 2104 
f 2106 2104 2090 
f 2107 2109 2108 
f 2109 2110 2108 
f 2109 2111 2110 
f 2111 2112 2110 
f 2111 2113 2112 
f 2113 2114 2112 
f 2113 2115 2114 
f 2115 2116 2114 
f 2115 2117 2116 
f 2117 2118 2116 
f 2117 2119 2118 
f 2119 2120 2118 
f 2119 2121 2120 
f 2121 2122 2120 
f 2121 2107 2122 
f 2107 2108 2122 
f 2123 2109 2107 
f 2123 2111 2109 
f 2123 2113 2111 
f 2123 2115 2113 
f 2123 2117 2115 
f 2123 2119 2117 
f 2123 2121 2119 
f 2123 2107 2121 
f 2124 2108 2110 
f 2124 2110 2112 
f 2124 2112 2114 
f 2124 2114 2116 
f 2124 2116 2118 
f 2124 2118 2120 
f 2124 2120 2122 
f 2124 2122 2108 
f 2125 2127 2126 
f 2127 2128 2126 
f 2127 2129 2128 
f 2129 2130 2128 
f 2129 2131 2130 
f 2131 2132 2130 
f 2131 2133 2132 
f 2133 2134 2132 
f 2133 2135 2134 
f 2135 2136 2134 
f 2135 2137 2136 
f 2137 2138 2136 
f 2137 2139 2138 
f 2139 2140 2138 
f 2139 2125 2140 
f 2125 2126 2140 
f 2141 2127 2125 
f 2141 2129 2127 
f 2141 2131 2129 
f 2141 2133 2131 
f 2141 2135 2133 
f 2141 2137 2135 
f 2141 2139 2137 
f 2141 2125 2139 
f 2142 2126 2128 
f 2142 2128 2130 
f 2142 2130 2132 
f 2142 2132 2134 
f 2142 2134 2136 
f 2142 2136 2138 
f 2142 2138 2140 
f 2142 2140 2126 
f 2143 2145 2144 
f 2145 2146 2144 
f 2145 2147 2146 
f 2147 2148 2146 
f 2147 2149 2148 
f 2149 2150 2148 
f 2149 2151 2150 
f 2151 2152 2150 
f 2151 2153 2152 
f 2153 2154 2152 
f 2153 2155 2154 
f 2155 2156 2154 
f 2155 2157 2156 
f 2157 2158 2156 
f 2157 2143 2158 
f 2143 2144 2158 
f 2159 2145 2143 
f 2159 2147 2145 
f 2159 2149 2147 
f 2159 2151 2149 
f 2159 2153 2151 
f 2159 2155 2153 
f 2159 2157 2155 
f 2159 2143 2157 
f 2160 2144 2146 
f 2160 2146 2148 
f 2160 2148 2150 
f 2160 2150 2152 
f 2160 2152 2154 
f 2160 2154 2156 
f 2160 2156 2158 
f 2160 2158 2144 
f 2161 2163 2162 
f 2163 2164 2162 
f 2163 2165 2164 
f 2165 2166 2164 
f 2165 2167 2166 
f 2167 2168 2166 
f 2167 2169 2168 
f 2169 2170 2168 
f 2169 2171 2170 
f 2171 2172 2170 
f 2171 2173 2172 
f 2173 2174 2172 
f 2173 2175 2174 
f 2175 2176 2174 
f 2175 2161 2176 
f 2161 2162 2176 
f 2177 2163 2161 
f 2177 2165 2163 
f 2177 2167 2165 
f 2177 2169 2167 
f 2177 2171 2169 
f 2177 2173 2171 
f 2177 2175 2173 
f 2177 2161 2175 
f 2178 2162 2164 
f 2178 2164 2166 
f 2178 2166 2168 
f 2178 2168 2170 
f 2178 2170 2172 
f 2178 2172 2174 
f 2178 2174 2176 
f 2178 2176 2162 
f 2179 2181 2180 
f 2181 2182 2180 
f 2181 2183 2182 
f 2183 2184 2182 
f 2183 2185 2184 
f 2185 2186 2184 
f 2185 2187 2186 
f 2187 2188 2186 
f 2187 2189 2188 
f 2189 2190 2188 
f 2189 2191 2190 
f 2191 2192 2190 
f 2191 2193 2192 
f 2193 2194 2192 
f 2193 2179 2194 
f 2179 2180 2194 
f 2195 2181 2179 
f 2195 2183 2181 
f 2195 2185 2183 
f 2195 2187 2185 
f 2195 2189 2187 
f 2195 2191 2189 
f 2195 2193 2191 
f 2195 2179 2193 
f 2196 2180 2182 
f 2196 2182 2184 
f 2196 2184 2186 
f 2196 2186 2188 
f 2196 2188 2190 
f 2196 2190 2192 
f 2196 2192 2194 
f 2196 2194 2180 
f 2197 2199 2198 
f 2199 2200 2198 
f 2199 2201 2200 
f 2201 2202 2200 
f 2201 2203 2202 
f 2203 2204 2202 
f 2203 2205 2204 
f 2205 2206 2204 
f 2205 2207 2206 
f 2207 2208 2206 
f 2207 2209 2208 
f 2209 2210 2208 
f 2209 2211 2210 
f 2211 2212 2210 
f 2211 2197 2212 
f 2197 2198 2212 
f 2213 2199 2197 
f 2213 2201 2199 
f 2213 2203 2201 
f 2213 2205 2203 
f 2213 2207 2205 
f 2213 2209 2207 
f 2213 2211 2209 
f 2213 2197 2211 
f 2214 2198 2200 
f 2214 2200 2202 
f 2214 2202 2204 
f 2214 2204 2206 
f 2214 2206 2208 
f 2214 2208 2210 
f 2214 2210 2212 
f 2214 2212 2198 
f 2215 2217 2216 
f 2217 2218 2216 
f 2217 2219 2218 
f 2219 2220 2218 
f 2219 2221 2220 
f 2221 2222 2220 
f 2221 2223 2222 
f 2223 2224 2222 
f 2223 2225 2224 
f 2225 2226 2224 
f 2225 2227 2226 
f 2227 2228 2226 
f 2227 2229 2228 
f 2229 2230 2228 
f 2229 2215 2230 
f 2215 2216 2230 
f 2231 2217 2215 
f 2231 2219 2217 
f 2231 2221 2219 
f 2231 2223 2221 
f 2231 2225 2223 
f 2231 2227 2225 
f 2231 2229 2227 
f 2231 2215 2229 
f 2232 2216 2218 
f 2232 2218 2220 
f 2232 2220 2222 
f 2232 2222 2224 
f 2232 2224 2226 
f 2232 2226 2228 
f 2232 2228 2230 
f 2232 2230 2216 
f 2233 2235 2234 
f 2235 2236 2234 
f 2235 2237 2236 
f 2237 2238 2236 
f 2237 2239 2238 
f 2239 2240 2238 
f 2239 2241 2240 
f 2241 2242 2240 
f 2241 2243 2242 
f 2243 2244 2242 
f 2243 2245 2244 
f 2245 2246 2244 
f 2245 2247 2246 
f 2247 2248 2246 
f 2247 2233 2248 
f 2233 2234 2248 
f 2249 2235 2233 
f 2249 2237 2235 
f 2249 2239 2237 
f 2249 2241 2239 
f 2249 2243 2241 
f 2249 2245 2243 
f 2249 2247 2245 
f 2249 2233 2247 
f 2250 2234 2236 
f 2250 2236 2238 
f 2250 2238 2240 
f 2250 2240 2242 
f 2250 2242 2244 
f 2250 2244 2246 
f 2250 2246 2248 
f 2250 2248 2234 
f 2251 2253 2252 
f 2253 2254 2252 
f 2253 2255 2254 
f 2255 2256 2254 
f 2255 2257 2256 
f 2257 2258 2256 
f 2257 2259 2258 
f 2259 2260 2258 
f 2259 2261 2260 
f 2261 2262 2260 
f 2261 2263 2262 
f 2263 2264 2262 
f 2263 2265 2264 
f 2265 2266 2264 
f 2265 2251 2266 
f 2251 2252 2266 
f 2267 2253 2251 
f 2267 2255 2253 
f 2267 2257 2255 
f 2267 2259 2257 
f 2267 2261 2259 
f 2267 2263 2261 
f 2267 2265 2263 
f 2267 2251 2265 
f 2268 2252 2254 
f 2268 2254 2256 
f 2268 2256 2258 
f 2268 2258 2260 
f 2268 2260 2262 
f 2268 2262 2264 
f 2268 2264 2266 
f 2268 2266 2252 
f 2269 2271 2270 
f 2271 2272 2270 
f 2271 2273 2272 
f 2273 2274 2272 
f 2273 2275 2274 
f 2275 2276 2274 
f 2275 2277 2276 
f 2277 2278 2276 
f 2277 2279 2278 
f 2279 2280 2278 
f 2279 2281 2280 
f 2281 2282 2280 
f 2281 2283 2282 
f 2283 2284 2282 
f 2283 2269 2284 
f 2269 2270 2284 
f 2285 2271 2269 
f 2285 2273 2271 
f 2285 2275 2273 
f 2285 2277 2275 
f 2285 2279 2277 
f 2285 2281 2279 
f 2285 2283 2281 
f 2285 2269 2283 
f 2286 2270 2272 
f 2286 2272 2274 
f 2286 2274 2276 
f 2286 2276 2278 
f 2286 2278 2280 
f 2286 2280 2282 
f 2286 2282 2284 
f 2286 2284 2270 
f 2287 2289 2288 
f 2289 2290 2288 
f 2289 2291 2290 
f 2291 2292 2290 
f 2291 2293 2292 
f 2293 2294 2292 
f 2293 2295 2294 
f 2295 2296 2294 
f 2295 2297 2296 
f 2297 2298 2296 
f 2297 2299 2298 
f 2299 2300 2298 
f 2299 2301 2300 
f 2301 2302 2300 
f 2301 2287 2302 
f 2287 2288 2302 
f 2303 2289 2287 
f 2303 2291 2289 
f 2303 2293 2291 
f 2303 2295 2293 
f 2303 2297 2295 
f 2303 2299 2297 
f 2303 2301 2299 
f 2303 2287 2301 
f 2304 2288 2290 
f 2304 2290 2292 
f 2304 2292 2294 
f 2304 2294 2296 
f 2304 2296 2298 
f 2304 2298 2300 
f 2304 2300 2302 
f 2304 2302 2288 
f 2305 2307 2306 
f 2307 2308 2306 
f 2307 2309 2308 
f 2309 2310 2308 
f 2309 2311 2310 
f 2311 2312 2310 
f 2311 2313 2312 
f 2313 2314 2312 
f 2313 2315 2314 
f 2315 2316 2314 
f 2315 2317 2316 
f 2317 2318 2316 
f 2317 2319 2318 
f 2319 2320 2318 
f 2319 2305 2320 
f 2305 2306 2320 
f 2321 2307 2305 
f 2321 2309 2307 
f 2321 2311 2309 
f 2321 2313 2311 
f 2321 2315 2313 
f 2321 2317 2315 
f 2321 2319 2317 
f 2321 2305 2319 
f 2322 2306 2308 
f 2322 2308 2310 
f 2322 2310 2312 
f 2322 2312 2314 
f 2322 2314 2316 
f 2322 2316 2318 
f 2322 2318 2320 
f 2322 2320 2306 
f 2323 2325 2324 
f 2325 2326 2324 
f 2325 2327 2326 
f 2327 2328 2326 
f 2327 2329 2328 
f 2329 2330 2328 
f 2329 2331 2330 
f 2331 2332 2330 
f 2331 2333 2332 
f 2333 2334 2332 
f 2333 2335 2334 
f 2335 2336 2334 
f 2335 2337 2336 
f 2337 2338 2336 
f 2337 2323 2338 
f 2323 2324 2338 
f 2339 2325 2323 
f 2339 2327 2325 
f 2339 2329 2327 
f 2339 2331 2329 
f 2339 2333 2331 
f 2339 2335 2333 
f 2339 2337 2335 
f 2339 2323 2337 
f 2340 2324 2326 
f 2340 2326 2328 
f 2340 2328 2330 
f 2340 2330 2332 
f 2340 2332 2334 
f 2340 2334 2336 
f 2340 2336 2338 
f 2340 2338 2324 
f 2341 2343 2342 
f 2343 2344 2342 
f 2343 2345 2344 
f 2345 2346 2344 
f 2345 2347 2346 
f 2347 2348 2346 
f 2347 2349 2348 
f 2349 2350 2348 
f 2349 2351 2350 
f 2351 2352 2350 
f 2351 2353 2352 
f 2353 2354 2352 
f 2353 2355 2354 
f 2355 2356 2354 
f 2355 2341 2356 
f 2341 2342 2356 
f 2357 2343 2341 
f 2357 2345 2343 
f 2357 2347 2345 
f 2357 2349 2347 
f 2357 2351 2349 
f 2357 2353 2351 
f 2357 2355 2353 
f 2357 2341 2355 
f 2358 2342 2344 
f 2358 2344 2346 
f 2358 2346 2348 
f 2358 2348 2350 
f 2358 2350 2352 
f 2358 2352 2354 
f 2358 2354 2356 
f 2358 2356 2342 
f 2359 2361 2360 
f 2361 2362 2360 
f 2361 2363 2362 
f 2363 2364 2362 
f 2363 2365 2364 
f 2365 2366 2364 
f 2365 2367 2366 
f 2367 2368 2366 
f 2367 2369 2368 
f 2369 2370 2368 
f 2369 2371 2370 
f 2371 2372 2370 
f 2371 2373 2372 
f 2373 2374 2372 
f 2373 2359 2374 
f 2359 2360 2374 
f 2375 2361 2359 
f 2375 2363 2361 
f 2375 2365 2363 
f 2375 2367 2365 
f 2375 2369 2367 
f 2375 2371 2369 
f 2375 2373 2371 
f 2375 2359 2373 
f 2376 2360 2362 
f 2376 2362 2364 
f 2376 2364 2366 
f 2376 2366 2368 
f 2376 2368 2370 
f 2376 2370 2372 
f 2376 2372 2374 
f 2376 2374 2360 
f 2377 2379 2378 
f 2379 2380 2378 
f 2379 2381 2380 
f 2381 2382 2380 
f 2381 2383 2382 
f 2383 2384 2382 
f 2383 2385 2384 
f 2385 2386 2384 
f 2385 2387 2386 
f 2387 2388 2386 
f 2387 2389 2388 
f 2389 2390 2388 
f 2389 2391 2390 
f 2391 2392 2390 
f 2391 2377 2392 
f 2377 2378 2392 
f 2393 2379 2377 
f 2393 2381 2379 
f 2393 2383 2381 
f 2393 2385 2383 
f 2393 2387 2385 
f 2393 2389 2387 
f 2393 2391 2389 
f 2393 2377 2391 
f 2394 2378 2380 
f 2394 2380 2382 
f 2394 2382 2384 
f 2394 2384 2386 
f 2394 2386 2388 
f 2394 2388 2390 
f 2394 2390 2392 
f 2394 2392 2378 
f 2395 2397 2396 
f 2397 2398 2396 
f 2397 2399 2398 
f 2399 2400 2398 
f 2399 2401 2400 
f 2401 2402 2400 
f 2401 2403 2402 
f 2403 2404 2402 
f 2403 2405 2404 
f 2405 2406 2404 
f 2405 2407 2406 
f 2407 2408 2406 
f 2407 2409 2408 
f 2409 2410 2408 
f 2409 2395 2410 
f 2395 2396 2410 
f 2411 2397 2395 
f 2411 2399 2397 
f 2411 2401 2399 
f 2411 2403 2401 
f 2411 2405 2403 
f 2411 2407 2405 
f 2411 2409 2407 
f 2411 2395 2409 
f 2412 2396 2398 
f 2412 2398 2400 
f 2412 2400 2402 
f 2412 2402 2404 
f 2412 2404 2406 
f 2412 2406 2408 
f 2412 2408 2410 
f 2412 2410 2396 
f 2413 2415 2414 
f 2415 2416 2414 
f 2415 2417 2416 
f 2417 2418 2416 
f 2417 2419 2418 
f 2419 2420 2418 
f 2419 2421 2420 
f 2421 2422 2420 
f 2421 2423 2422 
f 2423 2424 2422 
f 2423 2425 2424 
f 2425 2426 2424 
f 2425 2427 2426 
f 2427 2428 2426 
f 2427 2413 2428 
f 2413 2414 2428 
f 2429 2415 2413 
f 2429 2417 2415 
f 2429 2419 2417 
f 2429 2421 2419 
f 2429 2423 2421 
f 2429 2425 2423 
f 2429 2427 2425 
f 2429 2413 2427 
f 2430 2414 2416 
f 2430 2416 2418 
f 2430 2418 2420 
f 2430 2420 2422 
f 2430 2422 2424 
f 2430 2424 2426 
f 2430 2426 2428 
f 2430 2428 2414 
f 2431 2433 2432 
f 2433 2434 2432 
f 2433 2435 2434 
f 2435 2436 2434 
f 2435 2437 2436 
f 2437 2438 2436 
f 2437 2439 2438 
f 2439 2440 2438 
f 2439 2441 2440 
f 2441 2442 2440 
f 2441 2443 2442 
f 2443 2444 2442 
f 2443 2445 2444 
f 2445 2446 2444 
f 2445 2431 2446 
f 2431 2432 2446 
f 2447 2433 2431 
f 2447 2435 2433 
f 2447 2437 2435 
f 2447 2439 2437 
f 2447 2441 2439 
f 2447 2443 2441 
f 2447 2445 2443 
f 2447 2431 2445 
f 2448 2432 2434 
f 2448 2434 2436 
f 2448 2436 2438 
f 2448 2438 2440 
f 2448 2440 2442 
f 2448 2442 2444 
f 2448 2444 2446 
f 2448 2446 2432 
f 2449 2451 2450 
f 2451 2452 2450 
f 2451 2453 2452 
f 2453 2454 2452 
f 2453 2455 2454 
f 2455 2456 2454 
f 2455 2457 2456 
f 2457 2458 2456 
f 2457 2459 2458 
f 2459 2460 2458 
f 2459 2461 2460 
f 2461 2462 2460 
f 2461 2463 2462 
f 2463 2464 2462 
f 2463 2449 2464 
f 2449 2450 2464 
f 2465 2451 2449 
f 2465 2453 2451 
f 2465 2455 2453 
f 2465 2457 2455 
f 2465 2459 2457 
f 2465 2461 2459 
f 2465 2463 2461 
f 2465 2449 2463 
f 2466 2450 2452 
f 2466 2452 2454 
f 2466 2454 2456 
f 2466 2456 2458 
f 2466 2458 2460 
f 2466 2460 2462 
f 2466 2462 2464 
f 2466 2464 2450 
f 2467 2469 2468 
f 2469 2470 2468 
f 2469 2471 2470 
f 2471 2472 2470 
f 2471 2473 2472 
f 2473 2474 2472 
f 2473 2475 2474 
f 2475 2476 2474 
f 2475 2477 2476 
f 2477 2478 2476 
f 2477 2479 2478 
f 2479 2480 2478 
f 2479 2481 2480 
f 2481 2482 2480 
f 2481 2467 2482 
f 2467 2468 2482 
f 2483 2469 2467 
f 2483 2471 2469 
f 2483 2473 2471 
f 2483 2475 2473 
f 2483 2477 2475 
f 2483 2479 2477 
f 2483 2481 2479 
f 2483 2467 2481 
f 2484 2468 2470 
f 2484 2470 2472 
f 2484 2472 2474 
f 2484 2474 2476 
f 2484 2476 2478 
f 2484 2478 2480 
f 2484 2480 2482 
f 2484 2482 2468 
f 2485 2487 2486 
f 2487 2488 2486 
f 2487 2489 2488 
f 2489 2490 2488 
f 2489 2491 2490 
f 2491 2492 2490 
f 2491 2493 2492 
f 2493 2494 2492 
f 2493 2495 2494 
f 2495 2496 2494 
f 2495 2497 2496 
f 2497 2498 2496 
f 2497 2499 2498 
f 2499 2500 2498 
f 2499 2485 2500 
f 2485 2486 2500 
f 2501 2487 2485 
f 2501 2489 2487 
f 2501 2491 2489 
f 2501 2493 2491 
f 2501 2495 2493 
f 2501 2497 2495 
f 2501 2499 2497 
f 2501 2485 2499 
f 2502 2486 2488 
f 2502 2488 2490 
f 2502 2490 2492 
f 2502 2492 2494 
f 2502 2494 2496 
f 2502 2496 2498 
f 2502 2498 2500 
f 2502 2500 2486 
f 2503 2505 2504 
f 2505 2506 2504 
f 2505 2507 2506 
f 2507 2508 2506 
f 2507 2509 2508 
f 2509 2510 2508 
f 2509 2511 2510 
f 2511 2512 2510 
f 2511 2513 2512 
f 2513 2514 2512 
f 2513 2515 2514 
f 2515 2516 2514 
f 2515 2517 2516 
f 2517 2518 2516 
f 2517 2503 2518 
f 2503 2504 2518 
f 2519 2505 2503 
f 2519 2507 2505 
f 2519 2509 2507 
f 2519 2511 2509 
f 2519 2513 2511 
f 2519 2515 2513 
f 2519 2517 2515 
f 2519 2503 2517 
f 2520 2504 2506 
f 2520 2506 2508 
f 2520 2508 2510 
f 2520 2510 2512 
f 2520 2512 2514 
f 2520 2514 2516 
f 2520 2516 2518 
f 2520 2518 2504 
f 2521 2523 2522 
f 2523 2524 2522 
f 2523 2525 2524 
f 2525 2526 2524 
f 2525 2527 2526 
f 2527 2528 2526 
f 2527 2529 2528 
f 2529 2530 2528 
f 2529 2531 2530 
f 2531 2532 2530 
f 2531 2533 2532 
f 2533 2534 2532 
f 2533 2535 2534 
f 2535 2536 2534 
f 2535 2521 2536 
f 2521 2522 2536 
f 2537 2523 2521 
f 2537 2525 2523 
f 2537 2527 2525 
f 2537 2529 2527 
f 2537 2531 2529 
f 2537 2533 2531 
f 2537 2535 2533 
f 2537 2521 2535 
f 2538 2522 2524 
f 2538 2524 2526 
f 2538 2526 2528 
f 2538 2528 2530 
f 2538 2530 2532 
f 2538 2532 2534 
f 2538 2534 2536 
f 2538 2536 2522 
f 2539 2541 2540 
f 2541 2542 2540 
f 2541 2543 2542 
f 2543 2544 2542 
f 2543 2545 2544 
f 2545 2546 2544 
f 2545 2547 2546 
f 2547 2548 2546 
f 2547 2549 2548 
f 2549 2550 2548 
f 2549 2551 2550 
f 2551 2552 2550 
f 2551 2553 2552 
f 2553 2554 2552 
f 2553 2539 2554 
f 2539 2540 2554 
f 2555 2541 2539 
f 2555 2543 2541 
f 2555 2545 2543 
f 2555 2547 2545 
f 2555 2549 2547 
f 2555 2551 2549 
f 2555 2553 2551 
f 2555 2539 2553 
f 2556 2540 2542 
f 2556 2542 2544 
f 2556 2544 2546 
f 2556 2546 2548 
f 2556 2548 2550 
f 2556 2550 2552 
f 2556 2552 2554 
f 2556 2554 2540 
f 2557 2559 2558 
f 2559 2560 2558 
f 2559 2561 2560 
f 2561 2562 2560 
f 2561 2563 2562 
f 2563 2564 2562 
f 2563 2565 2564 
f 2565 2566 2564 
f 2565 2567 2566 
f 2567 2568 2566 
f 2567 2569 2568 
f 2569 2570 2568 
f 2569 2571 2570 
f 2571 2572 2570 
f 2571 2557 2572 
f 2557 2558 2572 
f 2573 2559 2557 
f 2573 2561 2559 
f 2573 2563 2561 
f 2573 2565 2563 
f 2573 2567 2565 
f 2573 2569 2567 
f 2573 2571 2569 
f 2573 2557 2571 
f 2574 2558 2560 
f 2574 2560 2562 
f 2574 2562 2564 
f 2574 2564 2566 
f 2574 2566 2568 
f 2574 2568 2570 
f 2574 2570 2572 
f 2574 2572 2558 
f 2575 2577 2576 
f 2577 2578 2576 
f 2577 2579 2578 
f 2579 2580 2578 
f 2579 2581 2580 
f 2581 2582 2580 
f 2581 2583 2582 
f 2583 2584 2582 
f 2583 2585 2584 
f 2585 2586 2584 
f 2585 2587 2586 
f 2587 2588 2586 
f 2587 2589 2588 
f 2589 2590 2588 
f 2589 2575 2590 
f 2575 2576 2590 
f 2591 2577 2575 
f 2591 2579 2577 
f 2591 2581 2579 
f 2591 2583 2581 
f 2591 2585 2583 
f 2591 2587 2585 
f 2591 2589 2587 
f 2591 2575 2589 
f 2592 2576 2578 
f 2592 2578 2580 
f 2592 2580 2582 
f 2592 2582 2584 
f 2592 2584 2586 
f 2592 2586 2588 
f 2592 2588 2590 
f 2592 2590 2576 
f 2593 2595 2594 
f 2595 2596 2594 
f 2595 2597 2596 
f 2597 2598 2596 
f 2597 2599 2598 
f 2599 2600 2598 
f 2599 2601 2600 
f 2601 2602 2600 
f 2601 2603 2602 
f 2603 2604 2602 
f 2603 2605 2604 
f 2605 2606 2604 
f 2605 2607 2606 
f 2607 2608 2606 
f 2607 2593 2608 
f 2593 2594 2608 
f 2609 2595 2593 
f 2609 2597 2595 
f 2609 2599 2597 
f 2609 2601 2599 
f 2609 2603 2601 
f 2609 2605 2603 
f 2609 2607 2605 
f 2609 2593 2607 
f 2610 2594 2596 
f 2610 2596 2598 
f 2610 2598 2600 
f 2610 2600 2602 
f 2610 2602 2604 
f 2610 2604 2606 
f 2610 2606 2608 
f 2610 2608 2594 
f 2611 2613 2612 
f 2613 2614 2612 
f 2613 2615 2614 
f 2615 2616 2614 
f 2615 2617 2616 
f 2617 2618 2616 
f 2617 2619 2618 
f 2619 2620 2618 
f 2619 2621 2620 
f 2621 2622 2620 
f 2621 2623 2622 
f 2623 2624 2622 
f 2623 2625 2624 
f 2625 2626 2624 
f 2625 2611 2626 
f 2611 2612 2626 
f 2627 2613 2611 
f 2627 2615 2613 
f 2627 2617 2615 
f 2627 2619 2617 
f 2627 2621 2619 
f 2627 2623 2621 
f 2627 2625 2623 
f 2627 2611 2625 
f 2628 2612 2614 
f 2628 2614 2616 
f 2628 2616 2618 
f 2628 2618 2620 
f 2628 2620 2622 
f 2628 2622 2624 
f 2628 2624 2626 
f 2628 2626 2612 
f 2629 2631 2630 
f 2631 2632 2630 
f 2631 2633 2632 
f 2633 2634 2632 
f 2633 2635 2634 
f 2635 2636 2634 
f 2635 2637 2636 
f 2637 2638 2636 
f 2637 2639 2638 
f 2639 2640 2638 
f 2639 2641 2640 
f 2641 2642 2640 
f 2641 2643 2642 
f 2643 2644 2642 
f 2643 2629 2644 
f 2629 2630 2644 
f 2645 2631 2629 
f 2645 2633 2631 
f 2645 2635 2633 
f 2645 2637 2635 
f 2645 2639 2637 
f 2645 2641 2639 
f 2645 2643 2641 
f 2645 2629 2643 
f 2646 2630 2632 
f 2646 2632 2634 
f 2646 2634 2636 
f 2646 2636 2638 
f 2646 2638 2640 
f 2646 2640 2642 
f 2646 2642 2644 
f 2646 2644 2630 
f 2647 2649 2648 
f 2649 2650 2648 
f 2649 2651 2650 
f 2651 2652 2650 
f 2651 2653 2652 
f 2653 2654 2652 
f 2653 2655 2654 
f 2655 2656 2654 
f 2655 2657 2656 
f 2657 2658 2656 
f 2657 2659 2658 
f 2659 2660 2658 
f 2659 2661 2660 
f 2661 2662 2660 
f 2661 2647 2662 
f 2647 2648 2662 
f 2663 2649 2647 
f 2663 2651 2649 
f 2663 2653 2651 
f 2663 2655 2653 
f 2663 2657 2655 
f 2663 2659 2657 
f 2663 2661 2659 
f 2663 2647 2661 
f 2664 2648 2650 
f 2664 2650 2652 
f 2664 2652 2654 
f 2664 2654 2656 
f 2664 2656 2658 
f 2664 2658 2660 
f 2664 2660 2662 
f 2664 2662 2648 
f 2665 2667 2666 
f 2667 2668 2666 
f 2667 2669 2668 
f 2669 2670 2668 
f 2669 2671 2670 
f 2671 2672 2670 
f 2671 2673 2672 
f 2673 2674 2672 
f 2673 2675 2674 
f 2675 2676 2674 
f 2675 2677 2676 
f 2677 2678 2676 
f 2677 2679 2678 
f 2679 2680 2678 
f 2679 2665 2680 
f 2665 2666 2680 
f 2681 2667 2665 
f 2681 2669 2667 
f 2681 2671 2669 
f 2681 2673 2671 
f 2681 2675 2673 
f 2681 2677 2675 
f 2681 2679 2677 
f 2681 2665 2679 
f 2682 2666 2668 
f 2682 2668 2670 
f 2682 2670 2672 
f 2682 2672 2674 
f 2682 2674 2676 
f 2682 2676 2678 
f 2682 2678 2680 
f 2682 2680 2666 
f 2683 2685 2684 
f 2685 2686 2684 
f 2685 2687 2686 
f 2687 2688 2686 
f 2687 2689 2688 
f 2689 2690 2688 
f 2689 2691 2690 
f 2691 2692 2690 
f 2691 2693 2692 
f 2693 2694 2692 
f 2693 2695 2694 
f 2695 2696 2694 
f 2695 2697 2696 
f 2697 2698 2696 
f 2697 2683 2698 
f 2683 2684 2698 
f 2699 2685 2683 
f 2699 2687 2685 
f 2699 2689 2687 
f 2699 2691 2689 
f 2699 2693 2691 
f 2699 2695 2693 
f 2699 2697 2695 
f 2699 2683 2697 
f 2700 2684 2686 
f 2700 2686 2688 
f 2700 2688 2690 
f 2700 2690 2692 
f 2700 2692 2694 
f 2700 2694 2696 
f 2700 2696 2698 
f 2700 2698 2684 
f 2701 2703 2702 
f 2703 2704 2702 
f 2703 2705 2704 
f 2705 2706 2704 
f 2705 2707 2706 
f 2707 2708 2706 
f 2707 2709 2708 
f 2709 2710 2708 
f 2709 2711 2710 
f 2711 2712 2710 
f 2711 2713 2712 
f 2713 2714 2712 
f 2713 2715 2714 
f 2715 2716 2714 
f 2715 2701 2716 
f 2701 2702 2716 
f 2717 2703 2701 
f 2717 2705 2703 
f 2717 2707 2705 
f 2717 2709 2707 
f 2717 2711 2709 
f 2717 2713 2711 
f 2717 2715 2713 
f 2717 2701 2715 
f 2718 2702 2704 
f 2718 2704 2706 
f 2718 2706 2708 
f 2718 2708 2710 
f 2718 2710 2712 
f 2718 2712 2714 
f 2718 2714 2716 
f 2718 2716 2702 
f 2719 2721 2720 
f 2721 2722 2720 
f 2721 2723 2722 
f 2723 2724 2722 
f 2723 2725 2724 
f 2725 2726 2724 
f 2725 2727 2726 
f 2727 2728 2726 
f 2727 2729 2728 
f 2729 2730 2728 
f 2729 2731 2730 
f 2731 2732 2730 
f 2731 2733 2732 
f 2733 2734 2732 
f 2733 2719 2734 
f 2719 2720 2734 
f 2735 2721 2719 
f 2735 2723 2721 
f 2735 2725 2723 
f 2735 2727 2725 
f 2735 2729 2727 
f 2735 2731 2729 
f 2735 2733 2731 
f 2735 2719 2733 
f 2736 2720 2722 
f 2736 2722 2724 
f 2736 2724 2726 
f 2736 2726 2728 
f 2736 2728 2730 
f 2736 2730 2732 
f 2736 2732 2734 
f 2736 2734 2720 
f 2737 2739 2738 
f 2739 2740 2738 
f 2739 2741 2740 
f 2741 2742 2740 
f 2741 2743 2742 
f 2743 2744 2742 
f 2743 2745 2744 
f 2745 2746 2744 
f 2745 2747 2746 
f 2747 2748 2746 
f 2747 2749 2748 
f 2749 2750 2748 
f 2749 2751 2750 
f 2751 2752 2750 
f 2751 2737 2752 
f 2737 2738 2752 
f 2753 2739 2737 
f 2753 2741 2739 
f 2753 2743 2741 
f 2753 2745 2743 
f 2753 2747 2745 
f 2753 2749 2747 
f 2753 2751 2749 
f 2753 2737 2751 
f 2754 2738 2740 
f 2754 2740 2742 
f 2754 2742 2744 
f 2754 2744 2746 
f 2754 2746 2748 
f 2754 2748 2750 
f 2754 2750 2752 
f 2754 2752 2738 
f 2755 2757 2756 
f 2757 2758 2756 
f 2757 2759 2758 
f 2759 2760 2758 
f 2759 2761 2760 
f 2761 2762 2760 
f 2761 2763 2762 
f 2763 2764 2762 
f 2763 2765 2764 
f 2765 2766 2764 
f 2765 2767 2766 
f 2767 2768 2766 
f 2767 2769 2768 
f 2769 2770 2768 
f 2769 2755 2770 
f 2755 2756 2770 
f 2771 2757 2755 
f 2771 2759 2757 
f 2771 2761 2759 
f 2771 2763 2761 
f 2771 2765 2763 
f 2771 2767 2765 
f 2771 2769 2767 
f 2771 2755 2769 
f 2772 2756 2758 
f 2772 2758 2760 
f 2772 2760 2762 
f 2772 2762 2764 
f 2772 2764 2766 
f 2772 2766 2768 
f 2772 2768 2770 
f 2772 2770 2756 
f 2773 2775 2774 
f 2775 2776 2774 
f 2775 2777 2776 
f 2777 2778 2776 
f 2777 2779 2778 
f 2779 2780 2778 
f 2779 2781 2780 
f 2781 2782 2780 
f 2781 2783 2782 
f 2783 2784 2782 
f 2783 2785 2784 
f 2785 2786 2784 
f 2785 2787 2786 
f 2787 2788 2786 
f 2787 2773 2788 
f 2773 2774 2788 
f 2789 2775 2773 
f 2789 2777 2775 
f 2789 2779 2777 
f 2789 2781 2779 
f 2789 2783 2781 
f 2789 2785 2783 
f 2789 2787 2785 
f 2789 2773 2787 
f 2790 2774 2776 
f 2790 2776 2778 
f 2790 2778 2780 
f 2790 2780 2782 
f 2790 2782 2784 
f 2790 2784 2786 
f 2790 2786 2788 
f 2790 2788 2774 
f 2791 2793 2792 
f 2793 2794 2792 
f 2793 2795 2794 
f 2795 2796 2794 
f 2795 2797 2796 
f 2797 2798 2796 
f 2797 2799 2798 
f 2799 2800 2798 
f 2799 2801 2800 
f 2801 2802 2800 
f 2801 2803 2802 
f 2803 2804 2802 
f 2803 2805 2804 
f 2805 2806 2804 
f 2805 2791 2806 
f 2791 2792 2806 
f 2807 2793 2791 
f 2807 2795 2793 
f 2807 2797 2795 
f 2807 2799 2797 
f 2807 2801 2799 
f 2807 2803 2801 
f 2807 2805 2803 
f 2807 2791 2805 
f 2808 2792 2794 
f 2808 2794 2796 
f 2808 2796 2798 
f 2808 2798 2800 
f 2808 2800 2802 
f 2808 2802 2804 
f 2808 2804 2806 
f 2808 2806 2792 
f 2809 2811 2810 
f 2811 2812 2810 
f 2811 2813 2812 
f 2813 2814 2812 
f 2813 2815 2814 
f 2815 2816 2814 
f 2815 2817 2816 
f 2817 2818 2816 
f 2817 2819 2818 
f 2819 2820 2818 
f 2819 2821 2820 
f 2821 2822 2820 
f 2821 2823 2822 
f 2823 2824 2822 
f 2823 2809 2824 
f 2809 2810 2824 
f 2825 2811 2809 
f 2825 2813 2811 
f 2825 2815 2813 
f 2825 2817 2815 
f 2825 2819 2817 
f 2825 2821 2819 
f 2825 2823 2821 
f 2825 2809 2823 
f 2826 2810 2812 
f 2826 2812 2814 
f 2826 2814 2816 
f 2826 2816 2818 
f 2826 2818 2820 
f 2826 2820 2822 
f 2826 2822 2824 
f 2826 2824 2810 
f 2827 2829 2828 
f 2829 2830 2828 
f 2829 2831 2830 
f 2831 2832 2830 
f 2831 2833 2832 
f 2833 2834 2832 
f 2833 2835 2834 
f 2835 2836 2834 
f 2835 2837 2836 
f 2837 2838 2836 
f 2837 2839 2838 
f 2839 2840 2838 
f 2839 2841 2840 
f 2841 2842 2840 
f 2841 2827 2842 
f 2827 2828 2842 
f 2843 2829 2827 
f 2843 2831 2829 
f 2843 2833 2831 
f 2843 2835 2833 
f 2843 2837 2835 
f 2843 2839 2837 
f 2843 2841 2839 
f 2843 2827 2841 
f 2844 2828 2830 
f 2844 2830 2832 
f 2844 2832 2834 
f 2844 2834 2836 
f 2844 2836 2838 
f 2844 2838 2840 
f 2844 2840 2842 
f 2844 2842 2828 
f 2845 2847 2846 
f 2847 2848 2846 
f 2847 2849 2848 
f 2849 2850 2848 
f 2849 2851 2850 
f 2851 2852 2850 
f 2851 2853 2852 
f 2853 2854 2852 
f 2853 2855 2854 
f 2855 2856 2854 
f 2855 2857 2856 
f 2857 2858 2856 
f 2857 2859 2858 
f 2859 2860 2858 
f 2859 2845 2860 
f 2845 2846 2860 
f 2861 2847 2845 
f 2861 2849 2847 
f 2861 2851 2849 
f 2861 2853 2851 
f 2861 2855 2853 
f 2861 2857 2855 
f 2861 2859 2857 
f 2861 2845 2859 
f 2862 2846 2848 
f 2862 2848 2850 
f 2862 2850 2852 
f 2862 2852 2854 
f 2862 2854 2856 
f 2862 2856 2858 
f 2862 2858 2860 
f 2862 2860 2846 
f 2863 2865 2864 
f 2865 2866 2864 
f 2865 2867 2866 
f 2867 2868 2866 
f 2867 2869 2868 
f 2869 2870 2868 
f 2869 2871 2870 
f 2871 2872 2870 
f 2871 2873 2872 
f 2873 2874 2872 
f 2873 2875 2874 
f 2875 2876 2874 
f 2875 2877 2876 
f 2877 2878 2876 
f 2877 2863 2878 
f 2863 2864 2878 
f 2879 2865 2863 
f 2879 2867 2865 
f 2879 2869 2867 
f 2879 2871 2869 
f 2879 2873 2871 
f 2879 2875 2873 
f 2879 2877 2875 
f 2879 2863 2877 
f 2880 2864 2866 
f 2880 2866 2868 
f 2880 2868 2870 
f 2880 2870 2872 
f 2880 2872 2874 
f 2880 2874 2876 
f 2880 2876 2878 
f 2880 2878 2864 
f 2881 2883 2882 
f 2883 2884 2882 
f 2883 2885 2884 
f 2885 2886 2884 
f 2885 2887 2886 
f 2887 2888 2886 
f 2887 2889 2888 
f 2889 2890 2888 
f 2889 2891 2890 
f 2891 2892 2890 
f 2891 2893 2892 
f 2893 2894 2892 
f 2893 2895 2894 
f 2895 2896 2894 
f 2895 2881 2896 
f 2881 2882 2896 
f 2897 2883 2881 
f 2897 2885 2883 
f 2897 2887 2885 
f 2897 2889 2887 
f 2897 2891 2889 
f 2897 2893 2891 
f 2897 2895 2893 
f 2897 2881 2895 
f 2898 2882 2884 
f 2898 2884 2886 
f 2898 2886 2888 
f 2898 2888 2890 
f 2898 2890 2892 
f 2898 2892 2894 
f 2898 2894 2896 
f 2898 2896 2882 
f 2899 2901 2900 
f 2901 2902 2900 
f 2901 2903 2902 
f 2903 2904 2902 
f 2903 2905 2904 
f 2905 2906 2904 
f 2905 2907 2906 
f 2907 2908 2906 
f 2907 2909 2908 
f 2909 2910 2908 
f 2909 2911 2910 
f 2911 2912 2910 
f 2911 2913 2912 
f 2913 2914 2912 
f 2913 2899 2914 
f 2899 2900 2914 
f 2915 2901 2899 
f 2915 2903 2901 
f 2915 2905 2903 
f 2915 2907 2905 
f 2915 2909 2907 
f 2915 2911 2909 
f 2915 2913 2911 
f 2915 2899 2913 
f 2916 2900 2902 
f 2916 2902 2904 
f 2916 2904 2906 
f 2916 2906 2908 
f 2916 2908 2910 
f 2916 2910 2912 
f 2916 2912 2914 
f 2916 2914 2900 
f 2917 2919 2918 
f 2919 2920 2918 
f 2919 2921 2920 
f 2921 2922 2920 
f 2921 2923 2922 
f 2923 2924 2922 
f 2923 2925 2924 
f 2925 2926 2924 
f 2925 2927 2926 
f 2927 2928 2926 
f 2927 2929 2928 
f 2929 2930 2928 
f 2929 2931 2930 
f 2931 2932 2930 
f 2931 2917 2932 
f 2917 2918 2932 
f 2933 2919 2917 
f 2933 2921 2919 
f 2933 2923 2921 
f 2933 2925 2923 
f 2933 2927 2925 
f 2933 2929 2927 
f 2933 2931 2929 
f 2933 2917 2931 
f 2934 2918 2920 
f 2934 2920 2922 
f 2934 2922 2924 
f 2934 2924 2926 
f 2934 2926 2928 
f 2934 2928 2930 
f 2934 2930 2932 
f 2934 2932 2918 
f 2935 2937 2936 
f 2937 2938 2936 
f 2937 2939 2938 
f 2939 2940 2938 
f 2939 2941 2940 
f 2941 2942 2940 
f 2941 2943 2942 
f 2943 2944 2942 
f 2943 2945 2944 
f 2945 2946 2944 
f 2945 2947 2946 
f 2947 2948 2946 
f 2947 2949 2948 
f 2949 2950 2948 
f 2949 2935 2950 
f 2935 2936 2950 
f 2951 2937 2935 
f 2951 2939 2937 
f 2951 2941 2939 
f 2951 2943 2941 
f 2951 2945 2943 
f 2951 2947 2945 
f 2951 2949 2947 
f 2951 2935 2949 
f 2952 2936 2938 
f 2952 2938 2940 
f 2952 2940 2942 
f 2952 2942 2944 
f 2952 2944 2946 
f 2952 2946 2948 
f 2952 2948 2950 
f 2952 2950 2936 
f 2953 2955 2954 
f 2955 2956 2954 
f 2955 2957 2956 
f 2957 2958 2956 
f 2957 2959 2958 
f 2959 2960 2958 
f 2959 2961 2960 
f 2961 2962 2960 
f 2961 2963 2962 
f 2963 2964 2962 
f 2963 2965 2964 
f 2965 2966 2964 
f 2965 2967 2966 
f 2967 2968 2966 
f 2967 2953 2968 
f 2953 2954 2968 
f 2969 2955 2953 
f 2969 2957 2955 
f 2969 2959 2957 
f 2969 2961 2959 
f 2969 2963 2961 
f 2969 2965 2963 
f 2969 2967 2965 
f 2969 2953 2967 
f 2970 2954 2956 
f 2970 2956 2958 
f 2970 2958 2960 
f 2970 2960 2962 
f 2970 2962 2964 
f 2970 2964 2966 
f 2970 2966 2968 
f 2970 2968 2954 
f 2971 2973 2972 
f 2973 2974 2972 
f 2973 2975 2974 
f 2975 2976 2974 
f 2975 2977 2976 
f 2977 2978 2976 
f 2977 2979 2978 
f 2979 2980 2978 
f 2979 2981 2980 
f 2981 2982 2980 
f 2981 2983 2982 
f 2983 2984 2982 
f 2983 2985 2984 
f 2985 2986 2984 
f 2985 2971 2986 
f 2971 2972 2986 
f 2987 2973 2971 
f 2987 2975 2973 
f 2987 2977 2975 
f 2987 2979 2977 
f 2987 2981 2979 
f 2987 2983 2981 
f 2987 2985 2983 
f 2987 2971 2985 
f 2988 2972 2974 
f 2988 2974 2976 
f 2988 2976 2978 
f 2988 2978 2980 
f 2988 2980 2982 
f 2988 2982 2984 
f 2988 2984 2986 
f 2988 2986 2972 
f 2989 2991 2990 
f 2991 2992 2990 
f 2991 2993 2992 
f 2993 2994 2992 
f 2993 2995 2994 
f 2995 2996 2994 
f 2995 2997 2996 
f 2997 2998 2996 
f 2997 2999 2998 
f 2999 3000 2998 
f 2999 3001 3000 
f 3001 3002 3000 
f 3001 3003 3002 
f 3003 3004 3002 
f 3003 2989 3004 
f 2989 2990 3004 
f 3005 2991 2989 
f 3005 2993 2991 
f 3005 2995 2993 
f 3005 2997 2995 
f 3005 2999 2997 
f 3005 3001 2999 
f 3005 3003 3001 
f 3005 2989 3003 
f 3006 2990 2992 
f 3006 2992 2994 
f 3006 2994 2996 
f 3006 2996 2998 
f 3006 2998 3000 
f 3006 3000 3002 
f 3006 3002 3004 
f 3006 3004 2990 
f 3007 3009 3008 
f 3009 3010 3008 
f 3009 3011 3010 
f 3011 3012 3010 
f 3011 3013 3012 
f 3013 3014 3012 
f 3013 3015 3014 
f 3015 3016 3014 
f 3015 3017 3016 
f 3017 3018 3016 
f 3017 3019 3018 
f 3019 3020 3018 
f 3019 3021 3020 
f 3021 3022 3020 
f 3021 3007 3022 
f 3007 3008 3022 
f 3023 3009 3007 
f 3023 3011 3009 
f 3023 3013 3011 
f 3023 3015 3013 
f 3023 3017 3015 
f 3023 3019 3017 
f 3023 3021 3019 
f 3023 3007 3021 
f 3024 3008 3010 
f 3024 3010 3012 
f 3024 3012 3014 
f 3024 3014 3016 
f 3024 3016 3018 
f 3024 3018 3020 
f 3024 3020 3022 
f 3024 3022 3008 
f 3025 3027 3026 
f 3027 3028 3026 
f 3027 3029 3028 
f 3029 3030 3028 
f 3029 3031 3030 
f 3031 3032 3030 
f 3031 3033 3032 
f 3033 3034 3032 
f 3033 3035 3034 
f 3035 3036 3034 
f 3035 3037 3036 
f 3037 3038 3036 
f 3037 3039 3038 
f 3039 3040 3038 
f 3039 3025 3040 
f 3025 3026 3040 
f 3041 3027 3025 
f 3041 3029 3027 
f 3041 3031 3029 
f 3041 3033 3031 
f 3041 3035 3033 
f 3041 3037 3035 
f 3041 3039 3037 
f 3041 3025 3039 
f 3042 3026 3028 
f 3042 3028 3030 
f 3042 3030 3032 
f 3042 3032 3034 
f 3042 3034 3036 
f 3042 3036 3038 
f 3042 3038 3040 
f 3042 3040 3026 
f 3043 3045 3044 
f 3045 3046 3044 
f 3045 3047 3046 
f 3047 3048 3046 
f 3047 3049 3048 
f 3049 3050 3048 
f 3049 3051 3050 
f 3051 3052 3050 
f 3051 3053 3052 
f 3053 3054 3052 
f 3053 3055 3054 
f 3055 3056 3054 
f 3055 3057 3056 
f 3057 3058 3056 
f 3057 3043 3058 
f 3043 3044 3058 
f 3059 3045 3043 
f 3059 3047 3045 
f 3059 3049 3047 
f 3059 3051 3049 
f 3059 3053 3051 
f 3059 3055 3053 
f 3059 3057 3055 
f 3059 3043 3057 
f 3060 3044 3046 
f 3060 3046 3048 
f 3060 3048 3050 
f 3060 3050 3052 
f 3060 3052 3054 
f 3060 3054 3056 
f 3060 3056 3058 
f 3060 3058 3044 
f 3061 3063 3062 
f 3063 3064 3062 
f 3063 3065 3064 
f 3065 3066 3064 
f 3065 3067 3066 
f 3067 3068 3066 
f 3067 3069 3068 
f 3069 3070 3068 
f 3069 3071 3070 
f 3071 3072 3070 
f 3071 3073 3072 
f 3073 3074 3072 
f 3073 3075 3074 
f 3075 3076 3074 
f 3075 3061 3076 
f 3061 3062 3076 
f 3077 3063 3061 
f 3077 3065 3063 
f 3077 3067 3065 
f 3077 3069 3067 
f 3077 3071 3069 
f 3077 3073 3071 
f 3077 3075 3073 
f 3077 3061 3075 
f 3078 3062 3064 
f 3078 3064 3066 
f 3078 3066 3068 
f 3078 3068 3070 
f 3078 3070 3072 
f 3078 3072 3074 
f 3078 3074 3076 
f 3078 3076 3062 
f 3079 3081 3080 
f 3081 3082 3080 
f 3081 3083 3082 
f 3083 3084 3082 
f 3083 3085 3084 
f 3085 3086 3084 
f 3085 3087 3086 
f 3087 3088 3086 
f 3087 3089 3088 
f 3089 3090 3088 
f 3089 3091 3090 
f 3091 3092 3090 
f 3091 3093 3092 
f 3093 3094 3092 
f 3093 3079 3094 
f 3079 3080 3094 
f 3095 3081 3079 
f 3095 3083 3081 
f 3095 3085 3083 
f 3095 3087 3085 
f 3095 3089 3087 
f 3095 3091 3089 
f 3095 3093 3091 
f 3095 3079 3093 
f 3096 3080 3082 
f 3096 3082 3084 
f 3096 3084 3086 
f 3096 3086 3088 
f 3096 3088 3090 
f 3096 3090 3092 
f 3096 3092 3094 
f 3096 3094 3080 
f 3097 3099 3098 
f 3099 3100 3098 
f 3099 3101 3100 
f 3101 3102 3100 
f 3101 3103 3102 
f 3103 3104 3102 
f 3103 3105 3104 
f 3105 3106 3104 
f 3105 3107 3106 
f 3107 3108 3106 
f 3107 3109 3108 
f 3109 3110 3108 
f 3109 3111 3110 
f 3111 3112 3110 
f 3111 3097 3112 
f 3097 3098 3112 
f 3113 3099 3097 
f 3113 3101 3099 
f 3113 3103 3101 
f 3113 3105 3103 
f 3113 3107 3105 
f 3113 3109 3107 
f 3113 3111 3109 
f 3113 3097 3111 
f 3114 3098 3100 
f 3114 3100 3102 
f 3114 3102 3104 
f 3114 3104 3106 
f 3114 3106 3108 
f 3114 3108 3110 
f 3114 3110 3112 
f 3114 3112 3098 
f 3115 3117 3116 
f 3117 3118 3116 
f 3117 3119 3118 
f 3119 3120 3118 
f 3119 3121 3120 
f 3121 3122 3120 
f 3121 3123 3122 
f 3123 3124 3122 
f 3123 3125 3124 
f 3125 3126 3124 
f 3125 3127 3126 
f 3127 3128 3126 
f 3127 3129 3128 
f 3129 3130 3128 
f 3129 3115 3130 
f 3115 3116 3130 
f 3131 3117 3115 
f 3131 3119 3117 
f 3131 3121 3119 
f 3131 3123 3121 
f 3131 3125 3123 
f 3131 3127 3125 
f 3131 3129 3127 
f 3131 3115 3129 
f 3132 3116 3118 
f 3132 3118 3120 
f 3132 3120 3122 
f 3132 3122 3124 
f 3132 3124 3126 
f 3132 3126 3128 
f 3132 3128 3130 
f 3132 3130 3116 
f 3133 3135 3134 
f 3135 3136 3134 
f 3135 3137 3136 
f 3137 3138 3136 
f 3137 3139 3138 
f 3139 3140 3138 
f 3139 3141 3140 
f 3141 3142 3140 
f 3141 3143 3142 
f 3143 3144 3142 
f 3143 3145 3144 
f 3145 3146 3144 
f 3145 3147 3146 
f 3147 3148 3146 
f 3147 3133 3148 
f 3133 3134 3148 
f 3149 3135 3133 
f 3149 3137 3135 
f 3149 3139 3137 
f 3149 3141 3139 
f 3149 3143 3141 
f 3149 3145 3143 
f 3149 3147 3145 
f 3149 3133 3147 
f 3150 3134 3136 
f 3150 3136 3138 
f 3150 3138 3140 
f 3150 3140 3142 
f 3150 3142 3144 
f 3150 3144 3146 
f 3150 3146 3148 
f 3150 3148 3134 
f 3151 3153 3152 
f 3153 3154 3152 
f 3153 3155 3154 
f 3155 3156 3154 
f 3155 3157 3156 
f 3157 3158 3156 
f 3157 3159 3158 
f 3159 3160 3158 
f 3159 3161 3160 
f 3161 3162 3160 
f 3161 3163 3162 
f 3163 3164 3162 
f 3163 3165 3164 
f 3165 3166 3164 
f 3165 3151 3166 
f 3151 3152 3166 
f 3167 3153 3151 
f 3167 3155 3153 
f 3167 3157 3155 
f 3167 3159 3157 
f 3167 3161 3159 
f 3167 3163 3161 
f 3167 3165 3163 
f 3167 3151 3165 
f 3168 3152 3154 
f 3168 3154 3156 
f 3168 3156 3158 
f 3168 3158 3160 
f 3168 3160 3162 
f 3168 3162 3164 
f 3168 3164 3166 
f 3168 3166 3152 
f 3169 3171 3170 
f 3171 3172 3170 
f 3171 3173 3172 
f 3173 3174 3172 
f 3173 3175 3174 
f 3175 3176 3174 
f 3175 3177 3176 
f 3177 3178 3176 
f 3177 3179 3178 
f 3179 3180 3178 
f 3179 3181 3180 
f 3181 3182 3180 
f 3181 3183 3182 
f 3183 3184 3182 
f 3183 3169 3184 
f 3169 3170 3184 
f 3185 3171 3169 
f 3185 3173 3171 
f 3185 3175 3173 
f 3185 3177 3175 
f 3185 3179 3177 
f 3185 3181 3179 
f 3185 3183 3181 
f 3185 3169 3183 
f 3186 3170 3172 
f 3186 3172 3174 
f 3186 3174 3176 
f 3186 3176 3178 
f 3186 3178 3180 
f 3186 3180 3182 
f 3186 3182 3184 
f 3186 3184 3170 
f 3187 3189 3188 
f 3189 3190 3188 
f 3189 3191 3190 
f 3191 3192 3190 
f 3191 3193 3192 
f 3193 3194 3192 
f 3193 3195 3194 
f 3195 3196 3194 
f 3195 3197 3196 
f 3197 3198 3196 
f 3197 3199 3198 
f 3199 3200 3198 
f 3199 3201 3200 
f 3201 3202 3200 
f 3201 3187 3202 
f 3187 3188 3202 
f 3203 3189 3187 
f 3203 3191 3189 
f 3203 3193 3191 
f 3203 3195 3193 
f 3203 3197 3195 
f 3203 3199 3197 
f 3203 3201 3199 
f 3203 3187 3201 
f 3204 3188 3190 
f 3204 3190 3192 
f 3204 3192 3194 
f 3204 3194 3196 
f 3204 3196 3198 
f 3204 3198 3200 
f 3204 3200 3202 
f 3204 3202 3188 
f 3205 3207 3206 
f 3207 3208 3206 
f 3207 3209 3208 
f 3209 3210 3208 
f 3209 3211 3210 
f 3211 3212 3210 
f 3211 3213 3212 
f 3213 3214 3212 
f 3213 3215 3214 
f 3215 3216 3214 
f 3215 3217 3216 
f 3217 3218 3216 
f 3217 3219 3218 
f 3219 3220 3218 
f 3219 3205 3220 
f 3205 3206 3220 
f 3221 3207 3205 
f 3221 3209 3207 
f 3221 3211 3209 
f 3221 3213 3211 
f 3221 3215 3213 
f 3221 3217 3215 
f 3221 3219 3217 
f 3221 3205 3219 
f 3222 3206 3208 
f 3222 3208 3210 
f 3222 3210 3212 
f 3222 3212 3214 
f 3222 3214 3216 
f 3222 3216 3218 
f 3222 3218 3220 
f 3222 3220 3206 
f 3223 3225 3224 
f 3225 3226 3224 
f 3225 3227 3226 
f 3227 3228 3226 
f 3227 3229 3228 
f 3229 3230 3228 
f 3229 3231 3230 
f 3231 3232 3230 
f 3231 3233 3232 
f 3233 3234 3232 
f 3233 3235 3234 
f 3235 3236 3234 
f 3235 3237 3236 
f 3237 3238 3236 
f 3237 3223 3238 
f 3223 3224 3238 
f 3239 3225 3223 
f 3239 3227 3225 
f 3239 3229 3227 
f 3239 3231 3229 
f 3239 3233 3231 
f 3239 3235 3233 
f 3239 3237 3235 
f 3239 3223 3237 
f 3240 3224 3226 
f 3240 3226 3228 
f 3240 3228 3230 
f 3240 3230 3232 
f 3240 3232 3234 
f 3240 3234 3236 
f 3240 3236 3238 
f 3240 3238 3224 
f 3241 3243 3242 
f 3243 3244 3242 
f 3243 3245 3244 
f 3245 3246 3244 
f 3245 3247 3246 
f 3247 3248 3246 
f 3247 3249 3248 
f 3249 3250 3248 
f 3249 3251 3250 
f 3251 3252 3250 
f 3251 3253 3252 
f 3253 3254 3252 
f 3253 3255 3254 
f 3255 3256 3254 
f 3255 3241 3256 
f 3241 3242 3256 
f 3257 3243 3241 
f 3257 3245 3243 
f 3257 3247 3245 
f 3257 3249 3247 
f 3257 3251 3249 
f 3257 3253 3251 
f 3257 3255 3253 
f 3257 3241 3255 
f 3258 3242 3244 
f 3258 3244 3246 
f 3258 3246 3248 
f 3258 3248 3250 
f 3258 3250 3252 
f 3258 3252 3254 
f 3258 3254 3256 
f 3258 3256 3242 
f 3259 3261 3260 
f 3261 3262 3260 
f 3261 3263 3262 
f 3263 3264 3262 
f 3263 3265 3264 
f 3265 3266 3264 
f 3265 3267 3266 
f 3267 3268 3266 
f 3267 3269 3268 
f 3269 3270 3268 
f 3269 3271 3270 
f 3271 3272 3270 
f 3271 3273 3272 
f 3273 3274 3272 
f 3273 3259 3274 
f 3259 3260 3274 
f 3275 3261 3259 
f 3275 3263 3261 
f 3275 3265 3263 
f 3275 3267 3265 
f 3275 3269 3267 
f 3275 3271 3269 
f 3275 3273 3271 
f 3275 3259 3273 
f 3276 3260 3262 
f 3276 3262 3264 
f 3276 3264 3266 
f 3276 3266 3268 
f 3276 3268 3270 
f 3276 3270 3272 
f 3276 3272 3274 
f 3276 3274 3260 
f 3277 3279 3278 
f 3279 3280 3278 
f 3279 3281 3280 
f 3281 3282 3280 
f 3281 3283 3282 
f 3283 3284 3282 
f 3283 3285 3284 
f 3285 3286 3284 
f 3285 3287 3286 
f 3287 3288 3286 
f 3287 3289 3288 
f 3289 3290 3288 
f 3289 3291 3290 
f 3291 3292 3290 
f 3291 3277 3292 
f 3277 3278 3292 
f 3293 3279 3277 
f 3293 3281 3279 
f 3293 3283 3281 
f 3293 3285 3283 
f 3293 3287 3285 
f 3293 3289 3287 
f 3293 3291 3289 
f 3293 3277 3291 
f 3294 3278 3280 
f 3294 3280 3282 
f 3294 3282 3284 
f 3294 3284 3286 
f 3294 3286 3288 
f 3294 3288 3290 
f 3294 3290 3292 
f 3294 3292 3278 
f 3295 3297 3296 
f 3297 3298 3296 
f 3297 3299 3298 
f 3299 3300 3298 
f 3299 3301 3300 
f 3301 3302 3300 
f 3301 3303 3302 
f 3303 3304 3302 
f 3303 3305 3304 
f 3305 3306 3304 
f 3305 3307 3306 
f 3307 3308 3306 
f 3307 3309 3308 
f 3309 3310 3308 
f 3309 3295 3310 
f 3295 3296 3310 
f 3311 3297 3295 
f 3311 3299 3297 
f 3311 3301 3299 
f 3311 3303 3301 
f 3311 3305 3303 
f 3311 3307 3305 
f 3311 3309 3307 
f 3311 3295 3309 
f 3312 3296 3298 
f 3312 3298 3300 
f 3312 3300 3302 
f 3312 3302 3304 
f 3312 3304 3306 
f 3312 3306 3308 
f 3312 3308 3310 
f 3312 3310 3296 
f 3313 3315 3314 
f 3315 3316 3314 
f 3315 3317 3316 
f 3317 3318 3316 
f 3317 3319 3318 
f 3319 3320 3318 
f 3319 3321 3320 
f 3321 3322 3320 
f 3321 3323 3322 
f 3323 3324 3322 
f 3323 3325 3324 
f 3325 3326 3324 
f 3325 3327 3326 
f 3327 3328 3326 
f 3327 3313 3328 
f 3313 3314 3328 
f 3329 3315 3313 
f 3329 3317 3315 
f 3329 3319 3317 
f 3329 3321 3319 
f 3329 3323 3321 
f 3329 3325 3323 
f 3329 3327 3325 
f 3329 3313 3327 
f 3330 3314 3316 
f 3330 3316 3318 
f 3330 3318 3320 
f 3330 3320 3322 
f 3330 3322 3324 
f 3330 3324 3326 
f 3330 3326 3328 
f 3330 3328 3314 
f 3331 3333 3332 
f 3333 3334 3332 
f 3333 3335 3334 
f 3335 3336 3334 
f 3335 3337 3336 
f 3337 3338 3336 
f 3337 3339 3338 
f 3339 3340 3338 
f 3339 3341 3340 
f 3341 3342 3340 
f 3341 3343 3342 
f 3343 3344 3342 
f 3343 3345 3344 
f 3345 3346 3344 
f 3345 3331 3346 
f 3331 3332 3346 
f 3347 3333 3331 
f 3347 3335 3333 
f 3347 3337 3335 
f 3347 3339 3337 
f 3347 3341 3339 
f 3347 3343 3341 
f 3347 3345 3343 
f 3347 3331 3345 
f 3348 3332 3334 
f 3348 3334 3336 
f 3348 3336 3338 
f 3348 3338 3340 
f 3348 3340 3342 
f 3348 3342 3344 
f 3348 3344 3346 
f 3348 3346 3332 
f 3349 3351 3350 
f 3351 3352 3350 
f 3351 3353 3352 
f 3353 3354 3352 
f 3353 3355 3354 
f 3355 3356 3354 
f 3355 3357 3356 
f 3357 3358 3356 
f 3357 3359 3358 
f 3359 3360 3358 
f 3359 3361 3360 
f 3361 3362 3360 
f 3361 3363 3362 
f 3363 3364 3362 
f 3363 3349 3364 
f 3349 3350 3364 
f 3365 3351 3349 
f 3365 3353 3351 
f 3365 3355 3353 
f 3365 3357 3355 
f 3365 3359 3357 
f 3365 3361 3359 
f 3365 3363 3361 
f 3365 3349 3363 
f 3366 3350 3352 
f 3366 3352 3354 
f 3366 3354 3356 
f 3366 3356 3358 
f 3366 3358 3360 
f 3366 3360 3362 
f 3366 3362 3364 
f 3366 3364 3350 
f 3367 3369 3368 
f 3369 3370 3368 
f 3369 3371 3370 
f 3371 3372 3370 
f 3371 3373 3372 
f 3373 3374 3372 
f 3373 3375 3374 
f 3375 3376 3374 
f 3375 3377 3376 
f 3377 3378 3376 
f 3377 3379 3378 
f 3379 3380 3378 
f 3379 3381 3380 
f 3381 3382 3380 
f 3381 3367 3382 
f 3367 3368 3382 
f 3383 3369 3367 
f 3383 3371 3369 
f 3383 3373 3371 
f 3383 3375 3373 
f 3383 3377 3375 
f 3383 3379 3377 
f 3383 3381 3379 
f 3383 3367 3381 
f 3384 3368 3370 
f 3384 3370 3372 
f 3384 3372 3374 
f 3384 3374 3376 
f 3384 3376 3378 
f 3384 3378 3380 
f 3384 3380 3382 
f 3384 3382 3368 
f 3385 3387 3386 
f 3387 3388 3386 
f 3387 3389 3388 
f 3389 3390 3388 
f 3389 3391 3390 
f 3391 3392 3390 
f 3391 3393 3392 
f 3393 3394 3392 
f 3393 3395 3394 
f 3395 3396 3394 
f 3395 3397 3396 
f 3397 3398 3396 
f 3397 3399 3398 
f 3399 3400 3398 
f 3399 3385 3400 
f 3385 3386 3400 
f 3401 3387 3385 
f 3401 3389 3387 
f 3401 3391 3389 
f 3401 3393 3391 
f 3401 3395 3393 
f 3401 3397 3395 
f 3401 3399 3397 
f 3401 3385 3399 
f 3402 3386 3388 
f 3402 3388 3390 
f 3402 3390 3392 
f 3402 3392 3394 
f 3402 3394 3396 
f 3402 3396 3398 
f 3402 3398 3400 
f 3402 3400 3386 
f 3403 3405 3404 
f 3405 3406 3404 
f 3405 3407 3406 
f 3407 3408 3406 
f 3407 3409 3408 
f 3409 3410 3408 
f 3409 3411 3410 
f 3411 3412 3410 
f 3411 3413 3412 
f 3413 3414 3412 
f 3413 3415 3414 
f 3415 3416 3414 
f 3415 3417 3416 
f 3417 3418 3416 
f 3417 3403 3418 
f 3403 3404 3418 
f 3419 3405 3403 
f 3419 3407 3405 
f 3419 3409 3407 
f 3419 3411 3409 
f 3419 3413 3411 
f 3419 3415 3413 
f 3419 3417 3415 
f 3419 3403 3417 
f 3420 3404 3406 
f 3420 3406 3408 
f 3420 3408 3410 
f 3420 3410 3412 
f 3420 3412 3414 
f 3420 3414 3416 
f 3420 3416 3418 
f 3420 3418 3404 
f 3421 3423 3422 
f 3423 3424 3422 
f 3423 3425 3424 
f 3425 3426 3424 
f 3425 3427 3426 
f 3427 3428 3426 
f 3427 3429 3428 
f 3429 3430 3428 
f 3429 3431 3430 
f 3431 3432 3430 
f 3431 3433 3432 
f 3433 3434 3432 
f 3433 3435 3434 
f 3435 3436 3434 
f 3435 3421 3436 
f 3421 3422 3436 
f 3437 3423 3421 
f 3437 3425 3423 
f 3437 3427 3425 
f 3437 3429 3427 
f 3437 3431 3429 
f 3437 3433 3431 
f 3437 3435 3433 
f 3437 3421 3435 
f 3438 3422 3424 
f 3438 3424 3426 
f 3438 3426 3428 
f 3438 3428 3430 
f 3438 3430 3432 
f 3438 3432 3434 
f 3438 3434 3436 
f 3438 3436 3422 
f 3439 3441 3440 
f 3441 3442 3440 
f 3441 3443 3442 
f 3443 3444 3442 
f 3443 3445 3444 
f 3445 3446 3444 
f 3445 3447 3446 
f 3447 3448 3446 
f 3447 3449 3448 
f 3449 3450 3448 
f 3449 3451 3450 
f 3451 3452 3450 
f 3451 3453 3452 
f 3453 3454 3452 
f 3453 3439 3454 
f 3439 3440 3454 
f 3455 3441 3439 
f 3455 3443 3441 
f 3455 3445 3443 
f 3455 3447 3445 
f 3455 3449 3447 
f 3455 3451 3449 
f 3455 3453 3451 
f 3455 3439 3453 
f 3456 3440 3442 
f 3456 3442 3444 
f 3456 3444 3446 
f 3456 3446 3448 
f 3456 3448 3450 
f 3456 3450 3452 
f 3456 3452 3454 
f 3456 3454 3440 
f 3457 3459 3458 
f 3459 3460 3458 
f 3459 3461 3460 
f 3461 3462 3460 
f 3461 3463 3462 
f 3463 3464 3462 
f 3463 3465 3464 
f 3465 3466 3464 
f 3465 3467 3466 
f 3467 3468 3466 
f 3467 3469 3468 
f 3469 3470 3468 
f 3469 3471 3470 
f 3471 3472 3470 
f 3471 3457 3472 
f 3457 3458 3472 
f 3473 3459 3457 
f 3473 3461 3459 
f 3473 3463 3461 
f 3473 3465 3463 
f 3473 3467 3465 
f 3473 3469 3467 
f 3473 3471 3469 
f 3473 3457 3471 
f 3474 3458 3460 
f 3474 3460 3462 
f 3474 3462 3464 
f 3474 3464 3466 
f 3474 3466 3468 
f 3474 3468 3470 
f 3474 3470 3472 
f 3474 3472 3458 
f 3475 3477 3476 
f 3477 3478 3476 
f 3477 3479 3478 
f 3479 3480 3478 
f 3479 3481 3480 
f 3481 3482 3480 
f 3481 3483 3482 
f 3483 3484 3482 
f 3483 3485 3484 
f 3485 3486 3484 
f 3485 3487 3486 
f 3487 3488 3486 
f 3487 3489 3488 
f 3489 3490 3488 
f 3489 3475 3490 
f 3475 3476 3490 
f 3491 3477 3475 
f 3491 3479 3477 
f 3491 3481 3479 
f 3491 3483 3481 
f 3491 3485 3483 
f 3491 3487 3485 
f 3491 3489 3487 
f 3491 3475 3489 
f 3492 3476 3478 
f 3492 3478 3480 
f 3492 3480 3482 
f 3492 3482 3484 
f 3492 3484 3486 
f 3492 3486 3488 
f 3492 3488 3490 
f 3492 3490 3476 
f 3493 3495 3494 
f 3495 3496 3494 
f 3495 3497 3496 
f 3497 3498 3496 
f 3497 3499 3498 
f 3499 3500 3498 
f 3499 3501 3500 
f 3501 3502 3500 
f 3501 3503 3502 
f 3503 3504 3502 
f 3503 3505 3504 
f 3505 3506 3504 
f 3505 3507 3506 
f 3507 3508 3506 
f 3507 3493 3508 
f 3493 3494 3508 
f 3509 3495 3493 
f 3509 3497 3495 
f 3509 3499 3497 
f 3509 3501 3499 
f 3509 3503 3501 
f 3509 3505 3503 
f 3509 3507 3505 
f 3509 3493 3507 
f 3510 3494 3496 
f 3510 3496 3498 
f 3510 3498 3500 
f 3510 3500 3502 
f 3510 3502 3504 
f 3510 3504 3506 
f 3510 3506 3508 
f 3510 3508 3494 
f 3511 3513 3512 
f 3513 3514 3512 
f 3513 3515 3514 
f 3515 3516 3514 
f 3515 3517 3516 
f 3517 3518 3516 
f 3517 3519 3518 
f 3519 3520 3518 
f 3519 3521 3520 
f 3521 3522 3520 
f 3521 3523 3522 
f 3523 3524 3522 
f 3523 3525 3524 
f 3525 3526 3524 
f 3525 3511 3526 
f 3511 3512 3526 
f 3527 3513 3511 
f 3527 3515 3513 
f 3527 3517 3515 
f 3527 3519 3517 
f 3527 3521 3519 
f 3527 3523 3521 
f 3527 3525 3523 
f 3527 3511 3525 
f 3528 3512 3514 
f 3528 3514 3516 
f 3528 3516 3518 
f 3528 3518 3520 
f 3528 3520 3522 
f 3528 3522 3524 
f 3528 3524 3526 
f 3528 3526 3512 
f 3529 3531 3530 
f 3531 3532 3530 
f 3531 3533 3532 
f 3533 3534 3532 
f 3533 3535 3534 
f 3535 3536 3534 
f 3535 3537 3536 
f 3537 3538 3536 
f 3537 3539 3538 
f 3539 3540 3538 
f 3539 3541 3540 
f 3541 3542 3540 
f 3541 3543 3542 
f 3543 3544 3542 
f 3543 3529 3544 
f 3529 3530 3544 
f 3545 3531 3529 
f 3545 3533 3531 
f 3545 3535 3533 
f 3545 3537 3535 
f 3545 3539 3537 
f 3545 3541 3539 
f 3545 3543 3541 
f 3545 3529 3543 
f 3546 3530 3532 
f 3546 3532 3534 
f 3546 3534 3536 
f 3546 3536 3538 
f 3546 3538 3540 
f 3546 3540 3542 
f 3546 3542 3544 
f 3546 3544 3530 
f 3547 3549 3548 
f 3549 3550 3548 
f 3549 3551 3550 
f 3551 3552 3550 
f 3551 3553 3552 
f 3553 3554 3552 
f 3553 3555 3554 
f 3555 3556 3554 
f 3555 3557 3556 
f 3557 3558 3556 
f 3557 3559 3558 
f 3559 3560 3558 
f 3559 3561 3560 
f 3561 3562 3560 
f 3561 3547 3562 
f 3547 3548 3562 
f 3563 3549 3547 
f 3563 3551 3549 
f 3563 3553 3551 
f 3563 3555 3553 
f 3563 3557 3555 
f 3563 3559 3557 
f 3563 3561 3559 
f 3563 3547 3561 
f 3564 3548 3550 
f 3564 3550 3552 
f 3564 3552 3554 
f 3564 3554 3556 
f 3564 3556 3558 
f 3564 3558 3560 
f 3564 3560 3562 
f 3564 3562 3548 
f 3565 3567 3566 
f 3567 3568 3566 
f 3567 3569 3568 
f 3569 3570 3568 
f 3569 3571 3570 
f 3571 3572 3570 
f 3571 3573 3572 
f 3573 3574 3572 
f 3573 3575 3574 
f 3575 3576 3574 
f 3575 3577 3576 
f 3577 3578 3576 
f 3577 3579 3578 
f 3579 3580 3578 
f 3579 3565 3580 
f 3565 3566 3580 
f 3581 3567 3565 
f 3581 3569 3567 
f 3581 3571 3569 
f 3581 3573 3571 
f 3581 3575 3573 
f 3581 3577 3575 
f 3581 3579 3577 
f 3581 3565 3579 
f 3582 3566 3568 
f 3582 3568 3570 
f 3582 3570 3572 
f 3582 3572 3574 
f 3582 3574 3576 
f 3582 3576 3578 
f 3582 3578 3580 
f 3582 3580 3566 
f 3583 3585 3584 
f 3585 3586 3584 
f 3585 3587 3586 
f 3587 3588 3586 
f 3587 3589 3588 
f 3589 3590 3588 
f 3589 3591 3590 
f 3591 3592 3590 
f 3591 3593 3592 
f 3593 3594 3592 
f 3593 3595 3594 
f 3595 3596 3594 
f 3595 3597 3596 
f 3597 3598 3596 
f 3597 3583 3598 
f 3583 3584 3598 
f 3599 3585 3583 
f 3599 3587 3585 
f 3599 3589 3587 
f 3599 3591 3589 
f 3599 3593 3591 
f 3599 3595 3593 
f 3599 3597 3595 
f 3599 3583 3597 
f 3600 3584 3586 
f 3600 3586 3588 
f 3600 3588 3590 
f 3600 3590 3592 
f 3600 3592 3594 
f 3600 3594 3596 
f 3600 3596 3598 
f 3600 3598 3584 
f 3601 3603 3602 
f 3603 3604 3602 
f 3603 3605 3604 
f 3605 3606 3604 
f 3605 3607 3606 
f 3607 3608 3606 
f 3607 3609 3608 
f 3609 3610 3608 
f 3609 3611 3610 
f 3611 3612 3610 
f 3611 3613 3612 
f 3613 3614 3612 
f 3613 3615 3614 
f 3615 3616 3614 
f 3615 3601 3616 
f 3601 3602 3616 
f 3617 3603 3601 
f 3617 3605 3603 
f 3617 3607 3605 
f 3617 3609 3607 
f 3617 3611 3609 
f 3617 3613 3611 
f 3617 3615 3613 
f 3617 3601 3615 
f 3618 3602 3604 
f 3618 3604 3606 
f 3618 3606 3608 
f 3618 3608 3610 
f 3618 3610 3612 
f 3618 3612 3614 
f 3618 3614 3616 
f 3618 3616 3602 
f 3619 3621 3620 
f 3621 3622 3620 
f 3621 3623 3622 
f 3623 3624 3622 
f 3623 3625 3624 
f 3625 3626 3624 
f 3625 3627 3626 
f 3627 3628 3626 
f 3627 3629 3628 
f 3629 3630 3628 
f 3629 3631 3630 
f 3631 3632 3630 
f 3631 3633 3632 
f 3633 3634 3632 
f 3633 3619 3634 
f 3619 3620 3634 
f 3635 3621 3619 
f 3635 3623 3621 
f 3635 3625 3623 
f 3635 3627 3625 
f 3635 3629 3627 
f 3635 3631 3629 
f 3635 3633 3631 
f 3635 3619 3633 
f 3636 3620 3622 
f 3636 3622 3624 
f 3636 3624 3626 
f 3636 3626 3628 
f 3636 3628 3630 
f 3636 3630 3632 
f 3636 3632 3634 
f 3636 3634 3620 
f 3637 3639 3638 
f 3639 3640 3638 
f 3639 3641 3640 
f 3641 3642 3640 
f 3641 3643 3642 
f 3643 3644 3642 
f 3643 3645 3644 
f 3645 3646 3644 
f 3645 3647 3646 
f 3647 3648 3646 
f 3647 3649 3648 
f 3649 3650 3648 
f 3649 3651 3650 
f 3651 3652 3650 
f 3651 3637 3652 
f 3637 3638 3652 
f 3653 3639 3637 
f 3653 3641 3639 
f 3653 3643 3641 
f 3653 3645 3643 
f 3653 3647 3645 
f 3653 3649 3647 
f 3653 3651 3649 
f 3653 3637 3651 
f 3654 3638 3640 
f 3654 3640 3642 
f 3654 3642 3644 
f 3654 3644 3646 
f 3654 3646 3648 
f 3654 3648 3650 
f 3654 3650 3652 
f 3654 3652 3638 
f 3655 3657 3656 
f 3657 3658 3656 
f 3657 3659 3658 
f 3659 3660 3658 
f 3659 3661 3660 
f 3661 3662 3660 
f 3661 3663 3662 
f 3663 3664 3662 
f 3663 3665 3664 
f 3665 3666 3664 
f 3665 3667 3666 
f 3667 3668 3666 
f 3667 3669 3668 
f 3669 3670 3668 
f 3669 3655 3670 
f 3655 3656 3670 
f 3671 3657 3655 
f 3671 3659 3657 
f 3671 3661 3659 
f 3671 3663 3661 
f 3671 3665 3663 
f 3671 3667 3665 
f 3671 3669 3667 
f 3671 3655 3669 
f 3672 3656 3658 
f 3672 3658 3660 
f 3672 3660 3662 
f 3672 3662 3664 
f 3672 3664 3666 
f 3672 3666 3668 
f 3672 3668 3670 
f 3672 3670 3656 
f 3673 3675 3674 
f 3675 3676 3674 
f 3675 3677 3676 
f 3677 3678 3676 
f 3677 3679 3678 
f 3679 3680 3678 
f 3679 3681 3680 
f 3681 3682 3680 
f 3681 3683 3682 
f 3683 3684 3682 
f 3683 3685 3684 
f 3685 3686 3684 
f 3685 3687 3686 
f 3687 3688 3686 
f 3687 3673 3688 
f 3673 3674 3688 
f 3689 3675 3673 
f 3689 3677 3675 
f 3689 3679 3677 
f 3689 3681 3679 
f 3689 3683 3681 
f 3689 3685 3683 
f 3689 3687 3685 
f 3689 3673 3687 
f 3690 3674 3676 
f 3690 3676 3678 
f 3690 3678 3680 
f 3690 3680 3682 
f 3690 3682 3684 
f 3690 3684 3686 
f 3690 3686 3688 
f 3690 3688 3674 
f 3691 3693 3692 
f 3693 3694 3692 
f 3693 3695 3694 
f 3695 3696 3694 
f 3695 3697 3696 
f 3697 3698 3696 
f 3697 3699 3698 
f 3699 3700 3698 
f 3699 3701 3700 
f 3701 3702 3700 
f 3701 3703 3702 
f 3703 3704 3702 
f 3703 3705 3704 
f 3705 3706 3704 
f 3705 3691 3706 
f 3691 3692 3706 
f 3707 3693 3691 
f 3707 3695 3693 
f 3707 3697 3695 
f 3707 3699 3697 
f 3707 3701 3699 
f 3707 3703 3701 
f 3707 3705 3703 
f 3707 3691 3705 
f 3708 3692 3694 
f 3708 3694 3696 
f 3708 3696 3698 
f 3708 3698 3700 
f 3708 3700 3702 
f 3708 3702 3704 
f 3708 3704 3706 
f 3708 3706 3692 
f 3709 3711 3710 
f 3711 3712 3710 
f 3711 3713 3712 
f 3713 3714 3712 
f 3713 3715 3714 
f 3715 3716 3714 
f 3715 3717 3716 
f 3717 3718 3716 
f 3717 3719 3718 
f 3719 3720 3718 
f 3719 3721 3720 
f 3721 3722 3720 
f 3721 3723 3722 
f 3723 3724 3722 
f 3723 3709 3724 
f 3709 3710 3724 
f 3725 3711 3709 
f 3725 3713 3711 
f 3725 3715 3713 
f 3725 3717 3715 
f 3725 3719 3717 
f 3725 3721 3719 
f 3725 3723 3721 
f 3725 3709 3723 
f 3726 3710 3712 
f 3726 3712 3714 
f 3726 3714 3716 
f 3726 3716 3718 
f 3726 3718 3720 
f 3726 3720 3722 
f 3726 3722 3724 
f 3726 3724 3710 
f 3727 3729 3728 
f 3729 3730 3728 
f 3729 3731 3730 
f 3731 3732 3730 
f 3731 3733 3732 
f 3733 3734 3732 
f 3733 3735 3734 
f 3735 3736 3734 
f 3735 3737 3736 
f 3737 3738 3736 
f 3737 3739 3738 
f 3739 3740 3738 
f 3739 3741 3740 
f 3741 3742 3740 
f 3741 3727 3742 
f 3727 3728 3742 
f 3743 3729 3727 
f 3743 3731 3729 
f 3743 3733 3731 
f 3743 3735 3733 
f 3743 3737 3735 
f 3743 3739 3737 
f 3743 3741 3739 
f 3743 3727 3741 
f 3744 3728 3730 
f 3744 3730 3732 
f 3744 3732 3734 
f 3744 3734 3736 
f 3744 3736 3738 
f 3744 3738 3740 
f 3744 3740 3742 
f 3744 3742 3728 
f 3745 3747 3746 
f 3747 3748 3746 
f 3747 3749 3748 
f 3749 3750 3748 
f 3749 3751 3750 
f 3751 3752 3750 
f 3751 3753 3752 
f 3753 3754 3752 
f 3753 3755 3754 
f 3755 3756 3754 
f 3755 3757 3756 
f 3757 3758 3756 
f 3757 3759 3758 
f 3759 3760 3758 
f 3759 3745 3760 
f 3745 3746 3760 
f 3761 3747 3745 
f 3761 3749 3747 
f 3761 3751 3749 
f 3761 3753 3751 
f 3761 3755 3753 
f 3761 3757 3755 
f 3761 3759 3757 
f 3761 3745 3759 
f 3762 3746 3748 
f 3762 3748 3750 
f 3762 3750 3752 
f 3762 3752 3754 
f 3762 3754 3756 
f 3762 3756 3758 
f 3762 3758 3760 
f 3762 3760 3746 
f 3763 3765 3764 
f 3765 3766 3764 
f 3765 3767 3766 
f 3767 3768 3766 
f 3767 3769 3768 
f 3769 3770 3768 
f 3769 3771 3770 
f 3771 3772 3770 
f 3771 3773 3772 
f 3773 3774 3772 
f 3773 3775 3774 
f 3775 3776 3774 
f 3775 3777 3776 
f 3777 3778 3776 
f 3777 3763 3778 
f 3763 3764 3778 
f 3779 3765 3763 
f 3779 3767 3765 
f 3779 3769 3767 
f 3779 3771 3769 
f 3779 3773 3771 
f 3779 3775 3773 
f 3779 3777 3775 
f 3779 3763 3777 
f 3780 3764 3766 
f 3780 3766 3768 
f 3780 3768 3770 
f 3780 3770 3772 
f 3780 3772 3774 
f 3780 3774 3776 
f 3780 3776 3778 
f 3780 3778 3764 
f 3781 3783 3782 
f 3783 3784 3782 
f 3783 3785 3784 
f 3785 3786 3784 
f 3785 3787 3786 
f 3787 3788 3786 
f 3787 3789 3788 
f 3789 3790 3788 
f 3789 3791 3790 
f 3791 3792 3790 
f 3791 3793 3792 
f 3793 3794 3792 
f 3793 3795 3794 
f 3795 3796 3794 
f 3795 3781 3796 
f 3781 3782 3796 
f 3797 3783 3781 
f 3797 3785 3783 
f 3797 3787 3785 
f 3797 3789 3787 
f 3797 3791 3789 
f 3797 3793 3791 
f 3797 3795 3793 
f 3797 3781 3795 
f 3798 3782 3784 
f 3798 3784 3786 
f 3798 3786 3788 
f 3798 3788 3790 
f 3798 3790 3792 
f 3798 3792 3794 
f 3798 3794 3796 
f 3798 3796 3782 
f 3799 3801 3800 
f 3801 3802 3800 
f 3801 3803 3802 
f 3803 3804 3802 
f 3803 3805 3804 
f 3805 3806 3804 
f 3805 3807 3806 
f 3807 3808 3806 
f 3807 3809 3808 
f 3809 3810 3808 
f 3809 3811 3810 
f 3811 3812 3810 
f 3811 3813 3812 
f 3813 3814 3812 
f 3813 3799 3814 
f 3799 3800 3814 
f 3815 3801 3799 
f 3815 3803 3801 
f 3815 3805 3803 
f 3815 3807 3805 
f 3815 3809 3807 
f 3815 3811 3809 
f 3815 3813 3811 
f 3815 3799 3813 
f 3816 3800 3802 
f 3816 3802 3804 
f 3816 3804 3806 
f 3816 3806 3808 
f 3816 3808 3810 
f 3816 3810 3812 
f 3816 3812 3814 
f 3816 3814 3800 
f 3817 3819 3818 
f 3819 3820 3818 
f 3819 3821 3820 
f 3821 3822 3820 
f 3821 3823 3822 
f 3823 3824 3822 
f 3823 3825 3824 
f 3825 3826 3824 
f 3825 3827 3826 
f 3827 3828 3826 
f 3827 3829 3828 
f 3829 3830 3828 
f 3829 3831 3830 
f 3831 3832 3830 
f 3831 3817 3832 
f 3817 3818 3832 
f 3833 3819 3817 
f 3833 3821 3819 
f 3833 3823 3821 
f 3833 3825 3823 
f 3833 3827 3825 
f 3833 3829 3827 
f 3833 3831 3829 
f 3833 3817 3831 
f 3834 3818 3820 
f 3834 3820 3822 
f 3834 3822 3824 
f 3834 3824 3826 
f 3834 3826 3828 
f 3834 3828 3830 
f 3834 3830 3832 
f 3834 3832 3818 
f 3835 3837 3836 
f 3837 3838 3836 
f 3837 3839 3838 
f 3839 3840 3838 
f 3839 3841 3840 
f 3841 3842 3840 
f 3841 3843 3842 
f 3843 3844 3842 
f 3843 3845 3844 
f 3845 3846 3844 
f 3845 3847 3846 
f 3847 3848 3846 
f 3847 3849 3848 
f 3849 3850 3848 
f 3849 3835 3850 
f 3835 3836 3850 
f 3851 3837 3835 
f 3851 3839 3837 
f 3851 3841 3839 
f 3851 3843 3841 
f 3851 3845 3843 
f 3851 3847 3845 
f 3851 3849 3847 
f 3851 3835 3849 
f 3852 3836 3838 
f 3852 3838 3840 
f 3852 3840 3842 
f 3852 3842 3844 
f 3852 3844 3846 
f 3852 3846 3848 
f 3852 3848 3850 
f 3852 3850 3836 
f 3853 3855 3854 
f 3855 3856 3854 
f 3855 3857 3856 
f 3857 3858 3856 
f 3857 3859 3858 
f 3859 3860 3858 
f 3859 3861 3860 
f 3861 3862 3860 
f 3861 3863 3862 
f 3863 3864 3862 
f 3863 3865 3864 
f 3865 3866 3864 
f 3865 3867 3866 
f 3867 3868 3866 
f 3867 3853 3868 
f 3853 3854 3868 
f 3869 3855 3853 
f 3869 3857 3855 
f 3869 3859 3857 
f 3869 3861 3859 
f 3869 3863 3861 
f 3869 3865 3863 
f 3869 3867 3865 
f 3869 3853 3867 
f 3870 3854 3856 
f 3870 3856 3858 
f 3870 3858 3860 
f 3870 3860 3862 
f 3870 3862 3864 
f 3870 3864 3866 
f 3870 3866 3868 
f 3870 3868 3854 
f 3871 3873 3872 
f 3873 3874 3872 
f 3873 3875 3874 
f 3875 3876 3874 
f 3875 3877 3876 
f 3877 3878 3876 
f 3877 3879 3878 
f 3879 3880 3878 
f 3879 3881 3880 
f 3881 3882 3880 
f 3881 3883 3882 
f 3883 3884 3882 
f 3883 3885 3884 
f 3885 3886 3884 
f 3885 3871 3886 
f 3871 3872 3886 
f 3887 3873 3871 
f 3887 3875 3873 
f 3887 3877 3875 
f 3887 3879 3877 
f 3887 3881 3879 
f 3887 3883 3881 
f 3887 3885 3883 
f 3887 3871 3885 
f 3888 3872 3874 
f 3888 3874 3876 
f 3888 3876 3878 
f 3888 3878 3880 
f 3888 3880 3882 
f 3888 3882 3884 
f 3888 3884 3886 
f 3888 3886 3872 
f 3889 3891 3890 
f 3891 3892 3890 
f 3891 3893 3892 
f 3893 3894 3892 
f 3893 3895 3894 
f 3895 3896 3894 
f 3895 3897 3896 
f 3897 3898 3896 
f 3897 3899 3898 
f 3899 3900 3898 
f 3899 3901 3900 
f 3901 3902 3900 
f 3901 3903 3902 
f 3903 3904 3902 
f 3903 3889 3904 
f 3889 3890 3904 
f 3905 3891 3889 
f 3905 3893 3891 
f 3905 3895 3893 
f 3905 3897 3895 
f 3905 3899 3897 
f 3905 3901 3899 
f 3905 3903 3901 
f 3905 3889 3903 
f 3906 3890 3892 
f 3906 3892 3894 
f 3906 3894 3896 
f 3906 3896 3898 
f 3906 3898 3900 
f 3906 3900 3902 
f 3906 3902 3904 
f 3906 3904 3890 
f 3907 3909 3908 
f 3909 3910 3908 
f 3909 3911 3910 
f 3911 3912 3910 
f 3911 3913 3912 
f 3913 3914 3912 
f 3913 3915 3914 
f 3915 3916 3914 
f 3915 3917 3916 
f 3917 3918 3916 
f 3917 3919 3918 
f 3919 3920 3918 
f 3919 3921 3920 
f 3921 3922 3920 
f 3921 3907 3922 
f 3907 3908 3922 
f 3923 3909 3907 
f 3923 3911 3909 
f 3923 3913 3911 
f 3923 3915 3913 
f 3923 3917 3915 
f 3923 3919 3917 
f 3923 3921 3919 
f 3923 3907 3921 
f 3924 3908 3910 
f 3924 3910 3912 
f 3924 3912 3914 
f 3924 3914 3916 
f 3924 3916 3918 
f 3924 3918 3920 
f 3924 3920 3922 
f 3924 3922 3908 
f 3925 3927 3926 
f 3927 3928 3926 
f 3927 3929 3928 
f 3929 3930 3928 
f 3929 3931 3930 
f 3931 3932 3930 
f 3931 3933 3932 
f 3933 3934 3932 
f 3933 3935 3934 
f 3935 3936 3934 
f 3935 3937 3936 
f 3937 3938 3936 
f 3937 3939 3938 
f 3939 3940 3938 
f 3939 3925 3940 
f 3925 3926 3940 
f 3941 3927 3925 
f 3941 3929 3927 
f 3941 3931 3929 
f 3941 3933 3931 
f 3941 3935 3933 
f 3941 3937 3935 
f 3941 3939 3937 
f 3941 3925 3939 
f 3942 3926 3928 
f 3942 3928 3930 
f 3942 3930 3932 
f 3942 3932 3934 
f 3942 3934 3936 
f 3942 3936 3938 
f 3942 3938 3940 
f 3942 3940 3926 
f 3943 3945 3944 
f 3945 3946 3944 
f 3945 3947 3946 
f 3947 3948 3946 
f 3947 3949 3948 
f 3949 3950 3948 
f 3949 3951 3950 
f 3951 3952 3950 
f 3951 3953 3952 
f 3953 3954 3952 
f 3953 3955 3954 
f 3955 3956 3954 
f 3955 3957 3956 
f 3957 3958 3956 
f 3957 3943 3958 
f 3943 3944 3958 
f 3959 3945 3943 
f 3959 3947 3945 
f 3959 3949 3947 
f 3959 3951 3949 
f 3959 3953 3951 
f 3959 3955 3953 
f 3959 3957 3955 
f 3959 3943 3957 
f 3960 3944 3946 
f 3960 3946 3948 
f 3960 3948 3950 
f 3960 3950 3952 
f 3960 3952 3954 
f 3960 3954 3956 
f 3960 3956 3958 
f 3960 3958 3944 
f 3961 3963 3962 
f 3963 3964 3962 
f 3963 3965 3964 
f 3965 3966 3964 
f 3965 3967 3966 
f 3967 3968 3966 
f 3967 3969 3968 
f 3969 3970 3968 
f 3969 3971 3970 
f 3971 3972 3970 
f 3971 3973 3972 
f 3973 3974 3972 
f 3973 3975 3974 
f 3975 3976 3974 
f 3975 3961 3976 
f 3961 3962 3976 
f 3977 3963 3961 
f 3977 3965 3963 
f 3977 3967 3965 
f 3977 3969 3967 
f 3977 3971 3969 
f 3977 3973 3971 
f 3977 3975 3973 
f 3977 3961 3975 
f 3978 3962 3964 
f 3978 3964 3966 
f 3978 3966 3968 
f 3978 3968 3970 
f 3978 3970 3972 
f 3978 3972 3974 
f 3978 3974 3976 
f 3978 3976 3962 
f 3979 3981 3980 
f 3981 3982 3980 
f 3981 3983 3982 
f 3983 3984 3982 
f 3983 3985 3984 
f 3985 3986 3984 
f 3985 3987 3986 
f 3987 3988 3986 
f 3987 3989 3988 
f 3989 3990 3988 
f 3989 3991 3990 
f 3991 3992 3990 
f 3991 3993 3992 
f 3993 3994 3992 
f 3993 3979 3994 
f 3979 3980 3994 
f 3995 3981 3979 
f 3995 3983 3981 
f 3995 3985 3983 
f 3995 3987 3985 
f 3995 3989 3987 
f 3995 3991 3989 
f 3995 3993 3991 
f 3995 3979 3993 
f 3996 3980 3982 
f 3996 3982 3984 
f 3996 3984 3986 
f 3996 3986 3988 
f 3996 3988 3990 
f 3996 3990 3992 
f 3996 3992 3994 
f 3996 3994 3980 
f 3997 3999 3998 
f 3999 4000 3998 
f 3999 4001 4000 
f 4001 4002 4000 
f 4001 4003 4002 
f 4003 4004 4002 
f 4003 4005 4004 
f 4005 4006 4004 
f 4005 4007 4006 
f 4007 4008 4006 
f 4007 4009 4008 
f 4009 4010 4008 
f 4009 4011 4010 
f 4011 4012 4010 
f 4011 3997 4012 
f 3997 3998 4012 
f 4013 3999 3997 
f 4013 4001 3999 
f 4013 4003 4001 
f 4013 4005 4003 
f 4013 4007 4005 
f 4013 4009 4007 
f 4013 4011 4009 
f 4013 3997 4011 
f 4014 3998 4000 
f 4014 4000 4002 
f 4014 4002 4004 
f 4014 4004 4006 
f 4014 4006 4008 
f 4014 4008 4010 
f 4014 4010 4012 
f 4014 4012 3998 
f 4015 4017 4016 
f 4017 4018 4016 
f 4017 4019 4018 
f 4019 4020 4018 
f 4019 4021 4020 
f 4021 4022 4020 
f 4021 4023 4022 
f 4023 4024 4022 
f 4023 4025 4024 
f 4025 4026 4024 
f 4025 4027 4026 
f 4027 4028 4026 
f 4027 4029 4028 
f 4029 4030 4028 
f 4029 4015 4030 
f 4015 4016 4030 
f 4031 4017 4015 
f 4031 4019 4017 
f 4031 4021 4019 
f 4031 4023 4021 
f 4031 4025 4023 
f 4031 4027 4025 
f 4031 4029 4027 
f 4031 4015 4029 
f 4032 4016 4018 
f 4032 4018 4020 
f 4032 4020 4022 
f 4032 4022 4024 
f 4032 4024 4026 
f 4032 4026 4028 
f 4032 4028 4030 
f 4032 4030 4016 
f 4033 4035 4034 
f 4035 4036 4034 
f 4035 4037 4036 
f 4037 4038 4036 
f 4037 4039 4038 
f 4039 4040 4038 
f 4039 4041 4040 
f 4041 4042 4040 
f 4041 4043 4042 
f 4043 4044 4042 
f 4043 4045 4044 
f 4045 4046 4044 
f 4045 4047 4046 
f 4047 4048 4046 
f 4047 4033 4048 
f 4033 4034 4048 
f 4049 4035 4033 
f 4049 4037 4035 
f 4049 4039 4037 
f 4049 4041 4039 
f 4049 4043 4041 
f 4049 4045 4043 
f 4049 4047 4045 
f 4049 4033 4047 
f 4050 4034 4036 
f 4050 4036 4038 
f 4050 4038 4040 
f 4050 4040 4042 
f 4050 4042 4044 
f 4050 4044 4046 
f 4050 4046 4048 
f 4050 4048 4034 
f 4051 4053 4052 
f 4053 4054 4052 
f 4053 4055 4054 
f 4055 4056 4054 
f 4055 4057 4056 
f 4057 4058 4056 
f 4057 4059 4058 
f 4059 4060 4058 
f 4059 4061 4060 
f 4061 4062 4060 
f 4061 4063 4062 
f 4063 4064 4062 
f 4063 4065 4064 
f 4065 4066 4064 
f 4065 4051 4066 
f 4051 4052 4066 
f 4067 4053 4051 
f 4067 4055 4053 
f 4067 4057 4055 
f 4067 4059 4057 
f 4067 4061 4059 
f 4067 4063 4061 
f 4067 4065 4063 
f 4067 4051 4065 
f 4068 4052 4054 
f 4068 4054 4056 
f 4068 4056 4058 
f 4068 4058 4060 
f 4068 4060 4062 
f 4068 4062 4064 
f 4068 4064 4066 
f 4068 4066 4052 
f 4069 4071 4070 
f 4071 4072 4070 
f 4071 4073 4072 
f 4073 4074 4072 
f 4073 4075 4074 
f 4075 4076 4074 
f 4075 4077 4076 
f 4077 4078 4076 
f 4077 4079 4078 
f 4079 4080 4078 
f 4079 4081 4080 
f 4081 4082 4080 
f 4081 4083 4082 
f 4083 4084 4082 
f 4083 4069 4084 
f 4069 4070 4084 
f 4085 4071 4069 
f 4085 4073 4071 
f 4085 4075 4073 
f 4085 4077 4075 
f 4085 4079 4077 
f 4085 4081 4079 
f 4085 4083 4081 
f 4085 4069 4083 
f 4086 4070 4072 
f 4086 4072 4074 
f 4086 4074 4076 
f 4086 4076 4078 
f 4086 4078 4080 
f 4086 4080 4082 
f 4086 4082 4084 
f 4086 4084 4070 
f 4087 4089 4088 
f 4089 4090 4088 
f 4089 4091 4090 
f 4091 4092 4090 
f 4091 4093 4092 
f 4093 4094 4092 
f 4093 4095 4094 
f 4095 4096 4094 
f 4095 4097 4096 
f 4097 4098 4096 
f 4097 4099 4098 
f 4099 4100 4098 
f 4099 4101 4100 
f 4101 4102 4100 
f 4101 4087 4102 
f 4087 4088 4102 
f 4103 4089 4087 
f 4103 4091 4089 
f 4103 4093 4091 
f 4103 4095 4093 
f 4103 4097 4095 
f 4103 4099 4097 
f 4103 4101 4099 
f 4103 4087 4101 
f 4104 4088 4090 
f 4104 4090 4092 
f 4104 4092 4094 
f 4104 4094 4096 
f 4104 4096 4098 
f 4104 4098 4100 
f 4104 4100 4102 
f 4104 4102 4088 
f 4105 4107 4106 
f 4107 4108 4106 
f 4107 4109 4108 
f 4109 4110 4108 
f 4109 4111 4110 
f 4111 4112 4110 
f 4111 4113 4112 
f 4113 4114 4112 
f 4113 4115 4114 
f 4115 4116 4114 
f 4115 4117 4116 
f 4117 4118 4116 
f 4117 4119 4118 
f 4119 4120 4118 
f 4119 4105 4120 
f 4105 4106 4120 
f 4121 4107 4105 
f 4121 4109 4107 
f 4121 4111 4109 
f 4121 4113 4111 
f 4121 4115 4113 
f 4121 4117 4115 
f 4121 4119 4117 
f 4121 4105 4119 
f 4122 4106 4108 
f 4122 4108 4110 
f 4122 4110 4112 
f 4122 4112 4114 
f 4122 4114 4116 
f 4122 4116 4118 
f 4122 4118 4120 
f 4122 4120 4106 
f 4123 4125 4124 
f 4125 4126 4124 
f 4125 4127 4126 
f 4127 4128 4126 
f 4127 4129 4128 
f 4129 4130 4128 
f 4129 4131 4130 
f 4131 4132 4130 
f 4131 4133 4132 
f 4133 4134 4132 
f 4133 4135 4134 
f 4135 4136 4134 
f 4135 4137 4136 
f 4137 4138 4136 
f 4137 4123 4138 
f 4123 4124 4138 
f 4139 4125 4123 
f 4139 4127 4125 
f 4139 4129 4127 
f 4139 4131 4129 
f 4139 4133 4131 
f 4139 4135 4133 
f 4139 4137 4135 
f 4139 4123 4137 
f 4140 4124 4126 
f 4140 4126 4128 
f 4140 4128 4130 
f 4140 4130 4132 
f 4140 4132 4134 
f 4140 4134 4136 
f 4140 4136 4138 
f 4140 4138 4124 
f 4141 4143 4142 
f 4143 4144 4142 
f 4143 4145 4144 
f 4145 4146 4144 
f 4145 4147 4146 
f 4147 4148 4146 
f 4147 4149 4148 
f 4149 4150 4148 
f 4149 4151 4150 
f 4151 4152 4150 
f 4151 4153 4152 
f 4153 4154 4152 
f 4153 4155 4154 
f 4155 4156 4154 
f 4155 4141 4156 
f 4141 4142 4156 
f 4157 4143 4141 
f 4157 4145 4143 
f 4157 4147 4145 
f 4157 4149 4147 
f 4157 4151 4149 
f 4157 4153 4151 
f 4157 4155 4153 
f 4157 4141 4155 
f 4158 4142 4144 
f 4158 4144 4146 
f 4158 4146 4148 
f 4158 4148 4150 
f 4158 4150 4152 
f 4158 4152 4154 
f 4158 4154 4156 
f 4158 4156 4142 
f 4159 4161 4160 
f 4161 4162 4160 
f 4161 4163 4162 
f 4163 4164 4162 
f 4163 4165 4164 
f 4165 4166 4164 
f 4165 4167 4166 
f 4167 4168 4166 
f 4167 4169 4168 
f 4169 4170 4168 
f 4169 4171 4170 
f 4171 4172 4170 
f 4171 4173 4172 
f 4173 4174 4172 
f 4173 4159 4174 
f 4159 4160 4174 
f 4175 4161 4159 
f 4175 4163 4161 
f 4175 4165 4163 
f 4175 4167 4165 
f 4175 4169 4167 
f 4175 4171 4169 
f 4175 4173 4171 
f 4175 4159 4173 
f 4176 4160 4162 
f 4176 4162 4164 
f 4176 4164 4166 
f 4176 4166 4168 
f 4176 4168 4170 
f 4176 4170 4172 
f 4176 4172 4174 
f 4176 4174 4160 
f 4177 4179 4178 
f 4179 4180 4178 
f 4179 4181 4180 
f 4181 4182 4180 
f 4181 4183 4182 
f 4183 4184 4182 
f 4183 4185 4184 
f 4185 4186 4184 
f 4185 4187 4186 
f 4187 4188 4186 
f 4187 4189 4188 
f 4189 4190 4188 
f 4189 4191 4190 
f 4191 4192 4190 
f 4191 4177 4192 
f 4177 4178 4192 
f 4193 4179 4177 
f 4193 4181 4179 
f 4193 4183 4181 
f 4193 4185 4183 
f 4193 4187 4185 
f 4193 4189 4187 
f 4193 4191 4189 
f 4193 4177 4191 
f 4194 4178 4180 
f 4194 4180 4182 
f 4194 4182 4184 
f 4194 4184 4186 
f 4194 4186 4188 
f 4194 4188 4190 
f 4194 4190 4192 
f 4194 4192 4178 
f 4195 4197 4196 
f 4197 4198 4196 
f 4197 4199 4198 
f 4199 4200 4198 
f 4199 4201 4200 
f 4201 4202 4200 
f 4201 4203 4202 
f 4203 4204 4202 
f 4203 4205 4204 
f 4205 4206 4204 
f 4205 4207 4206 
f 4207 4208 4206 
f 4207 4209 4208 
f 4209 4210 4208 
f 4209 4195 4210 
f 4195 4196 4210 
f 4211 4197 4195 
f 4211 4199 4197 
f 4211 4201 4199 
f 4211 4203 4201 
f 4211 4205 4203 
f 4211 4207 4205 
f 4211 4209 4207 
f 4211 4195 4209 
f 4212 4196 4198 
f 4212 4198 4200 
f 4212 4200 4202 
f 4212 4202 4204 
f 4212 4204 4206 
f 4212 4206 4208 
f 4212 4208 4210 
f 4212 4210 4196 
f 4213 4215 4214 
f 4215 4216 4214 
f 4215 4217 4216 
f 4217 4218 4216 
f 4217 4219 4218 
f 4219 4220 4218 
f 4219 4221 4220 
f 4221 4222 4220 
f 4221 4223 4222 
f 4223 4224 4222 
f 4223 4225 4224 
f 4225 4226 4224 
f 4225 4227 4226 
f 4227 4228 4226 
f 4227 4213 4228 
f 4213 4214 4228 
f 4229 4215 4213 
f 4229 4217 4215 
f 4229 4219 4217 
f 4229 4221 4219 
f 4229 4223 4221 
f 4229 4225 4223 
f 4229 4227 4225 
f 4229 4213 4227 
f 4230 4214 4216 
f 4230 4216 4218 
f 4230 4218 4220 
f 4230 4220 4222 
f 4230 4222 4224 
f 4230 4224 4226 
f 4230 4226 4228 
f 4230 4228 4214 
f 4231 4233 4232 
f 4233 4234 4232 
f 4233 4235 4234 
f 4235 4236 4234 
f 4235 4237 4236 
f 4237 4238 4236 
f 4237 4239 4238 
f 4239 4240 4238 
f 4239 4241 4240 
f 4241 4242 4240 
f 4241 4243 4242 
f 4243 4244 4242 
f 4243 4245 4244 
f 4245 4246 4244 
f 4245 4231 4246 
f 4231 4232 4246 
f 4247 4233 4231 
f 4247 4235 4233 
f 4247 4237 4235 
f 4247 4239 4237 
f 4247 4241 4239 
f 4247 4243 4241 
f 4247 4245 4243 
f 4247 4231 4245 
f 4248 4232 4234 
f 4248 4234 4236 
f 4248 4236 4238 
f 4248 4238 4240 
f 4248 4240 4242 
f 4248 4242 4244 
f 4248 4244 4246 
f 4248 4246 4232 
f 4249 4251 4250 
f 4251 4252 4250 
f 4251 4253 4252 
f 4253 4254 4252 
f 4253 4255 4254 
f 4255 4256 4254 
f 4255 4257 4256 
f 4257 4258 4256 
f 4257 4259 4258 
f 4259 4260 4258 
f 4259 4261 4260 
f 4261 4262 4260 
f 4261 4263 4262 
f 4263 4264 4262 
f 4263 4249 4264 
f 4249 4250 4264 
f 4265 4251 4249 
f 4265 4253 4251 
f 4265 4255 4253 
f 4265 4257 4255 
f 4265 4259 4257 
f 4265 4261 4259 
f 4265 4263 4261 
f 4265 4249 4263 
f 4266 4250 4252 
f 4266 4252 4254 
f 4266 4254 4256 
f 4266 4256 4258 
f 4266 4258 4260 
f 4266 4260 4262 
f 4266 4262 4264 
f 4266 4264 4250 
f 4267 4269 4268 
f 4269 4270 4268 
f 4269 4271 4270 
f 4271 4272 4270 
f 4271 4273 4272 
f 4273 4274 4272 
f 4273 4275 4274 
f 4275 4276 4274 
f 4275 4277 4276 
f 4277 4278 4276 
f 4277 4279 4278 
f 4279 4280 4278 
f 4279 4281 4280 
f 4281 4282 4280 
f 4281 4267 4282 
f 4267 4268 4282 
f 4283 4269 4267 
f 4283 4271 4269 
f 4283 4273 4271 
f 4283 4275 4273 
f 4283 4277 4275 
f 4283 4279 4277 
f 4283 4281 4279 
f 4283 4267 4281 
f 4284 4268 4270 
f 4284 4270 4272 
f 4284 4272 4274 
f 4284 4274 4276 
f 4284 4276 4278 
f 4284 4278 4280 
f 4284 4280 4282 
f 4284 4282 4268 
f 4285 4287 4286 
f 4287 4288 4286 
f 4287 4289 4288 
f 4289 4290 4288 
f 4289 4291 4290 
f 4291 4292 4290 
f 4291 4293 4292 
f 4293 4294 4292 
f 4293 4295 4294 
f 4295 4296 4294 
f 4295 4297 4296 
f 4297 4298 4296 
f 4297 4299 4298 
f 4299 4300 4298 
f 4299 4285 4300 
f 4285 4286 4300 
f 4301 4287 4285 
f 4301 4289 4287 
f 4301 4291 4289 
f 4301 4293 4291 
f 4301 4295 4293 
f 4301 4297 4295 
f 4301 4299 4297 
f 4301 4285 4299 
f 4302 4286 4288 
f 4302 4288 4290 
f 4302 4290 4292 
f 4302 4292 4294 
f 4302 4294 4296 
f 4302 4296 4298 
f 4302 4298 4300 
f 4302 4300 4286 
f 4303 4305 4304 
f 4305 4306 4304 
f 4305 4307 4306 
f 4307 4308 4306 
f 4307 4309 4308 
f 4309 4310 4308 
f 4309 4311 4310 
f 4311 4312 4310 
f 4311 4313 4312 
f 4313 4314 4312 
f 4313 4315 4314 
f 4315 4316 4314 
f 4315 4317 4316 
f 4317 4318 4316 
f 4317 4303 4318 
f 4303 4304 4318 
f 4319 4305 4303 
f 4319 4307 4305 
f 4319 4309 4307 
f 4319 4311 4309 
f 4319 4313 4311 
f 4319 4315 4313 
f 4319 4317 4315 
f 4319 4303 4317 
f 4320 4304 4306 
f 4320 4306 4308 
f 4320 4308 4310 
f 4320 4310 4312 
f 4320 4312 4314 
f 4320 4314 4316 
f 4320 4316 4318 
f 4320 4318 4304 
f 4321 4323 4322 
f 4323 4324 4322 
f 4323 4325 4324 
f 4325 4326 4324 
f 4325 4327 4326 
f 4327 4328 4326 
f 4327 4329 4328 
f 4329 4330 4328 
f 4329 4331 4330 
f 4331 4332 4330 
f 4331 4333 4332 
f 4333 4334 4332 
f 4333 4335 4334 
f 4335 4336 4334 
f 4335 4321 4336 
f 4321 4322 4336 
f 4337 4323 4321 
f 4337 4325 4323 
f 4337 4327 4325 
f 4337 4329 4327 
f 4337 4331 4329 
f 4337 4333 4331 
f 4337 4335 4333 
f 4337 4321 4335 
f 4338 4322 4324 
f 4338 4324 4326 
f 4338 4326 4328 
f 4338 4328 4330 
f 4338 4330 4332 
f 4338 4332 4334 
f 4338 4334 4336 
f 4338 4336 4322 
f 4339 4341 4340 
f 4341 4342 4340 
f 4341 4343 4342 
f 4343 4344 4342 
f 4343 4345 4344 
f 4345 4346 4344 
f 4345 4347 4346 
f 4347 4348 4346 
f 4347 4349 4348 
f 4349 4350 4348 
f 4349 4351 4350 
f 4351 4352 4350 
f 4351 4353 4352 
f 4353 4354 4352 
f 4353 4339 4354 
f 4339 4340 4354 
f 4355 4341 4339 
f 4355 4343 4341 
f 4355 4345 4343 
f 4355 4347 4345 
f 4355 4349 4347 
f 4355 4351 4349 
f 4355 4353 4351 
f 4355 4339 4353 
f 4356 4340 4342 
f 4356 4342 4344 
f 4356 4344 4346 
f 4356 4346 4348 
f 4356 4348 4350 
f 4356 4350 4352 
f 4356 4352 4354 
f 4356 4354 4340 
f 4357 4359 4358 
f 4359 4360 4358 
f 4359 4361 4360 
f 4361 4362 4360 
f 4361 4363 4362 
f 4363 4364 4362 
f 4363 4365 4364 
f 4365 4366 4364 
f 4365 4367 4366 
f 4367 4368 4366 
f 4367 4369 4368 
f 4369 4370 4368 
f 4369 4371 4370 
f 4371 4372 4370 
f 4371 4357 4372 
f 4357 4358 4372 
f 4373 4359 4357 
f 4373 4361 4359 
f 4373 4363 4361 
f 4373 4365 4363 
f 4373 4367 4365 
f 4373 4369 4367 
f 4373 4371 4369 
f 4373 4357 4371 
f 4374 4358 4360 
f 4374 4360 4362 
f 4374 4362 4364 
f 4374 4364 4366 
f 4374 4366 4368 
f 4374 4368 4370 
f 4374 4370 4372 
f 4374 4372 4358 
f 4375 4377 4376 
f 4377 4378 4376 
f 4377 4379 4378 
f 4379 4380 4378 
f 4379 4381 4380 
f 4381 4382 4380 
f 4381 4383 4382 
f 4383 4384 4382 
f 4383 4385 4384 
f 4385 4386 4384 
f 4385 4387 4386 
f 4387 4388 4386 
f 4387 4389 4388 
f 4389 4390 4388 
f 4389 4375 4390 
f 4375 4376 4390 
f 4391 4377 4375 
f 4391 4379 4377 
f 4391 4381 4379 
f 4391 4383 4381 
f 4391 4385 4383 
f 4391 4387 4385 
f 4391 4389 4387 
f 4391 4375 4389 
f 4392 4376 4378 
f 4392 4378 4380 
f 4392 4380 4382 
f 4392 4382 4384 
f 4392 4384 4386 
f 4392 4386 4388 
f 4392 4388 4390 
f 4392 4390 4376 
f 4393 4395 4394 
f 4395 4396 4394 
f 4395 4397 4396 
f 4397 4398 4396 
f 4397 4399 4398 
f 4399 4400 4398 
f 4399 4401 4400 
f 4401 4402 4400 
f 4401 4403 4402 
f 4403 4404 4402 
f 4403 4405 4404 
f 4405 4406 4404 
f 4405 4407 4406 
f 4407 4408 4406 
f 4407 4393 4408 
f 4393 4394 4408 
f 4409 4395 4393 
f 4409 4397 4395 
f 4409 4399 4397 
f 4409 4401 4399 
f 4409 4403 4401 
f 4409 4405 4403 
f 4409 4407 4405 
f 4409 4393 4407 
f 4410 4394 4396 
f 4410 4396 4398 
f 4410 4398 4400 
f 4410 4400 4402 
f 4410 4402 4404 
f 4410 4404 4406 
f 4410 4406 4408 
f 4410 4408 4394 
f 4411 4413 4412 
f 4413 4414 4412 
f 4413 4415 4414 
f 4415 4416 4414 
f 4415 4417 4416 
f 4417 4418 4416 
f 4417 4419 4418 
f 4419 4420 4418 
f 4419 4421 4420 
f 4421 4422 4420 
f 4421 4423 4422 
f 4423 4424 4422 
f 4423 4425 4424 
f 4425 4426 4424 
f 4425 4411 4426 
f 4411 4412 4426 
f 4427 4413 4411 
f 4427 4415 4413 
f 4427 4417 4415 
f 4427 4419 4417 
f 4427 4421 4419 
f 4427 4423 4421 
f 4427 4425 4423 
f 4427 4411 4425 
f 4428 4412 4414 
f 4428 4414 4416 
f 4428 4416 4418 
f 4428 4418 4420 
f 4428 4420 4422 
f 4428 4422 4424 
f 4428 4424 4426 
f 4428 4426 4412 
f 4429 4431 4430 
f 4431 4432 4430 
f 4431 4433 4432 
f 4433 4434 4432 
f 4433 4435 4434 
f 4435 4436 4434 
f 4435 4437 4436 
f 4437 4438 4436 
f 4437 4439 4438 
f 4439 4440 4438 
f 4439 4441 4440 
f 4441 4442 4440 
f 4441 4443 4442 
f 4443 4444 4442 
f 4443 4429 4444 
f 4429 4430 4444 
f 4445 4431 4429 
f 4445 4433 4431 
f 4445 4435 4433 
f 4445 4437 4435 
f 4445 4439 4437 
f 4445 4441 4439 
f 4445 4443 4441 
f 4445 4429 4443 
f 4446 4430 4432 
f 4446 4432 4434 
f 4446 4434 4436 
f 4446 4436 4438 
f 4446 4438 4440 
f 4446 4440 4442 
f 4446 4442 4444 
f 4446 4444 4430 
f 4447 4449 4448 
f 4449 4450 4448 
f 4449 4451 4450 
f 4451 4452 4450 
f 4451 4453 4452 
f 4453 4454 4452 
f 4453 4455 4454 
f 4455 4456 4454 
f 4455 4457 4456 
f 4457 4458 4456 
f 4457 4459 4458 
f 4459 4460 4458 
f 4459 4461 4460 
f 4461 4462 4460 
f 4461 4447 4462 
f 4447 4448 4462 
f 4463 4449 4447 
f 4463 4451 4449 
f 4463 4453 4451 
f 4463 4455 4453 
f 4463 4457 4455 
f 4463 4459 4457 
f 4463 4461 4459 
f 4463 4447 4461 
f 4464 4448 4450 
f 4464 4450 4452 
f 4464 4452 4454 
f 4464 4454 4456 
f 4464 4456 4458 
f 4464 4458 4460 
f 4464 4460 4462 
f 4464 4462 4448 
f 4465 4467 4466 
f 4467 4468 4466 
f 4467 4469 4468 
f 4469 4470 4468 
f 4469 4471 4470 
f 4471 4472 4470 
f 4471 4473 4472 
f 4473 4474 4472 
f 4473 4475 4474 
f 4475 4476 4474 
f 4475 4477 4476 
f 4477 4478 4476 
f 4477 4479 4478 
f 4479 4480 4478 
f 4479 4465 4480 
f 4465 4466 4480 
f 4481 4467 4465 
f 4481 4469 4467 
f 4481 4471 4469 
f 4481 4473 4471 
f 4481 4475 4473 
f 4481 4477 4475 
f 4481 4479 4477 
f 4481 4465 4479 
f 4482 4466 4468 
f 4482 4468 4470 
f 4482 4470 4472 
f 4482 4472 4474 
f 4482 4474 4476 
f 4482 4476 4478 
f 4482 4478 4480 
f 4482 4480 4466 
f 4483 4485 4484 
f 4485 4486 4484 
f 4485 4487 4486 
f 4487 4488 4486 
f 4487 4489 4488 
f 4489 4490 4488 
f 4489 4491 4490 
f 4491 4492 4490 
f 4491 4493 4492 
f 4493 4494 4492 
f 4493 4495 4494 
f 4495 4496 4494 
f 4495 4497 4496 
f 4497 4498 4496 
f 4497 4483 4498 
f 4483 4484 4498 
f 4499 4485 4483 
f 4499 4487 4485 
f 4499 4489 4487 
f 4499 4491 4489 
f 4499 4493 4491 
f 4499 4495 4493 
f 4499 4497 4495 
f 4499 4483 4497 
f 4500 4484 4486 
f 4500 4486 4488 
f 4500 4488 4490 
f 4500 4490 4492 
f 4500 4492 4494 
f 4500 4494 4496 
f 4500 4496 4498 
f 4500 4498 4484 
f 4501 4503 4502 
f 4503 4504 4502 
f 4503 4505 4504 
f 4505 4506 4504 
f 4505 4507 4506 
f 4507 4508 4506 
f 4507 4509 4508 
f 4509 4510 4508 
f 4509 4511 4510 
f 4511 4512 4510 
f 4511 4513 4512 
f 4513 4514 4512 
f 4513 4515 4514 
f 4515 4516 4514 
f 4515 4501 4516 
f 4501 4502 4516 
f 4517 4503 4501 
f 4517 4505 4503 
f 4517 4507 4505 
f 4517 4509 4507 
f 4517 4511 4509 
f 4517 4513 4511 
f 4517 4515 4513 
f 4517 4501 4515 
f 4518 4502 4504 
f 4518 4504 4506 
f 4518 4506 4508 
f 4518 4508 4510 
f 4518 4510 4512 
f 4518 4512 4514 
f 4518 4514 4516 
f 4518 4516 4502 
f 4519 4521 4520 
f 4521 4522 4520 
f 4521 4523 4522 
f 4523 4524 4522 
f 4523 4525 4524 
f 4525 4526 4524 
f 4525 4527 4526 
f 4527 4528 4526 
f 4527 4529 4528 
f 4529 4530 4528 
f 4529 4531 4530 
f 4531 4532 4530 
f 4531 4533 4532 
f 4533 4534 4532 
f 4533 4519 4534 
f 4519 4520 4534 
f 4535 4521 4519 
f 4535 4523 4521 
f 4535 4525 4523 
f 4535 4527 4525 
f 4535 4529 4527 
f 4535 4531 4529 
f 4535 4533 4531 
f 4535 4519 4533 
f 4536 4520 4522 
f 4536 4522 4524 
f 4536 4524 4526 
f 4536 4526 4528 
f 4536 4528 4530 
f 4536 4530 4532 
f 4536 4532 4534 
f 4536 4534 4520 
f 4537 4539 4538 
f 4539 4540 4538 
f 4539 4541 4540 
f 4541 4542 4540 
f 4541 4543 4542 
f 4543 4544 4542 
f 4543 4545 4544 
f 4545 4546 4544 
f 4545 4547 4546 
f 4547 4548 4546 
f 4547 4549 4548 
f 4549 4550 4548 
f 4549 4551 4550 
f 4551 4552 4550 
f 4551 4537 4552 
f 4537 4538 4552 
f 4553 4539 4537 
f 4553 4541 4539 
f 4553 4543 4541 
f 4553 4545 4543 
f 4553 4547 4545 
f 4553 4549 4547 
f 4553 4551 4549 
f 4553 4537 4551 
f 4554 4538 4540 
f 4554 4540 4542 
f 4554 4542 4544 
f 4554 4544 4546 
f 4554 4546 4548 
f 4554 4548 4550 
f 4554 4550 4552 
f 4554 4552 4538 
f 4555 4557 4556 
f 4557 4558 4556 
f 4557 4559 4558 
f 4559 4560 4558 
f 4559 4561 4560 
f 4561 4562 4560 
f 4561 4563 4562 
f 4563 4564 4562 
f 4563 4565 4564 
f 4565 4566 4564 
f 4565 4567 4566 
f 4567 4568 4566 
f 4567 4569 4568 
f 4569 4570 4568 
f 4569 4555 4570 
f 4555 4556 4570 
f 4571 4557 4555 
f 4571 4559 4557 
f 4571 4561 4559 
f 4571 4563 4561 
f 4571 4565 4563 
f 4571 4567 4565 
f 4571 4569 4567 
f 4571 4555 4569 
f 4572 4556 4558 
f 4572 4558 4560 
f 4572 4560 4562 
f 4572 4562 4564 
f 4572 4564 4566 
f 4572 4566 4568 
f 4572 4568 4570 
f 4572 4570 4556 
f 4573 4575 4574 
f 4575 4576 4574 
f 4575 4577 4576 
f 4577 4578 4576 
f 4577 4579 4578 
f 4579 4580 4578 
f 4579 4581 4580 
f 4581 4582 4580 
f 4581 4583 4582 
f 4583 4584 4582 
f 4583 4585 4584 
f 4585 4586 4584 
f 4585 4587 4586 
f 4587 4588 4586 
f 4587 4573 4588 
f 4573 4574 4588 
f 4589 4575 4573 
f 4589 4577 4575 
f 4589 4579 4577 
f 4589 4581 4579 
f 4589 4583 4581 
f 4589 4585 4583 
f 4589 4587 4585 
f 4589 4573 4587 
f 4590 4574 4576 
f 4590 4576 4578 
f 4590 4578 4580 
f 4590 4580 4582 
f 4590 4582 4584 
f 4590 4584 4586 
f 4590 4586 4588 
f 4590 4588 4574 
f 4591 4593 4592 
f 4593 4594 4592 
f 4593 4595 4594 
f 4595 4596 4594 
f 4595 4597 4596 
f 4597 4598 4596 
f 4597 4599 4598 
f 4599 4600 4598 
f 4599 4601 4600 
f 4601 4602 4600 
f 4601 4603 4602 
f 4603 4604 4602 
f 4603 4605 4604 
f 4605 4606 4604 
f 4605 4591 4606 
f 4591 4592 4606 
f 4607 4593 4591 
f 4607 4595 4593 
f 4607 4597 4595 
f 4607 4599 4597 
f 4607 4601 4599 
f 4607 4603 4601 
f 4607 4605 4603 
f 4607 4591 4605 
f 4608 4592 4594 
f 4608 4594 4596 
f 4608 4596 4598 
f 4608 4598 4600 
f 4608 4600 4602 
f 4608 4602 4604 
f 4608 4604 4606 
f 4608 4606 4592 
f 4609 4611 4610 
f 4611 4612 4610 
f 4611 4613 4612 
f 4613 4614 4612 
f 4613 4615 4614 
f 4615 4616 4614 
f 4615 4617 4616 
f 4617 4618 4616 
f 4617 4619 4618 
f 4619 4620 4618 
f 4619 4621 4620 
f 4621 4622 4620 
f 4621 4623 4622 
f 4623 4624 4622 
f 4623 4609 4624 
f 4609 4610 4624 
f 4625 4611 4609 
f 4625 4613 4611 
f 4625 4615 4613 
f 4625 4617 4615 
f 4625 4619 4617 
f 4625 4621 4619 
f 4625 4623 4621 
f 4625 4609 4623 
f 4626 4610 4612 
f 4626 4612 4614 
f 4626 4614 4616 
f 4626 4616 4618 
f 4626 4618 4620 
f 4626 4620 4622 
f 4626 4622 4624 
f 4626 4624 4610 
f 4627 4629 4628 
f 4629 4630 4628 
f 4629 4631 4630 
f 4631 4632 4630 
f 4631 4633 4632 
f 4633 4634 4632 
f 4633 4635 4634 
f 4635 4636 4634 
f 4635 4637 4636 
f 4637 4638 4636 
f 4637 4639 4638 
f 4639 4640 4638 
f 4639 4641 4640 
f 4641 4642 4640 
f 4641 4627 4642 
f 4627 4628 4642 
f 4643 4629 4627 
f 4643 4631 4629 
f 4643 4633 4631 
f 4643 4635 4633 
f 4643 4637 4635 
f 4643 4639 4637 
f 4643 4641 4639 
f 4643 4627 4641 
f 4644 4628 4630 
f 4644 4630 4632 
f 4644 4632 4634 
f 4644 4634 4636 
f 4644 4636 4638 
f 4644 4638 4640 
f 4644 4640 4642 
f 4644 4642 4628 
f 4645 4647 4646 
f 4647 4648 4646 
f 4647 4649 4648 
f 4649 4650 4648 
f 4649 4651 4650 
f 4651 4652 4650 
f 4651 4653 4652 
f 4653 4654 4652 
f 4653 4655 4654 
f 4655 4656 4654 
f 4655 4657 4656 
f 4657 4658 4656 
f 4657 4659 4658 
f 4659 4660 4658 
f 4659 4645 4660 
f 4645 4646 4660 
f 4661 4647 4645 
f 4661 4649 4647 
f 4661 4651 4649 
f 4661 4653 4651 
f 4661 4655 4653 
f 4661 4657 4655 
f 4661 4659 4657 
f 4661 4645 4659 
f 4662 4646 4648 
f 4662 4648 4650 
f 4662 4650 4652 
f 4662 4652 4654 
f 4662 4654 4656 
f 4662 4656 4658 
f 4662 4658 4660 
f 4662 4660 4646 
f 4663 4665 4664 
f 4665 4666 4664 
f 4665 4667 4666 
f 4667 4668 4666 
f 4667 4669 4668 
f 4669 4670 4668 
f 4669 4671 4670 
f 4671 4672 4670 
f 4671 4673 4672 
f 4673 4674 4672 
f 4673 4675 4674 
f 4675 4676 4674 
f 4675 4677 4676 
f 4677 4678 4676 
f 4677 4663 4678 
f 4663 4664 4678 
f 4679 4665 4663 
f 4679 4667 4665 
f 4679 4669 4667 
f 4679 4671 4669 
f 4679 4673 4671 
f 4679 4675 4673 
f 4679 4677 4675 
f 4679 4663 4677 
f 4680 4664 4666 
f 4680 4666 4668 
f 4680 4668 4670 
f 4680 4670 4672 
f 4680 4672 4674 
f 4680 4674 4676 
f 4680 4676 4678 
f 4680 4678 4664 
f 4681 4683 4682 
f 4683 4684 4682 
f 4683 4685 4684 
f 4685 4686 4684 
f 4685 4687 4686 
f 4687 4688 4686 
f 4687 4689 4688 
f 4689 4690 4688 
f 4689 4691 4690 
f 4691 4692 4690 
f 4691 4693 4692 
f 4693 4694 4692 
f 4693 4695 4694 
f 4695 4696 4694 
f 4695 4681 4696 
f 4681 4682 4696 
f 4697 4683 4681 
f 4697 4685 4683 
f 4697 4687 4685 
f 4697 4689 4687 
f 4697 4691 4689 
f 4697 4693 4691 
f 4697 4695 4693 
f 4697 4681 4695 
f 4698 4682 4684 
f 4698 4684 4686 
f 4698 4686 4688 
f 4698 4688 4690 
f 4698 4690 4692 
f 4698 4692 4694 
f 4698 4694 4696 
f 4698 4696 4682 
f 4699 4701 4700 
f 4701 4702 4700 
f 4701 4703 4702 
f 4703 4704 4702 
f 4703 4705 4704 
f 4705 4706 4704 
f 4705 4707 4706 
f 4707 4708 4706 
f 4707 4709 4708 
f 4709 4710 4708 
f 4709 4711 4710 
f 4711 4712 4710 
f 4711 4713 4712 
f 4713 4714 4712 
f 4713 4699 4714 
f 4699 4700 4714 
f 4715 4701 4699 
f 4715 4703 4701 
f 4715 4705 4703 
f 4715 4707 4705 
f 4715 4709 4707 
f 4715 4711 4709 
f 4715 4713 4711 
f 4715 4699 4713 
f 4716 4700 4702 
f 4716 4702 4704 
f 4716 4704 4706 
f 4716 4706 4708 
f 4716 4708 4710 
f 4716 4710 4712 
f 4716 4712 4714 
f 4716 4714 4700 
f 4717 4719 4718 
f 4719 4720 4718 
f 4719 4721 4720 
f 4721 4722 4720 
f 4721 4723 4722 
f 4723 4724 4722 
f 4723 4725 4724 
f 4725 4726 4724 
f 4725 4727 4726 
f 4727 4728 4726 
f 4727 4729 4728 
f 4729 4730 4728 
f 4729 4731 4730 
f 4731 4732 4730 
f 4731 4717 4732 
f 4717 4718 4732 
f 4733 4719 4717 
f 4733 4721 4719 
f 4733 4723 4721 
f 4733 4725 4723 
f 4733 4727 4725 
f 4733 4729 4727 
f 4733 4731 4729 
f 4733 4717 4731 
f 4734 4718 4720 
f 4734 4720 4722 
f 4734 4722 4724 
f 4734 4724 4726 
f 4734 4726 4728 
f 4734 4728 4730 
f 4734 4730 4732 
f 4734 4732 4718 
f 4735 4737 4736 
f 4737 4738 4736 
f 4737 4739 4738 
f 4739 4740 4738 
f 4739 4741 4740 
f 4741 4742 4740 
f 4741 4743 4742 
f 4743 4744 4742 
f 4743 4745 4744 
f 4745 4746 4744 
f 4745 4747 4746 
f 4747 4748 4746 
f 4747 4749 4748 
f 4749 4750 4748 
f 4749 4735 4750 
f 4735 4736 4750 
f 4751 4737 4735 
f 4751 4739 4737 
f 4751 4741 4739 
f 4751 4743 4741 
f 4751 4745 4743 
f 4751 4747 4745 
f 4751 4749 4747 
f 4751 4735 4749 
f 4752 4736 4738 
f 4752 4738 4740 
f 4752 4740 4742 
f 4752 4742 4744 
f 4752 4744 4746 
f 4752 4746 4748 
f 4752 4748 4750 
f 4752 4750 4736 
f 4753 4755 4754 
f 4755 4756 4754 
f 4755 4757 4756 
f 4757 4758 4756 
f 4757 4759 4758 
f 4759 4760 4758 
f 4759 4761 4760 
f 4761 4762 4760 
f 4761 4763 4762 
f 4763 4764 4762 
f 4763 4765 4764 
f 4765 4766 4764 
f 4765 4767 4766 
f 4767 4768 4766 
f 4767 4753 4768 
f 4753 4754 4768 
f 4769 4755 4753 
f 4769 4757 4755 
f 4769 4759 4757 
f 4769 4761 4759 
f 4769 4763 4761 
f 4769 4765 4763 
f 4769 4767 4765 
f 4769 4753 4767 
f 4770 4754 4756 
f 4770 4756 4758 
f 4770 4758 4760 
f 4770 4760 4762 
f 4770 4762 4764 
f 4770 4764 4766 
f 4770 4766 4768 
f 4770 4768 4754 
f 4771 4773 4772 
f 4773 4774 4772 
f 4773 4775 4774 
f 4775 4776 4774 
f 4775 4777 4776 
f 4777 4778 4776 
f 4777 4779 4778 
f 4779 4780 4778 
f 4779 4781 4780 
f 4781 4782 4780 
f 4781 4783 4782 
f 4783 4784 4782 
f 4783 4785 4784 
f 4785 4786 4784 
f 4785 4771 4786 
f 4771 4772 4786 
f 4787 4773 4771 
f 4787 4775 4773 
f 4787 4777 4775 
f 4787 4779 4777 
f 4787 4781 4779 
f 4787 4783 4781 
f 4787 4785 4783 
f 4787 4771 4785 
f 4788 4772 4774 
f 4788 4774 4776 
f 4788 4776 4778 
f 4788 4778 4780 
f 4788 4780 4782 
f 4788 4782 4784 
f 4788 4784 4786 
f 4788 4786 4772 
f 4789 4791 4790 
f 4791 4792 4790 
f 4791 4793 4792 
f 4793 4794 4792 
f 4793 4795 4794 
f 4795 4796 4794 
f 4795 4797 4796 
f 4797 4798 4796 
f 4797 4799 4798 
f 4799 4800 4798 
f 4799 4801 4800 
f 4801 4802 4800 
f 4801 4803 4802 
f 4803 4804 4802 
f 4803 4789 4804 
f 4789 4790 4804 
f 4805 4791 4789 
f 4805 4793 4791 
f 4805 4795 4793 
f 4805 4797 4795 
f 4805 4799 4797 
f 4805 4801 4799 
f 4805 4803 4801 
f 4805 4789 4803 
f 4806 4790 4792 
f 4806 4792 4794 
f 4806 4794 4796 
f 4806 4796 4798 
f 4806 4798 4800 
f 4806 4800 4802 
f 4806 4802 4804 
f 4806 4804 4790 
f 4807 4809 4808 
f 4809 4810 4808 
f 4809 4811 4810 
f 4811 4812 4810 
f 4811 4813 4812 
f 4813 4814 4812 
f 4813 4815 4814 
f 4815 4816 4814 
f 4815 4817 4816 
f 4817 4818 4816 
f 4817 4819 4818 
f 4819 4820 4818 
f 4819 4821 4820 
f 4821 4822 4820 
f 4821 4807 4822 
f 4807 4808 4822 
f 4823 4809 4807 
f 4823 4811 4809 
f 4823 4813 4811 
f 4823 4815 4813 
f 4823 4817 4815 
f 4823 4819 4817 
f 4823 4821 4819 
f 4823 4807 4821 
f 4824 4808 4810 
f 4824 4810 4812 
f 4824 4812 4814 
f 4824 4814 4816 
f 4824 4816 4818 
f 4824 4818 4820 
f 4824 4820 4822 
f 4824 4822 4808 
f 4825 4827 4826 
f 4827 4828 4826 
f 4827 4829 4828 
f 4829 4830 4828 
f 4829 4831 4830 
f 4831 4832 4830 
f 4831 4833 4832 
f 4833 4834 4832 
f 4833 4835 4834 
f 4835 4836 4834 
f 4835 4837 4836 
f 4837 4838 4836 
f 4837 4839 4838 
f 4839 4840 4838 
f 4839 4825 4840 
f 4825 4826 4840 
f 4841 4827 4825 
f 4841 4829 4827 
f 4841 4831 4829 
f 4841 4833 4831 
f 4841 4835 4833 
f 4841 4837 4835 
f 4841 4839 4837 
f 4841 4825 4839 
f 4842 4826 4828 
f 4842 4828 4830 
f 4842 4830 4832 
f 4842 4832 4834 
f 4842 4834 4836 
f 4842 4836 4838 
f 4842 4838 4840 
f 4842 4840 4826 
f 4843 4845 4844 
f 4845 4846 4844 
f 4845 4847 4846 
f 4847 4848 4846 
f 4847 4849 4848 
f 4849 4850 4848 
f 4849 4851 4850 
f 4851 4852 4850 
f 4851 4853 4852 
f 4853 4854 4852 
f 4853 4855 4854 
f 4855 4856 4854 
f 4855 4857 4856 
f 4857 4858 4856 
f 4857 4843 4858 
f 4843 4844 4858 
f 4859 4845 4843 
f 4859 4847 4845 
f 4859 4849 4847 
f 4859 4851 4849 
f 4859 4853 4851 
f 4859 4855 4853 
f 4859 4857 4855 
f 4859 4843 4857 
f 4860 4844 4846 
f 4860 4846 4848 
f 4860 4848 4850 
f 4860 4850 4852 
f 4860 4852 4854 
f 4860 4854 4856 
f 4860 4856 4858 
f 4860 4858 4844 
f 4861 4863 4862 
f 4863 4864 4862 
f 4863 4865 4864 
f 4865 4866 4864 
f 4865 4867 4866 
f 4867 4868 4866 
f 4867 4869 4868 
f 4869 4870 4868 
f 4869 4871 4870 
f 4871 4872 4870 
f 4871 4873 4872 
f 4873 4874 4872 
f 4873 4875 4874 
f 4875 4876 4874 
f 4875 4861 4876 
f 4861 4862 4876 
f 4877 4863 4861 
f 4877 4865 4863 
f 4877 4867 4865 
f 4877 4869 4867 
f 4877 4871 4869 
f 4877 4873 4871 
f 4877 4875 4873 
f 4877 4861 4875 
f 4878 4862 4864 
f 4878 4864 4866 
f 4878 4866 4868 
f 4878 4868 4870 
f 4878 4870 4872 
f 4878 4872 4874 
f 4878 4874 4876 
f 4878 4876 4862 
f 4879 4881 4880 
f 4881 4882 4880 
f 4881 4883 4882 
f 4883 4884 4882 
f 4883 4885 4884 
f 4885 4886 4884 
f 4885 4887 4886 
f 4887 4888 4886 
f 4887 4889 4888 
f 4889 4890 4888 
f 4889 4891 4890 
f 4891 4892 4890 
f 4891 4893 4892 
f 4893 4894 4892 
f 4893 4879 4894 
f 4879 4880 4894 
f 4895 4881 4879 
f 4895 4883 4881 
f 4895 4885 4883 
f 4895 4887 4885 
f 4895 4889 4887 
f 4895 4891 4889 
f 4895 4893 4891 
f 4895 4879 4893 
f 4896 4880 4882 
f 4896 4882 4884 
f 4896 4884 4886 
f 4896 4886 4888 
f 4896 4888 4890 
f 4896 4890 4892 
f 4896 4892 4894 
f 4896 4894 4880 
f 4897 4899 4898 
f 4899 4900 4898 
f 4899 4901 4900 
f 4901 4902 4900 
f 4901 4903 4902 
f 4903 4904 4902 
f 4903 4905 4904 
f 4905 4906 4904 
f 4905 4907 4906 
f 4907 4908 4906 
f 4907 4909 4908 
f 4909 4910 4908 
f 4909 4911 4910 
f 4911 4912 4910 
f 4911 4897 4912 
f 4897 4898 4912 
f 4913 4899 4897 
f 4913 4901 4899 
f 4913 4903 4901 
f 4913 4905 4903 
f 4913 4907 4905 
f 4913 4909 4907 
f 4913 4911 4909 
f 4913 4897 4911 
f 4914 4898 4900 
f 4914 4900 4902 
f 4914 4902 4904 
f 4914 4904 4906 
f 4914 4906 4908 
f 4914 4908 4910 
f 4914 4910 4912 
f 4914 4912 4898 
f 4915 4917 4916 
f 4917 4918 4916 
f 4917 4919 4918 
f 4919 4920 4918 
f 4919 4921 4920 
f 4921 4922 4920 
f 4921 4923 4922 
f 4923 4924 4922 
f 4923 4925 4924 
f 4925 4926 4924 
f 4925 4927 4926 
f 4927 4928 4926 
f 4927 4929 4928 
f 4929 4930 4928 
f 4929 4915 4930 
f 4915 4916 4930 
f 4931 4917 4915 
f 4931 4919 4917 
f 4931 4921 4919 
f 4931 4923 4921 
f 4931 4925 4923 
f 4931 4927 4925 
f 4931 4929 4927 
f 4931 4915 4929 
f 4932 4916 4918 
f 4932 4918 4920 
f 4932 4920 4922 
f 4932 4922 4924 
f 4932 4924 4926 
f 4932 4926 4928 
f 4932 4928 4930 
f 4932 4930 4916 
f 4933 4935 4934 
f 4935 4936 4934 
f 4935 4937 4936 
f 4937 4938 4936 
f 4937 4939 4938 
f 4939 4940 4938 
f 4939 4941 4940 
f 4941 4942 4940 
f 4941 4943 4942 
f 4943 4944 4942 
f 4943 4945 4944 
f 4945 4946 4944 
f 4945 4947 4946 
f 4947 4948 4946 
f 4947 4933 4948 
f 4933 4934 4948 
f 4949 4935 4933 
f 4949 4937 4935 
f 4949 4939 4937 
f 4949 4941 4939 
f 4949 4943 4941 
f 4949 4945 4943 
f 4949 4947 4945 
f 4949 4933 4947 
f 4950 4934 4936 
f 4950 4936 4938 
f 4950 4938 4940 
f 4950 4940 4942 
f 4950 4942 4944 
f 4950 4944 4946 
f 4950 4946 4948 
f 4950 4948 4934 
f 4951 4953 4952 
f 4953 4954 4952 
f 4953 4955 4954 
f 4955 4956 4954 
f 4955 4957 4956 
f 4957 4958 4956 
f 4957 4959 4958 
f 4959 4960 4958 
f 4959 4961 4960 
f 4961 4962 4960 
f 4961 4963 4962 
f 4963 4964 4962 
f 4963 4965 4964 
f 4965 4966 4964 
f 4965 4951 4966 
f 4951 4952 4966 
f 4967 4953 4951 
f 4967 4955 4953 
f 4967 4957 4955 
f 4967 4959 4957 
f 4967 4961 4959 
f 4967 4963 4961 
f 4967 4965 4963 
f 4967 4951 4965 
f 4968 4952 4954 
f 4968 4954 4956 
f 4968 4956 4958 
f 4968 4958 4960 
f 4968 4960 4962 
f 4968 4962 4964 
f 4968 4964 4966 
f 4968 4966 4952 
f 4969 4971 4970 
f 4971 4972 4970 
f 4971 4973 4972 
f 4973 4974 4972 
f 4973 4975 4974 
f 4975 4976 4974 
f 4975 4977 4976 
f 4977 4978 4976 
f 4977 4979 4978 
f 4979 4980 4978 
f 4979 4981 4980 
f 4981 4982 4980 
f 4981 4983 4982 
f 4983 4984 4982 
f 4983 4969 4984 
f 4969 4970 4984 
f 4985 4971 4969 
f 4985 4973 4971 
f 4985 4975 4973 
f 4985 4977 4975 
f 4985 4979 4977 
f 4985 4981 4979 
f 4985 4983 4981 
f 4985 4969 4983 
f 4986 4970 4972 
f 4986 4972 4974 
f 4986 4974 4976 
f 4986 4976 4978 
f 4986 4978 4980 
f 4986 4980 4982 
f 4986 4982 4984 
f 4986 4984 4970 
f 4987 4989 4988 
f 4989 4990 4988 
f 4989 4991 4990 
f 4991 4992 4990 
f 4991 4993 4992 
f 4993 4994 4992 
f 4993 4995 4994 
f 4995 4996 4994 
f 4995 4997 4996 
f 4997 4998 4996 
f 4997 4999 4998 
f 4999 5000 4998 
f 4999 5001 5000 
f 5001 5002 5000 
f 5001 4987 5002 
f 4987 4988 5002 
f 5003 4989 4987 
f 5003 4991 4989 
f 5003 4993 4991 
f 5003 4995 4993 
f 5003 4997 4995 
f 5003 4999 4997 
f 5003 5001 4999 
f 5003 4987 5001 
f 5004 4988 4990 
f 5004 4990 4992 
f 5004 4992 4994 
f 5004 4994 4996 
f 5004 4996 4998 
f 5004 4998 5000 
f 5004 5000 5002 
f 5004 5002 4988 
f 5005 5007 5006 
f 5007 5008 5006 
f 5007 5009 5008 
f 5009 5010 5008 
f 5009 5011 5010 
f 5011 5012 5010 
f 5011 5013 5012 
f 5013 5014 5012 
f 5013 5015 5014 
f 5015 5016 5014 
f 5015 5017 5016 
f 5017 5018 5016 
f 5017 5019 5018 
f 5019 5020 5018 
f 5019 5005 5020 
f 5005 5006 5020 
f 5021 5007 5005 
f 5021 5009 5007 
f 5021 5011 5009 
f 5021 5013 5011 
f 5021 5015 5013 
f 5021 5017 5015 
f 5021 5019 5017 
f 5021 5005 5019 
f 5022 5006 5008 
f 5022 5008 5010 
f 5022 5010 5012 
f 5022 5012 5014 
f 5022 5014 5016 
f 5022 5016 5018 
f 5022 5018 5020 
f 5022 5020 5006 
f 5023 5025 5024 
f 5025 5026 5024 
f 5025 5027 5026 
f 5027 5028 5026 
f 5027 5029 5028 
f 5029 5030 5028 
f 5029 5031 5030 
f 5031 5032 5030 
f 5031 5033 5032 
f 5033 5034 5032 
f 5033 5035 5034 
f 5035 5036 5034 
f 5035 5037 5036 
f 5037 5038 5036 
f 5037 5023 5038 
f 5023 5024 5038 
f 5039 5025 5023 
f 5039 5027 5025 
f 5039 5029 5027 
f 5039 5031 5029 
f 5039 5033 5031 
f 5039 5035 5033 
f 5039 5037 5035 
f 5039 5023 5037 
f 5040 5024 5026 
f 5040 5026 5028 
f 5040 5028 5030 
f 5040 5030 5032 
f 5040 5032 5034 
f 5040 5034 5036 
f 5040 5036 5038 
f 5040 5038 5024 
f 5041 5043 5042 
f 5043 5044 5042 
f 5043 5045 5044 
f 5045 5046 5044 
f 5045 5047 5046 
f 5047 5048 5046 
f 5047 5049 5048 
f 5049 5050 5048 
f 5049 5051 5050 
f 5051 5052 5050 
f 5051 5053 5052 
f 5053 5054 5052 
f 5053 5055 5054 
f 5055 5056 5054 
f 5055 5041 5056 
f 5041 5042 5056 
f 5057 5043 5041 
f 5057 5045 5043 
f 5057 5047 5045 
f 5057 5049 5047 
f 5057 5051 5049 
f 5057 5053 5051 
f 5057 5055 5053 
f 5057 5041 5055 
f 5058 5042 5044 
f 5058 5044 5046 
f 5058 5046 5048 
f 5058 5048 5050 
f 5058 5050 5052 
f 5058 5052 5054 
f 5058 5054 5056 
f 5058 5056 5042 
f 5059 5061 5060 
f 5061 5062 5060 
f 5061 5063 5062 
f 5063 5064 5062 
f 5063 5065 5064 
f 5065 5066 5064 
f 5065 5067 5066 
f 5067 5068 5066 
f 5067 5069 5068 
f 5069 5070 5068 
f 5069 5071 5070 
f 5071 5072 5070 
f 5071 5073 5072 
f 5073 5074 5072 
f 5073 5059 5074 
f 5059 5060 5074 
f 5075 5061 5059 
f 5075 5063 5061 
f 5075 5065 5063 
f 5075 5067 5065 
f 5075 5069 5067 
f 5075 5071 5069 
f 5075 5073 5071 
f 5075 5059 5073 
f 5076 5060 5062 
f 5076 5062 5064 
f 5076 5064 5066 
f 5076 5066 5068 
f 5076 5068 5070 
f 5076 5070 5072 
f 5076 5072 5074 
f 5076 5074 5060 
f 5077 5079 5078 
f 5079 5080 5078 
f 5079 5081 5080 
f 5081 5082 5080 
f 5081 5083 5082 
f 5083 5084 5082 
f 5083 5085 5084 
f 5085 5086 5084 
f 5085 5087 5086 
f 5087 5088 5086 
f 5087 5089 5088 
f 5089 5090 5088 
f 5089 5091 5090 
f 5091 5092 5090 
f 5091 5077 5092 
f 5077 5078 5092 
f 5093 5079 5077 
f 5093 5081 5079 
f 5093 5083 5081 
f 5093 5085 5083 
f 5093 5087 5085 
f 5093 5089 5087 
f 5093 5091 5089 
f 5093 5077 5091 
f 5094 5078 5080 
f 5094 5080 5082 
f 5094 5082 5084 
f 5094 5084 5086 
f 5094 5086 5088 
f 5094 5088 5090 
f 5094 5090 5092 
f 5094 5092 5078 
f 5095 5097 5096 
f 5097 5098 5096 
f 5097 5099 5098 
f 5099 5100 5098 
f 5099 5101 5100 
f 5101 5102 5100 
f 5101 5103 5102 
f 5103 5104 5102 
f 5103 5105 5104 
f 5105 5106 5104 
f 5105 5107 5106 
f 5107 5108 5106 
f 5107 5109 5108 
f 5109 5110 5108 
f 5109 5095 5110 
f 5095 5096 5110 
f 5111 5097 5095 
f 5111 5099 5097 
f 5111 5101 5099 
f 5111 5103 5101 
f 5111 5105 5103 
f 5111 5107 5105 
f 5111 5109 5107 
f 5111 5095 5109 
f 5112 5096 5098 
f 5112 5098 5100 
f 5112 5100 5102 
f 5112 5102 5104 
f 5112 5104 5106 
f 5112 5106 5108 
f 5112 5108 5110 
f 5112 5110 5096 
f 5113 5115 5114 
f 5115 5116 5114 
f 5115 5117 5116 
f 5117 5118 5116 
f 5117 5119 5118 
f 5119 5120 5118 
f 5119 5121 5120 
f 5121 5122 5120 
f 5121 5123 5122 
f 5123 5124 5122 
f 5123 5125 5124 
f 5125 5126 5124 
f 5125 5127 5126 
f 5127 5128 5126 
f 5127 5113 5128 
f 5113 5114 5128 
f 5129 5115 5113 
f 5129 5117 5115 
f 5129 5119 5117 
f 5129 5121 5119 
f 5129 5123 5121 
f 5129 5125 5123 
f 5129 5127 5125 
f 5129 5113 5127 
f 5130 5114 5116 
f 5130 5116 5118 
f 5130 5118 5120 
f 5130 5120 5122 
f 5130 5122 5124 
f 5130 5124 5126 
f 5130 5126 5128 
f 5130 5128 5114 
f 5131 5133 5132 
f 5133 5134 5132 
f 5133 5135 5134 
f 5135 5136 5134 
f 5135 5137 5136 
f 5137 5138 5136 
f 5137 5139 5138 
f 5139 5140 5138 
f 5139 5141 5140 
f 5141 5142 5140 
f 5141 5143 5142 
f 5143 5144 5142 
f 5143 5145 5144 
f 5145 5146 5144 
f 5145 5131 5146 
f 5131 5132 5146 
f 5147 5133 5131 
f 5147 5135 5133 
f 5147 5137 5135 
f 5147 5139 5137 
f 5147 5141 5139 
f 5147 5143 5141 
f 5147 5145 5143 
f 5147 5131 5145 
f 5148 5132 5134 
f 5148 5134 5136 
f 5148 5136 5138 
f 5148 5138 5140 
f 5148 5140 5142 
f 5148 5142 5144 
f 5148 5144 5146 
f 5148 5146 5132 
f 5149 5151 5150 
f 5151 5152 5150 
f 5151 5153 5152 
f 5153 5154 5152 
f 5153 5155 5154 
f 5155 5156 5154 
f 5155 5157 5156 
f 5157 5158 5156 
f 5157 5159 5158 
f 5159 5160 5158 
f 5159 5161 5160 
f 5161 5162 5160 
f 5161 5163 5162 
f 5163 5164 5162 
f 5163 5149 5164 
f 5149 5150 5164 
f 5165 5151 5149 
f 5165 5153 5151 
f 5165 5155 5153 
f 5165 5157 5155 
f 5165 5159 5157 
f 5165 5161 5159 
f 5165 5163 5161 
f 5165 5149 5163 
f 5166 5150 5152 
f 5166 5152 5154 
f 5166 5154 5156 
f 5166 5156 5158 
f 5166 5158 5160 
f 5166 5160 5162 
f 5166 5162 5164 
f 5166 5164 5150 
f 5167 5169 5168 
f 5169 5170 5168 
f 5169 5171 5170 
f 5171 5172 5170 
f 5171 5173 5172 
f 5173 5174 5172 
f 5173 5175 5174 
f 5175 5176 5174 
f 5175 5177 5176 
f 5177 5178 5176 
f 5177 5179 5178 
f 5179 5180 5178 
f 5179 5181 5180 
f 5181 5182 5180 
f 5181 5167 5182 
f 5167 5168 5182 
f 5183 5169 5167 
f 5183 5171 5169 
f 5183 5173 5171 
f 5183 5175 5173 
f 5183 5177 5175 
f 5183 5179 5177 
f 5183 5181 5179 
f 5183 5167 5181 
f 5184 5168 5170 
f 5184 5170 5172 
f 5184 5172 5174 
f 5184 5174 5176 
f 5184 5176 5178 
f 5184 5178 5180 
f 5184 5180 5182 
f 5184 5182 5168 
f 5185 5187 5186 
f 5187 5188 5186 
f 5187 5189 5188 
f 5189 5190 5188 
f 5189 5191 5190 
f 5191 5192 5190 
f 5191 5193 5192 
f 5193 5194 5192 
f 5193 5195 5194 
f 5195 5196 5194 
f 5195 5197 5196 
f 5197 5198 5196 
f 5197 5199 5198 
f 5199 5200 5198 
f 5199 5185 5200 
f 5185 5186 5200 
f 5201 5187 5185 
f 5201 5189 5187 
f 5201 5191 5189 
f 5201 5193 5191 
f 5201 5195 5193 
f 5201 5197 5195 
f 5201 5199 5197 
f 5201 5185 5199 
f 5202 5186 5188 
f 5202 5188 5190 
f 5202 5190 5192 
f 5202 5192 5194 
f 5202 5194 5196 
f 5202 5196 5198 
f 5202 5198 5200 
f 5202 5200 5186 
f 5203 5205 5204 
f 5205 5206 5204 
f 5205 5207 5206 
f 5207 5208 5206 
f 5207 5209 5208 
f 5209 5210 5208 
f 5209 5211 5210 
f 5211 5212 5210 
f 5211 5213 5212 
f 5213 5214 5212 
f 5213 5215 5214 
f 5215 5216 5214 
f 5215 5217 5216 
f 5217 5218 5216 
f 5217 5203 5218 
f 5203 5204 5218 
f 5219 5205 5203 
f 5219 5207 5205 
f 5219 5209 5207 
f 5219 5211 5209 
f 5219 5213 5211 
f 5219 5215 5213 
f 5219 5217 5215 
f 5219 5203 5217 
f 5220 5204 5206 
f 5220 5206 5208 
f 5220 5208 5210 
f 5220 5210 5212 
f 5220 5212 5214 
f 5220 5214 5216 
f 5220 5216 5218 
f 5220 5218 5204 
f 5221 5223 5222 
f 5223 5224 5222 
f 5223 5225 5224 
f 5225 5226 5224 
f 5225 5227 5226 
f 5227 5228 5226 
f 5227 5229 5228 
f 5229 5230 5228 
f 5229 5231 5230 
f 5231 5232 5230 
f 5231 5233 5232 
f 5233 5234 5232 
f 5233 5235 5234 
f 5235 5236 5234 
f 5235 5221 5236 
f 5221 5222 5236 
f 5237 5223 5221 
f 5237 5225 5223 
f 5237 5227 5225 
f 5237 5229 5227 
f 5237 5231 5229 
f 5237 5233 5231 
f 5237 5235 5233 
f 5237 5221 5235 
f 5238 5222 5224 
f 5238 5224 5226 
f 5238 5226 5228 
f 5238 5228 5230 
f 5238 5230 5232 
f 5238 5232 5234 
f 5238 5234 5236 
f 5238 5236 5222 
f 5239 5241 5240 
f 5241 5242 5240 
f 5241 5243 5242 
f 5243 5244 5242 
f 5243 5245 5244 
f 5245 5246 5244 
f 5245 5247 5246 
f 5247 5248 5246 
f 5247 5249 5248 
f 5249 5250 5248 
f 5249 5251 5250 
f 5251 5252 5250 
f 5251 5253 5252 
f 5253 5254 5252 
f 5253 5239 5254 
f 5239 5240 5254 
f 5255 5241 5239 
f 5255 5243 5241 
f 5255 5245 5243 
f 5255 5247 5245 
f 5255 5249 5247 
f 5255 5251 5249 
f 5255 5253 5251 
f 5255 5239 5253 
f 5256 5240 5242 
f 5256 5242 5244 
f 5256 5244 5246 
f 5256 5246 5248 
f 5256 5248 5250 
f 5256 5250 5252 
f 5256 5252 5254 
f 5256 5254 5240 
f 5257 5259 5258 
f 5259 5260 5258 
f 5259 5261 5260 
f 5261 5262 5260 
f 5261 5263 5262 
f 5263 5264 5262 
f 5263 5265 5264 
f 5265 5266 5264 
f 5265 5267 5266 
f 5267 5268 5266 
f 5267 5269 5268 
f 5269 5270 5268 
f 5269 5271 5270 
f 5271 5272 5270 
f 5271 5257 5272 
f 5257 5258 5272 
f 5273 5259 5257 
f 5273 5261 5259 
f 5273 5263 5261 
f 5273 5265 5263 
f 5273 5267 5265 
f 5273 5269 5267 
f 5273 5271 5269 
f 5273 5257 5271 
f 5274 5258 5260 
f 5274 5260 5262 
f 5274 5262 5264 
f 5274 5264 5266 
f 5274 5266 5268 
f 5274 5268 5270 
f 5274 5270 5272 
f 5274 5272 5258 
f 5275 5277 5276 
f 5277 5278 5276 
f 5277 5279 5278 
f 5279 5280 5278 
f 5279 5281 5280 
f 5281 5282 5280 
f 5281 5283 5282 
f 5283 5284 5282 
f 5283 5285 5284 
f 5285 5286 5284 
f 5285 5287 5286 
f 5287 5288 5286 
f 5287 5289 5288 
f 5289 5290 5288 
f 5289 5275 5290 
f 5275 5276 5290 
f 5291 5277 5275 
f 5291 5279 5277 
f 5291 5281 5279 
f 5291 5283 5281 
f 5291 5285 5283 
f 5291 5287 5285 
f 5291 5289 5287 
f 5291 5275 5289 
f 5292 5276 5278 
f 5292 5278 5280 
f 5292 5280 5282 
f 5292 5282 5284 
f 5292 5284 5286 
f 5292 5286 5288 
f 5292 5288 5290 
f 5292 5290 5276 
f 5293 5295 5294 
f 5295 5296 5294 
f 5295 5297 5296 
f 5297 5298 5296 
f 5297 5299 5298 
f 5299 5300 5298 
f 5299 5301 5300 
f 5301 5302 5300 
f 5301 5303 5302 
f 5303 5304 5302 
f 5303 5305 5304 
f 5305 5306 5304 
f 5305 5307 5306 
f 5307 5308 5306 
f 5307 5293 5308 
f 5293 5294 5308 
f 5309 5295 5293 
f 5309 5297 5295 
f 5309 5299 5297 
f 5309 5301 5299 
f 5309 5303 5301 
f 5309 5305 5303 
f 5309 5307 5305 
f 5309 5293 5307 
f 5310 5294 5296 
f 5310 5296 5298 
f 5310 5298 5300 
f 5310 5300 5302 
f 5310 5302 5304 
f 5310 5304 5306 
f 5310 5306 5308 
f 5310 5308 5294 
f 5311 5313 5312 
f 5313 5314 5312 
f 5313 5315 5314 
f 5315 5316 5314 
f 5315 5317 5316 
f 5317 5318 5316 
f 5317 5319 5318 
f 5319 5320 5318 
f 5319 5321 5320 
f 5321 5322 5320 
f 5321 5323 5322 
f 5323 5324 5322 
f 5323 5325 5324 
f 5325 5326 5324 
f 5325 5311 5326 
f 5311 5312 5326 
f 5327 5313 5311 
f 5327 5315 5313 
f 5327 5317 5315 
f 5327 5319 5317 
f 5327 5321 5319 
f 5327 5323 5321 
f 5327 5325 5323 
f 5327 5311 5325 
f 5328 5312 5314 
f 5328 5314 5316 
f 5328 5316 5318 
f 5328 5318 5320 
f 5328 5320 5322 
f 5328 5322 5324 
f 5328 5324 5326 
f 5328 5326 5312 
f 5329 5331 5330 
f 5331 5332 5330 
f 5331 5333 5332 
f 5333 5334 5332 
f 5333 5335 5334 
f 5335 5336 5334 
f 5335 5337 5336 
f 5337 5338 5336 
f 5337 5339 5338 
f 5339 5340 5338 
f 5339 5341 5340 
f 5341 5342 5340 
f 5341 5343 5342 
f 5343 5344 5342 
f 5343 5329 5344 
f 5329 5330 5344 
f 5345 5331 5329 
f 5345 5333 5331 
f 5345 5335 5333 
f 5345 5337 5335 
f 5345 5339 5337 
f 5345 5341 5339 
f 5345 5343 5341 
f 5345 5329 5343 
f 5346 5330 5332 
f 5346 5332 5334 
f 5346 5334 5336 
f 5346 5336 5338 
f 5346 5338 5340 
f 5346 5340 5342 
f 5346 5342 5344 
f 5346 5344 5330 
f 5347 5349 5348 
f 5349 5350 5348 
f 5349 5351 5350 
f 5351 5352 5350 
f 5351 5353 5352 
f 5353 5354 5352 
f 5353 5355 5354 
f 5355 5356 5354 
f 5355 5357 5356 
f 5357 5358 5356 
f 5357 5359 5358 
f 5359 5360 5358 
f 5359 5361 5360 
f 5361 5362 5360 
f 5361 5347 5362 
f 5347 5348 5362 
f 5363 5349 5347 
f 5363 5351 5349 
f 5363 5353 5351 
f 5363 5355 5353 
f 5363 5357 5355 
f 5363 5359 5357 
f 5363 5361 5359 
f 5363 5347 5361 
f 5364 5348 5350 
f 5364 5350 5352 
f 5364 5352 5354 
f 5364 5354 5356 
f 5364 5356 5358 
f 5364 5358 5360 
f 5364 5360 5362 
f 5364 5362 5348 
f 5365 5367 5366 
f 5367 5368 5366 
f 5367 5369 5368 
f 5369 5370 5368 
f 5369 5371 5370 
f 5371 5372 5370 
f 5371 5373 5372 
f 5373 5374 5372 
f 5373 5375 5374 
f 5375 5376 5374 
f 5375 5377 5376 
f 5377 5378 5376 
f 5377 5379 5378 
f 5379 5380 5378 
f 5379 5365 5380 
f 5365 5366 5380 
f 5381 5367 5365 
f 5381 5369 5367 
f 5381 5371 5369 
f 5381 5373 5371 
f 5381 5375 5373 
f 5381 5377 5375 
f 5381 5379 5377 
f 5381 5365 5379 
f 5382 5366 5368 
f 5382 5368 5370 
f 5382 5370 5372 
f 5382 5372 5374 
f 5382 5374 5376 
f 5382 5376 5378 
f 5382 5378 5380 
f 5382 5380 5366 
f 5383 5385 5384 
f 5385 5386 5384 
f 5385 5387 5386 
f 5387 5388 5386 
f 5387 5389 5388 
f 5389 5390 5388 
f 5389 5391 5390 
f 5391 5392 5390 
f 5391 5393 5392 
f 5393 5394 5392 
f 5393 5395 5394 
f 5395 5396 5394 
f 5395 5397 5396 
f 5397 5398 5396 
f 5397 5383 5398 
f 5383 5384 5398 
f 5399 5385 5383 
f 5399 5387 5385 
f 5399 5389 5387 
f 5399 5391 5389 
f 5399 5393 5391 
f 5399 5395 5393 
f 5399 5397 5395 
f 5399 5383 5397 
f 5400 5384 5386 
f 5400 5386 5388 
f 5400 5388 5390 
f 5400 5390 5392 
f 5400 5392 5394 
f 5400 5394 5396 
f 5400 5396 5398 
f 5400 5398 5384 
f 5401 5403 5402 
f 5403 5404 5402 
f 5403 5405 5404 
f 5405 5406 5404 
f 5405 5407 5406 
f 5407 5408 5406 
f 5407 5409 5408 
f 5409 5410 5408 
f 5409 5411 5410 
f 5411 5412 5410 
f 5411 5413 5412 
f 5413 5414 5412 
f 5413 5415 5414 
f 5415 5416 5414 
f 5415 5401 5416 
f 5401 5402 5416 
f 5417 5403 5401 
f 5417 5405 5403 
f 5417 5407 5405 
f 5417 5409 5407 
f 5417 5411 5409 
f 5417 5413 5411 
f 5417 5415 5413 
f 5417 5401 5415 
f 5418 5402 5404 
f 5418 5404 5406 
f 5418 5406 5408 
f 5418 5408 5410 
f 5418 5410 5412 
f 5418 5412 5414 
f 5418 5414 5416 
f 5418 5416 5402 
f 5419 5421 5420 
f 5421 5422 5420 
f 5421 5423 5422 
f 5423 5424 5422 
f 5423 5425 5424 
f 5425 5426 5424 
f 5425 5427 5426 
f 5427 5428 5426 
f 5427 5429 5428 
f 5429 5430 5428 
f 5429 5431 5430 
f 5431 5432 5430 
f 5431 5433 5432 
f 5433 5434 5432 
f 5433 5419 5434 
f 5419 5420 5434 
f 5435 5421 5419 
f 5435 5423 5421 
f 5435 5425 5423 
f 5435 5427 5425 
f 5435 5429 5427 
f 5435 5431 5429 
f 5435 5433 5431 
f 5435 5419 5433 
f 5436 5420 5422 
f 5436 5422 5424 
f 5436 5424 5426 
f 5436 5426 5428 
f 5436 5428 5430 
f 5436 5430 5432 
f 5436 5432 5434 
f 5436 5434 5420 
f 5437 5439 5438 
f 5439 5440 5438 
f 5439 5441 5440 
f 5441 5442 5440 
f 5441 5443 5442 
f 5443 5444 5442 
f 5443 5445 5444 
f 5445 5446 5444 
f 5445 5447 5446 
f 5447 5448 5446 
f 5447 5449 5448 
f 5449 5450 5448 
f 5449 5451 5450 
f 5451 5452 5450 
f 5451 5437 5452 
f 5437 5438 5452 
f 5453 5439 5437 
f 5453 5441 5439 
f 5453 5443 5441 
f 5453 5445 5443 
f 5453 5447 5445 
f 5453 5449 5447 
f 5453 5451 5449 
f 5453 5437 5451 
f 5454 5438 5440 
f 5454 5440 5442 
f 5454 5442 5444 
f 5454 5444 5446 
f 5454 5446 5448 
f 5454 5448 5450 
f 5454 5450 5452 
f 5454 5452 5438 
f 5455 5457 5456 
f 5457 5458 5456 
f 5457 5459 5458 
f 5459 5460 5458 
f 5459 5461 5460 
f 5461 5462 5460 
f 5461 5463 5462 
f 5463 5464 5462 
f 5463 5465 5464 
f 5465 5466 5464 
f 5465 5467 5466 
f 5467 5468 5466 
f 5467 5469 5468 
f 5469 5470 5468 
f 5469 5455 5470 
f 5455 5456 5470 
f 5471 5457 5455 
f 5471 5459 5457 
f 5471 5461 5459 
f 5471 5463 5461 
f 5471 5465 5463 
f 5471 5467 5465 
f 5471 5469 5467 
f 5471 5455 5469 
f 5472 5456 5458 
f 5472 5458 5460 
f 5472 5460 5462 
f 5472 5462 5464 
f 5472 5464 5466 
f 5472 5466 5468 
f 5472 5468 5470 
f 5472 5470 5456 
f 5473 5475 5474 
f 5475 5476 5474 
f 5475 5477 5476 
f 5477 5478 5476 
f 5477 5479 5478 
f 5479 5480 5478 
f 5479 5481 5480 
f 5481 5482 5480 
f 5481 5483 5482 
f 5483 5484 5482 
f 5483 5485 5484 
f 5485 5486 5484 
f 5485 5487 5486 
f 5487 5488 5486 
f 5487 5473 5488 
f 5473 5474 5488 
f 5489 5475 5473 
f 5489 5477 5475 
f 5489 5479 5477 
f 5489 5481 5479 
f 5489 5483 5481 
f 5489 5485 5483 
f 5489 5487 5485 
f 5489 5473 5487 
f 5490 5474 5476 
f 5490 5476 5478 
f 5490 5478 5480 
f 5490 5480 5482 
f 5490 5482 5484 
f 5490 5484 5486 
f 5490 5486 5488 
f 5490 5488 5474 
f 5491 5493 5492 
f 5493 5494 5492 
f 5493 5495 5494 
f 5495 5496 5494 
f 5495 5497 5496 
f 5497 5498 5496 
f 5497 5499 5498 
f 5499 5500 5498 
f 5499 5501 5500 
f 5501 5502 5500 
f 5501 5503 5502 
f 5503 5504 5502 
f 5503 5505 5504 
f 5505 5506 5504 
f 5505 5491 5506 
f 5491 5492 5506 
f 5507 5493 5491 
f 5507 5495 5493 
f 5507 5497 5495 
f 5507 5499 5497 
f 5507 5501 5499 
f 5507 5503 5501 
f 5507 5505 5503 
f 5507 5491 5505 
f 5508 5492 5494 
f 5508 5494 5496 
f 5508 5496 5498 
f 5508 5498 5500 
f 5508 5500 5502 
f 5508 5502 5504 
f 5508 5504 5506 
f 5508 5506 5492 
f 5509 5511 5510 
f 5511 5512 5510 
f 5511 5513 5512 
f 5513 5514 5512 
f 5513 5515 5514 
f 5515 5516 5514 
f 5515 5517 5516 
f 5517 5518 5516 
f 5517 5519 5518 
f 5519 5520 5518 
f 5519 5521 5520 
f 5521 5522 5520 
f 5521 5523 5522 
f 5523 5524 5522 
f 5523 5509 5524 
f 5509 5510 5524 
f 5525 5511 5509 
f 5525 5513 5511 
f 5525 5515 5513 
f 5525 5517 5515 
f 5525 5519 5517 
f 5525 5521 5519 
f 5525 5523 5521 
f 5525 5509 5523 
f 5526 5510 5512 
f 5526 5512 5514 
f 5526 5514 5516 
f 5526 5516 5518 
f 5526 5518 5520 
f 5526 5520 5522 
f 5526 5522 5524 
f 5526 5524 5510 
f 5527 5529 5528 
f 5529 5530 5528 
f 5529 5531 5530 
f 5531 5532 5530 
f 5531 5533 5532 
f 5533 5534 5532 
f 5533 5535 5534 
f 5535 5536 5534 
f 5535 5537 5536 
f 5537 5538 5536 
f 5537 5539 5538 
f 5539 5540 5538 
f 5539 5541 5540 
f 5541 5542 5540 
f 5541 5527 5542 
f 5527 5528 5542 
f 5543 5529 5527 
f 5543 5531 5529 
f 5543 5533 5531 
f 5543 5535 5533 
f 5543 5537 5535 
f 5543 5539 5537 
f 5543 5541 5539 
f 5543 5527 5541 
f 5544 5528 5530 
f 5544 5530 5532 
f 5544 5532 5534 
f 5544 5534 5536 
f 5544 5536 5538 
f 5544 5538 5540 
f 5544 5540 5542 
f 5544 5542 5528 
f 5545 5547 5546 
f 5547 5548 5546 
f 5547 5549 5548 
f 5549 5550 5548 
f 5549 5551 5550 
f 5551 5552 5550 
f 5551 5553 5552 
f 5553 5554 5552 
f 5553 5555 5554 
f 5555 5556 5554 
f 5555 5557 5556 
f 5557 5558 5556 
f 5557 5559 5558 
f 5559 5560 5558 
f 5559 5545 5560 
f 5545 5546 5560 
f 5561 5547 5545 
f 5561 5549 5547 
f 5561 5551 5549 
f 5561 5553 5551 
f 5561 5555 5553 
f 5561 5557 5555 
f 5561 5559 5557 
f 5561 5545 5559 
f 5562 5546 5548 
f 5562 5548 5550 
f 5562 5550 5552 
f 5562 5552 5554 
f 5562 5554 5556 
f 5562 5556 5558 
f 5562 5558 5560 
f 5562 5560 5546 
f 5563 5565 5564 
f 5565 5566 5564 
f 5565 5567 5566 
f 5567 5568 5566 
f 5567 5569 5568 
f 5569 5570 5568 
f 5569 5571 5570 
f 5571 5572 5570 
f 5571 5573 5572 
f 5573 5574 5572 
f 5573 5575 5574 
f 5575 5576 5574 
f 5575 5577 5576 
f 5577 5578 5576 
f 5577 5563 5578 
f 5563 5564 5578 
f 5579 5565 5563 
f 5579 5567 5565 
f 5579 5569 5567 
f 5579 5571 5569 
f 5579 5573 5571 
f 5579 5575 5573 
f 5579 5577 5575 
f 5579 5563 5577 
f 5580 5564 5566 
f 5580 5566 5568 
f 5580 5568 5570 
f 5580 5570 5572 
f 5580 5572 5574 
f 5580 5574 5576 
f 5580 5576 5578 
f 5580 5578 5564 
f 5581 5583 5582 
f 5583 5584 5582 
f 5583 5585 5584 
f 5585 5586 5584 
f 5585 5587 5586 
f 5587 5588 5586 
f 5587 5589 5588 
f 5589 5590 5588 
f 5589 5591 5590 
f 5591 5592 5590 
f 5591 5593 5592 
f 5593 5594 5592 
f 5593 5595 5594 
f 5595 5596 5594 
f 5595 5581 5596 
f 5581 5582 5596 
f 5597 5583 5581 
f 5597 5585 5583 
f 5597 5587 5585 
f 5597 5589 5587 
f 5597 5591 5589 
f 5597 5593 5591 
f 5597 5595 5593 
f 5597 5581 5595 
f 5598 5582 5584 
f 5598 5584 5586 
f 5598 5586 5588 
f 5598 5588 5590 
f 5598 5590 5592 
f 5598 5592 5594 
f 5598 5594 5596 
f 5598 5596 5582 
f 5599 5601 5600 
f 5601 5602 5600 
f 5601 5603 5602 
f 5603 5604 5602 
f 5603 5605 5604 
f 5605 5606 5604 
f 5605 5607 5606 
f 5607 5608 5606 
f 5607 5609 5608 
f 5609 5610 5608 
f 5609 5611 5610 
f 5611 5612 5610 
f 5611 5613 5612 
f 5613 5614 5612 
f 5613 5599 5614 
f 5599 5600 5614 
f 5615 5601 5599 
f 5615 5603 5601 
f 5615 5605 5603 
f 5615 5607 5605 
f 5615 5609 5607 
f 5615 5611 5609 
f 5615 5613 5611 
f 5615 5599 5613 
f 5616 5600 5602 
f 5616 5602 5604 
f 5616 5604 5606 
f 5616 5606 5608 
f 5616 5608 5610 
f 5616 5610 5612 
f 5616 5612 5614 
f 5616 5614 5600 
f 5617 5619 5618 
f 5619 5620 5618 
f 5619 5621 5620 
f 5621 5622 5620 
f 5621 5623 5622 
f 5623 5624 5622 
f 5623 5625 5624 
f 5625 5626 5624 
f 5625 5627 5626 
f 5627 5628 5626 
f 5627 5629 5628 
f 5629 5630 5628 
f 5629 5631 5630 
f 5631 5632 5630 
f 5631 5617 5632 
f 5617 5618 5632 
f 5633 5619 5617 
f 5633 5621 5619 
f 5633 5623 5621 
f 5633 5625 5623 
f 5633 5627 5625 
f 5633 5629 5627 
f 5633 5631 5629 
f 5633 5617 5631 
f 5634 5618 5620 
f 5634 5620 5622 
f 5634 5622 5624 
f 5634 5624 5626 
f 5634 5626 5628 
f 5634 5628 5630 
f 5634 5630 5632 
f 5634 5632 5618 
f 5635 5637 5636 
f 5637 5638 5636 
f 5637 5639 5638 
f 5639 5640 5638 
f 5639 5641 5640 
f 5641 5642 5640 
f 5641 5643 5642 
f 5643 5644 5642 
f 5643 5645 5644 
f 5645 5646 5644 
f 5645 5647 5646 
f 5647 5648 5646 
f 5647 5649 5648 
f 5649 5650 5648 
f 5649 5635 5650 
f 5635 5636 5650 
f 5651 5637 5635 
f 5651 5639 5637 
f 5651 5641 5639 
f 5651 5643 5641 
f 5651 5645 5643 
f 5651 5647 5645 
f 5651 5649 5647 
f 5651 5635 5649 
f 5652 5636 5638 
f 5652 5638 5640 
f 5652 5640 5642 
f 5652 5642 5644 
f 5652 5644 5646 
f 5652 5646 5648 
f 5652 5648 5650 
f 5652 5650 5636 
f 5653 5655 5654 
f 5655 5656 5654 
f 5655 5657 5656 
f 5657 5658 5656 
f 5657 5659 5658 
f 5659 5660 5658 
f 5659 5661 5660 
f 5661 5662 5660 
f 5661 5663 5662 
f 5663 5664 5662 
f 5663 5665 5664 
f 5665 5666 5664 
f 5665 5667 5666 
f 5667 5668 5666 
f 5667 5653 5668 
f 5653 5654 5668 
f 5669 5655 5653 
f 5669 5657 5655 
f 5669 5659 5657 
f 5669 5661 5659 
f 5669 5663 5661 
f 5669 5665 5663 
f 5669 5667 5665 
f 5669 5653 5667 
f 5670 5654 5656 
f 5670 5656 5658 
f 5670 5658 5660 
f 5670 5660 5662 
f 5670 5662 5664 
f 5670 5664 5666 
f 5670 5666 5668 
f 5670 5668 5654 
f 5671 5673 5672 
f 5673 5674 5672 
f 5673 5675 5674 
f 5675 5676 5674 
f 5675 5677 5676 
f 5677 5678 5676 
f 5677 5679 5678 
f 5679 5680 5678 
f 5679 5681 5680 
f 5681 5682 5680 
f 5681 5683 5682 
f 5683 5684 5682 
f 5683 5685 5684 
f 5685 5686 5684 
f 5685 5671 5686 
f 5671 5672 5686 
f 5687 5673 5671 
f 5687 5675 5673 
f 5687 5677 5675 
f 5687 5679 5677 
f 5687 5681 5679 
f 5687 5683 5681 
f 5687 5685 5683 
f 5687 5671 5685 
f 5688 5672 5674 
f 5688 5674 5676 
f 5688 5676 5678 
f 5688 5678 5680 
f 5688 5680 5682 
f 5688 5682 5684 
f 5688 5684 5686 
f 5688 5686 5672 
f 5689 5691 5690 
f 5691 5692 5690 
f 5691 5693 5692 
f 5693 5694 5692 
f 5693 5695 5694 
f 5695 5696 5694 
f 5695 5697 5696 
f 5697 5698 5696 
f 5697 5699 5698 
f 5699 5700 5698 
f 5699 5701 5700 
f 5701 5702 5700 
f 5701 5703 5702 
f 5703 5704 5702 
f 5703 5689 5704 
f 5689 5690 5704 
f 5705 5691 5689 
f 5705 5693 5691 
f 5705 5695 5693 
f 5705 5697 5695 
f 5705 5699 5697 
f 5705 5701 5699 
f 5705 5703 5701 
f 5705 5689 5703 
f 5706 5690 5692 
f 5706 5692 5694 
f 5706 5694 5696 
f 5706 5696 5698 
f 5706 5698 5700 
f 5706 5700 5702 
f 5706 5702 5704 
f 5706 5704 5690 
f 5707 5709 5708 
f 5709 5710 5708 
f 5709 5711 5710 
f 5711 5712 5710 
f 5711 5713 5712 
f 5713 5714 5712 
f 5713 5715 5714 
f 5715 5716 5714 
f 5715 5717 5716 
f 5717 5718 5716 
f 5717 5719 5718 
f 5719 5720 5718 
f 5719 5721 5720 
f 5721 5722 5720 
f 5721 5707 5722 
f 5707 5708 5722 
f 5723 5709 5707 
f 5723 5711 5709 
f 5723 5713 5711 
f 5723 5715 5713 
f 5723 5717 5715 
f 5723 5719 5717 
f 5723 5721 5719 
f 5723 5707 5721 
f 5724 5708 5710 
f 5724 5710 5712 
f 5724 5712 5714 
f 5724 5714 5716 
f 5724 5716 5718 
f 5724 5718 5720 
f 5724 5720 5722 
f 5724 5722 5708 
f 5725 5727 5726 
f 5727 5728 5726 
f 5727 5729 5728 
f 5729 5730 5728 
f 5729 5731 5730 
f 5731 5732 5730 
f 5731 5733 5732 
f 5733 5734 5732 
f 5733 5735 5734 
f 5735 5736 5734 
f 5735 5737 5736 
f 5737 5738 5736 
f 5737 5739 5738 
f 5739 5740 5738 
f 5739 5725 5740 
f 5725 5726 5740 
f 5741 5727 5725 
f 5741 5729 5727 
f 5741 5731 5729 
f 5741 5733 5731 
f 5741 5735 5733 
f 5741 5737 5735 
f 5741 5739 5737 
f 5741 5725 5739 
f 5742 5726 5728 
f 5742 5728 5730 
f 5742 5730 5732 
f 5742 5732 5734 
f 5742 5734 5736 
f 5742 5736 5738 
f 5742 5738 5740 
f 5742 5740 5726 
f 5743 5745 5744 
f 5745 5746 5744 
f 5745 5747 5746 
f 5747 5748 5746 
f 5747 5749 5748 
f 5749 5750 5748 
f 5749 5751 5750 
f 5751 5752 5750 
f 5751 5753 5752 
f 5753 5754 5752 
f 5753 5755 5754 
f 5755 5756 5754 
f 5755 5757 5756 
f 5757 5758 5756 
f 5757 5743 5758 
f 5743 5744 5758 
f 5759 5745 5743 
f 5759 5747 5745 
f 5759 5749 5747 
f 5759 5751 5749 
f 5759 5753 5751 
f 5759 5755 5753 
f 5759 5757 5755 
f 5759 5743 5757 
f 5760 5744 5746 
f 5760 5746 5748 
f 5760 5748 5750 
f 5760 5750 5752 
f 5760 5752 5754 
f 5760 5754 5756 
f 5760 5756 5758 
f 5760 5758 5744 
f 5761 5763 5762 
f 5763 5764 5762 
f 5763 5765 5764 
f 5765 5766 5764 
f 5765 5767 5766 
f 5767 5768 5766 
f 5767 5769 5768 
f 5769 5770 5768 
f 5769 5771 5770 
f 5771 5772 5770 
f 5771 5773 5772 
f 5773 5774 5772 
f 5773 5775 5774 
f 5775 5776 5774 
f 5775 5761 5776 
f 5761 5762 5776 
f 5777 5763 5761 
f 5777 5765 5763 
f 5777 5767 5765 
f 5777 5769 5767 
f 5777 5771 5769 
f 5777 5773 5771 
f 5777 5775 5773 
f 5777 5761 5775 
f 5778 5762 5764 
f 5778 5764 5766 
f 5778 5766 5768 
f 5778 5768 5770 
f 5778 5770 5772 
f 5778 5772 5774 
f 5778 5774 5776 
f 5778 5776 5762 
f 5779 5781 5780 
f 5781 5782 5780 
f 5781 5783 5782 
f 5783 5784 5782 
f 5783 5785 5784 
f 5785 5786 5784 
f 5785 5787 5786 
f 5787 5788 5786 
f 5787 5789 5788 
f 5789 5790 5788 
f 5789 5791 5790 
f 5791 5792 5790 
f 5791 5793 5792 
f 5793 5794 5792 
f 5793 5779 5794 
f 5779 5780 5794 
f 5795 5781 5779 
f 5795 5783 5781 
f 5795 5785 5783 
f 5795 5787 5785 
f 5795 5789 5787 
f 5795 5791 5789 
f 5795 5793 5791 
f 5795 5779 5793 
f 5796 5780 5782 
f 5796 5782 5784 
f 5796 5784 5786 
f 5796 5786 5788 
f 5796 5788 5790 
f 5796 5790 5792 
f 5796 5792 5794 
f 5796 5794 5780 
f 5797 5799 5798 
f 5799 5800 5798 
f 5799 5801 5800 
f 5801 5802 5800 
f 5801 5803 5802 
f 5803 5804 5802 
f 5803 5805 5804 
f 5805 5806 5804 
f 5805 5807 5806 
f 5807 5808 5806 
f 5807 5809 5808 
f 5809 5810 5808 
f 5809 5811 5810 
f 5811 5812 5810 
f 5811 5797 5812 
f 5797 5798 5812 
f 5813 5799 5797 
f 5813 5801 5799 
f 5813 5803 5801 
f 5813 5805 5803 
f 5813 5807 5805 
f 5813 5809 5807 
f 5813 5811 5809 
f 5813 5797 5811 
f 5814 5798 5800 
f 5814 5800 5802 
f 5814 5802 5804 
f 5814 5804 5806 
f 5814 5806 5808 
f 5814 5808 5810 
f 5814 5810 5812 
f 5814 5812 5798 
f 5815 5817 5816 
f 5817 5818 5816 
f 5817 5819 5818 
f 5819 5820 5818 
f 5819 5821 5820 
f 5821 5822 5820 
f 5821 5823 5822 
f 5823 5824 5822 
f 5823 5825 5824 
f 5825 5826 5824 
f 5825 5827 5826 
f 5827 5828 5826 
f 5827 5829 5828 
f 5829 5830 5828 
f 5829 5815 5830 
f 5815 5816 5830 
f 5831 5817 5815 
f 5831 5819 5817 
f 5831 5821 5819 
f 5831 5823 5821 
f 5831 5825 5823 
f 5831 5827 5825 
f 5831 5829 5827 
f 5831 5815 5829 
f 5832 5816 5818 
f 5832 5818 5820 
f 5832 5820 5822 
f 5832 5822 5824 
f 5832 5824 5826 
f 5832 5826 5828 
f 5832 5828 5830 
f 5832 5830 5816 
f 5833 5835 5834 
f 5835 5836 5834 
f 5835 5837 5836 
f 5837 5838 5836 
f 5837 5839 5838 
f 5839 5840 5838 
f 5839 5841 5840 
f 5841 5842 5840 
f 5841 5843 5842 
f 5843 5844 5842 
f 5843 5845 5844 
f 5845 5846 5844 
f 5845 5847 5846 
f 5847 5848 5846 
f 5847 5833 5848 
f 5833 5834 5848 
f 5849 5835 5833 
f 5849 5837 5835 
f 5849 5839 5837 
f 5849 5841 5839 
f 5849 5843 5841 
f 5849 5845 5843 
f 5849 5847 5845 
f 5849 5833 5847 
f 5850 5834 5836 
f 5850 5836 5838 
f 5850 5838 5840 
f 5850 5840 5842 
f 5850 5842 5844 
f 5850 5844 5846 
f 5850 5846 5848 
f 5850 5848 5834 
f 5851 5853 5852 
f 5853 5854 5852 
f 5853 5855 5854 
f 5855 5856 5854 
f 5855 5857 5856 
f 5857 5858 5856 
f 5857 5859 5858 
f 5859 5860 5858 
f 5859 5861 5860 
f 5861 5862 5860 
f 5861 5863 5862 
f 5863 5864 5862 
f 5863 5865 5864 
f 5865 5866 5864 
f 5865 5851 5866 
f 5851 5852 5866 
f 5867 5853 5851 
f 5867 5855 5853 
f 5867 5857 5855 
f 5867 5859 5857 
f 5867 5861 5859 
f 5867 5863 5861 
f 5867 5865 5863 
f 5867 5851 5865 
f 5868 5852 5854 
f 5868 5854 5856 
f 5868 5856 5858 
f 5868 5858 5860 
f 5868 5860 5862 
f 5868 5862 5864 
f 5868 5864 5866 
f 5868 5866 5852 
f 5869 5871 5870 
f 5871 5872 5870 
f 5871 5873 5872 
f 5873 5874 5872 
f 5873 5875 5874 
f 5875 5876 5874 
f 5875 5877 5876 
f 5877 5878 5876 
f 5877 5879 5878 
f 5879 5880 5878 
f 5879 5881 5880 
f 5881 5882 5880 
f 5881 5883 5882 
f 5883 5884 5882 
f 5883 5869 5884 
f 5869 5870 5884 
f 5885 5871 5869 
f 5885 5873 5871 
f 5885 5875 5873 
f 5885 5877 5875 
f 5885 5879 5877 
f 5885 5881 5879 
f 5885 5883 5881 
f 5885 5869 5883 
f 5886 5870 5872 
f 5886 5872 5874 
f 5886 5874 5876 
f 5886 5876 5878 
f 5886 5878 5880 
f 5886 5880 5882 
f 5886 5882 5884 
f 5886 5884 5870 
f 5887 5889 5888 
f 5889 5890 5888 
f 5889 5891 5890 
f 5891 5892 5890 
f 5891 5893 5892 
f 5893 5894 5892 
f 5893 5895 5894 
f 5895 5896 5894 
f 5895 5897 5896 
f 5897 5898 5896 
f 5897 5899 5898 
f 5899 5900 5898 
f 5899 5901 5900 
f 5901 5902 5900 
f 5901 5887 5902 
f 5887 5888 5902 
f 5903 5889 5887 
f 5903 5891 5889 
f 5903 5893 5891 
f 5903 5895 5893 
f 5903 5897 5895 
f 5903 5899 5897 
f 5903 5901 5899 
f 5903 5887 5901 
f 5904 5888 5890 
f 5904 5890 5892 
f 5904 5892 5894 
f 5904 5894 5896 
f 5904 5896 5898 
f 5904 5898 5900 
f 5904 5900 5902 
f 5904 5902 5888 
f 5905 5907 5906 
f 5907 5908 5906 
f 5907 5909 5908 
f 5909 5910 5908 
f 5909 5911 5910 
f 5911 5912 5910 
f 5911 5913 5912 
f 5913 5914 5912 
f 5913 5915 5914 
f 5915 5916 5914 
f 5915 5917 5916 
f 5917 5918 5916 
f 5917 5919 5918 
f 5919 5920 5918 
f 5919 5905 5920 
f 5905 5906 5920 
f 5921 5907 5905 
f 5921 5909 5907 
f 5921 5911 5909 
f 5921 5913 5911 
f 5921 5915 5913 
f 5921 5917 5915 
f 5921 5919 5917 
f 5921 5905 5919 
f 5922 5906 5908 
f 5922 5908 5910 
f 5922 5910 5912 
f 5922 5912 5914 
f 5922 5914 5916 
f 5922 5916 5918 
f 5922 5918 5920 
f 5922 5920 5906 
f 5923 5925 5924 
f 5925 5926 5924 
f 5925 5927 5926 
f 5927 5928 5926 
f 5927 5929 5928 
f 5929 5930 5928 
f 5929 5931 5930 
f 5931 5932 5930 
f 5931 5933 5932 
f 5933 5934 5932 
f 5933 5935 5934 
f 5935 5936 5934 
f 5935 5937 5936 
f 5937 5938 5936 
f 5937 5923 5938 
f 5923 5924 5938 
f 5939 5925 5923 
f 5939 5927 5925 
f 5939 5929 5927 
f 5939 5931 5929 
f 5939 5933 5931 
f 5939 5935 5933 
f 5939 5937 5935 
f 5939 5923 5937 
f 5940 5924 5926 
f 5940 5926 5928 
f 5940 5928 5930 
f 5940 5930 5932 
f 5940 5932 5934 
f 5940 5934 5936 
f 5940 5936 5938 
f 5940 5938 5924 
f 5941 5943 5942 
f 5943 5944 5942 
f 5943 5945 5944 
f 5945 5946 5944 
f 5945 5947 5946 
f 5947 5948 5946 
f 5947 5949 5948 
f 5949 5950 5948 
f 5949 5951 5950 
f 5951 5952 5950 
f 5951 5953 5952 
f 5953 5954 5952 
f 5953 5955 5954 
f 5955 5956 5954 
f 5955 5941 5956 
f 5941 5942 5956 
f 5957 5943 5941 
f 5957 5945 5943 
f 5957 5947 5945 
f 5957 5949 5947 
f 5957 5951 5949 
f 5957 5953 5951 
f 5957 5955 5953 
f 5957 5941 5955 
f 5958 5942 5944 
f 5958 5944 5946 
f 5958 5946 5948 
f 5958 5948 5950 
f 5958 5950 5952 
f 5958 5952 5954 
f 5958 5954 5956 
f 5958 5956 5942 
f 5959 5961 5960 
f 5961 5962 5960 
f 5961 5963 5962 
f 5963 5964 5962 
f 5963 5965 5964 
f 5965 5966 5964 
f 5965 5967 5966 
f 5967 5968 5966 
f 5967 5969 5968 
f 5969 5970 5968 
f 5969 5971 5970 
f 5971 5972 5970 
f 5971 5973 5972 
f 5973 5974 5972 
f 5973 5959 5974 
f 5959 5960 5974 
f 5975 5961 5959 
f 5975 5963 5961 
f 5975 5965 5963 
f 5975 5967 5965 
f 5975 5969 5967 
f 5975 5971 5969 
f 5975 5973 5971 
f 5975 5959 5973 
f 5976 5960 5962 
f 5976 5962 5964 
f 5976 5964 5966 
f 5976 5966 5968 
f 5976 5968 5970 
f 5976 5970 5972 
f 5976 5972 5974 
f 5976 5974 5960 
f 5977 5979 5978 
f 5979 5980 5978 
f 5979 5981 5980 
f 5981 5982 5980 
f 5981 5983 5982 
f 5983 5984 5982 
f 5983 5985 5984 
f 5985 5986 5984 
f 5985 5987 5986 
f 5987 5988 5986 
f 5987 5989 5988 
f 5989 5990 5988 
f 5989 5991 5990 
f 5991 5992 5990 
f 5991 5977 5992 
f 5977 5978 5992 
f 5993 5979 5977 
f 5993 5981 5979 
f 5993 5983 5981 
f 5993 5985 5983 
f 5993 5987 5985 
f 5993 5989 5987 
f 5993 5991 5989 
f 5993 5977 5991 
f 5994 5978 5980 
f 5994 5980 5982 
f 5994 5982 5984 
f 5994 5984 5986 
f 5994 5986 5988 
f 5994 5988 5990 
f 5994 5990 5992 
f 5994 5992 5978 
f 5995 5997 5996 
f 5997 5998 5996 
f 5997 5999 5998 
f 5999 6000 5998 
f 5999 6001 6000 
f 6001 6002 6000 
f 6001 6003 6002 
f 6003 6004 6002 
f 6003 6005 6004 
f 6005 6006 6004 
f 6005 6007 6006 
f 6007 6008 6006 
f 6007 6009 6008 
f 6009 6010 6008 
f 6009 5995 6010 
f 5995 5996 6010 
f 6011 5997 5995 
f 6011 5999 5997 
f 6011 6001 5999 
f 6011 6003 6001 
f 6011 6005 6003 
f 6011 6007 6005 
f 6011 6009 6007 
f 6011 5995 6009 
f 6012 5996 5998 
f 6012 5998 6000 
f 6012 6000 6002 
f 6012 6002 6004 
f 6012 6004 6006 
f 6012 6006 6008 
f 6012 6008 6010 
f 6012 6010 5996 
f 6013 6015 6014 
f 6015 6016 6014 
f 6015 6017 6016 
f 6017 6018 6016 
f 6017 6019 6018 
f 6019 6020 6018 
f 6019 6021 6020 
f 6021 6022 6020 
f 6021 6023 6022 
f 6023 6024 6022 
f 6023 6025 6024 
f 6025 6026 6024 
f 6025 6027 6026 
f 6027 6028 6026 
f 6027 6013 6028 
f 6013 6014 6028 
f 6029 6015 6013 
f 6029 6017 6015 
f 6029 6019 6017 
f 6029 6021 6019 
f 6029 6023 6021 
f 6029 6025 6023 
f 6029 6027 6025 
f 6029 6013 6027 
f 6030 6014 6016 
f 6030 6016 6018 
f 6030 6018 6020 
f 6030 6020 6022 
f 6030 6022 6024 
f 6030 6024 6026 
f 6030 6026 6028 
f 6030 6028 6014 
f 6031 6033 6032 
f 6033 6034 6032 
f 6033 6035 6034 
f 6035 6036 6034 
f 6035 6037 6036 
f 6037 6038 6036 
f 6037 6039 6038 
f 6039 6040 6038 
f 6039 6041 6040 
f 6041 6042 6040 
f 6041 6043 6042 
f 6043 6044 6042 
f 6043 6045 6044 
f 6045 6046 6044 
f 6045 6031 6046 
f 6031 6032 6046 
f 6047 6033 6031 
f 6047 6035 6033 
f 6047 6037 6035 
f 6047 6039 6037 
f 6047 6041 6039 
f 6047 6043 6041 
f 6047 6045 6043 
f 6047 6031 6045 
f 6048 6032 6034 
f 6048 6034 6036 
f 6048 6036 6038 
f 6048 6038 6040 
f 6048 6040 6042 
f 6048 6042 6044 
f 6048 6044 6046 
f 6048 6046 6032 
f 6049 6051 6050 
f 6051 6052 6050 
f 6051 6053 6052 
f 6053 6054 6052 
f 6053 6055 6054 
f 6055 6056 6054 
f 6055 6057 6056 
f 6057 6058 6056 
f 6057 6059 6058 
f 6059 6060 6058 
f 6059 6061 6060 
f 6061 6062 6060 
f 6061 6063 6062 
f 6063 6064 6062 
f 6063 6049 6064 
f 6049 6050 6064 
f 6065 6051 6049 
f 6065 6053 6051 
f 6065 6055 6053 
f 6065 6057 6055 
f 6065 6059 6057 
f 6065 6061 6059 
f 6065 6063 6061 
f 6065 6049 6063 
f 6066 6050 6052 
f 6066 6052 6054 
f 6066 6054 6056 
f 6066 6056 6058 
f 6066 6058 6060 
f 6066 6060 6062 
f 6066 6062 6064 
f 6066 6064 6050 
f 6067 6069 6068 
f 6069 6070 6068 
f 6069 6071 6070 
f 6071 6072 6070 
f 6071 6073 6072 
f 6073 6074 6072 
f 6073 6075 6074 
f 6075 6076 6074 
f 6075 6077 6076 
f 6077 6078 6076 
f 6077 6079 6078 
f 6079 6080 6078 
f 6079 6081 6080 
f 6081 6082 6080 
f 6081 6067 6082 
f 6067 6068 6082 
f 6083 6069 6067 
f 6083 6071 6069 
f 6083 6073 6071 
f 6083 6075 6073 
f 6083 6077 6075 
f 6083 6079 6077 
f 6083 6081 6079 
f 6083 6067 6081 
f 6084 6068 6070 
f 6084 6070 6072 
f 6084 6072 6074 
f 6084 6074 6076 
f 6084 6076 6078 
f 6084 6078 6080 
f 6084 6080 6082 
f 6084 6082 6068 
f 6085 6087 6086 
f 6087 6088 6086 
f 6087 6089 6088 
f 6089 6090 6088 
f 6089 6091 6090 
f 6091 6092 6090 
f 6091 6093 6092 
f 6093 6094 6092 
f 6093 6095 6094 
f 6095 6096 6094 
f 6095 6097 6096 
f 6097 6098 6096 
f 6097 6099 6098 
f 6099 6100 6098 
f 6099 6085 6100 
f 6085 6086 6100 
f 6101 6087 6085 
f 6101 6089 6087 
f 6101 6091 6089 
f 6101 6093 6091 
f 6101 6095 6093 
f 6101 6097 6095 
f 6101 6099 6097 
f 6101 6085 6099 
f 6102 6086 6088 
f 6102 6088 6090 
f 6102 6090 6092 
f 6102 6092 6094 
f 6102 6094 6096 
f 6102 6096 6098 
f 6102 6098 6100 
f 6102 6100 6086 
f 6103 6105 6104 
f 6105 6106 6104 
f 6105 6107 6106 
f 6107 6108 6106 
f 6107 6109 6108 
f 6109 6110 6108 
f 6109 6111 6110 
f 6111 6112 6110 
f 6111 6113 6112 
f 6113 6114 6112 
f 6113 6115 6114 
f 6115 6116 6114 
f 6115 6117 6116 
f 6117 6118 6116 
f 6117 6103 6118 
f 6103 6104 6118 
f 6119 6105 6103 
f 6119 6107 6105 
f 6119 6109 6107 
f 6119 6111 6109 
f 6119 6113 6111 
f 6119 6115 6113 
f 6119 6117 6115 
f 6119 6103 6117 
f 6120 6104 6106 
f 6120 6106 6108 
f 6120 6108 6110 
f 6120 6110 6112 
f 6120 6112 6114 
f 6120 6114 6116 
f 6120 6116 6118 
f 6120 6118 6104 
f 6121 6123 6122 
f 6123 6124 6122 
f 6123 6125 6124 
f 6125 6126 6124 
f 6125 6127 6126 
f 6127 6128 6126 
f 6127 6129 6128 
f 6129 6130 6128 
f 6129 6131 6130 
f 6131 6132 6130 
f 6131 6133 6132 
f 6133 6134 6132 
f 6133 6135 6134 
f 6135 6136 6134 
f 6135 6121 6136 
f 6121 6122 6136 
f 6137 6123 6121 
f 6137 6125 6123 
f 6137 6127 6125 
f 6137 6129 6127 
f 6137 6131 6129 
f 6137 6133 6131 
f 6137 6135 6133 
f 6137 6121 6135 
f 6138 6122 6124 
f 6138 6124 6126 
f 6138 6126 6128 
f 6138 6128 6130 
f 6138 6130 6132 
f 6138 6132 6134 
f 6138 6134 6136 
f 6138 6136 6122 
f 6139 6141 6140 
f 6141 6142 6140 
f 6141 6143 6142 
f 6143 6144 6142 
f 6143 6145 6144 
f 6145 6146 6144 
f 6145 6147 6146 
f 6147 6148 6146 
f 6147 6149 6148 
f 6149 6150 6148 
f 6149 6151 6150 
f 6151 6152 6150 
f 6151 6153 6152 
f 6153 6154 6152 
f 6153 6139 6154 
f 6139 6140 6154 
f 6155 6141 6139 
f 6155 6143 6141 
f 6155 6145 6143 
f 6155 6147 6145 
f 6155 6149 6147 
f 6155 6151 6149 
f 6155 6153 6151 
f 6155 6139 6153 
f 6156 6140 6142 
f 6156 6142 6144 
f 6156 6144 6146 
f 6156 6146 6148 
f 6156 6148 6150 
f 6156 6150 6152 
f 6156 6152 6154 
f 6156 6154 6140 
f 6157 6159 6158 
f 6159 6160 6158 
f 6159 6161 6160 
f 6161 6162 6160 
f 6161 6163 6162 
f 6163 6164 6162 
f 6163 6165 6164 
f 6165 6166 6164 
f 6165 6167 6166 
f 6167 6168 6166 
f 6167 6169 6168 
f 6169 6170 6168 
f 6169 6171 6170 
f 6171 6172 6170 
f 6171 6157 6172 
f 6157 6158 6172 
f 6173 6159 6157 
f 6173 6161 6159 
f 6173 6163 6161 
f 6173 6165 6163 
f 6173 6167 6165 
f 6173 6169 6167 
f 6173 6171 6169 
f 6173 6157 6171 
f 6174 6158 6160 
f 6174 6160 6162 
f 6174 6162 6164 
f 6174 6164 6166 
f 6174 6166 6168 
f 6174 6168 6170 
f 6174 6170 6172 
f 6174 6172 6158 
f 6175 6177 6176 
f 6177 6178 6176 
f 6177 6179 6178 
f 6179 6180 6178 
f 6179 6181 6180 
f 6181 6182 6180 
f 6181 6183 6182 
f 6183 6184 6182 
f 6183 6185 6184 
f 6185 6186 6184 
f 6185 6187 6186 
f 6187 6188 6186 
f 6187 6189 6188 
f 6189 6190 6188 
f 6189 6175 6190 
f 6175 6176 6190 
f 6191 6177 6175 
f 6191 6179 6177 
f 6191 6181 6179 
f 6191 6183 6181 
f 6191 6185 6183 
f 6191 6187 6185 
f 6191 6189 6187 
f 6191 6175 6189 
f 6192 6176 6178 
f 6192 6178 6180 
f 6192 6180 6182 
f 6192 6182 6184 
f 6192 6184 6186 
f 6192 6186 6188 
f 6192 6188 6190 
f 6192 6190 6176 
f 6193 6195 6194 
f 6195 6196 6194 
f 6195 6197 6196 
f 6197 6198 6196 
f 6197 6199 6198 
f 6199 6200 6198 
f 6199 6201 6200 
f 6201 6202 6200 
f 6201 6203 6202 
f 6203 6204 6202 
f 6203 6205 6204 
f 6205 6206 6204 
f 6205 6207 6206 
f 6207 6208 6206 
f 6207 6193 6208 
f 6193 6194 6208 
f 6209 6195 6193 
f 6209 6197 6195 
f 6209 6199 6197 
f 6209 6201 6199 
f 6209 6203 6201 
f 6209 6205 6203 
f 6209 6207 6205 
f 6209 6193 6207 
f 6210 6194 6196 
f 6210 6196 6198 
f 6210 6198 6200 
f 6210 6200 6202 
f 6210 6202 6204 
f 6210 6204 6206 
f 6210 6206 6208 
f 6210 6208 6194 
f 6211 6213 6212 
f 6213 6214 6212 
f 6213 6215 6214 
f 6215 6216 6214 
f 6215 6217 6216 
f 6217 6218 6216 
f 6217 6219 6218 
f 6219 6220 6218 
f 6219 6221 6220 
f 6221 6222 6220 
f 6221 6223 6222 
f 6223 6224 6222 
f 6223 6225 6224 
f 6225 6226 6224 
f 6225 6211 6226 
f 6211 6212 6226 
f 6227 6213 6211 
f 6227 6215 6213 
f 6227 6217 6215 
f 6227 6219 6217 
f 6227 6221 6219 
f 6227 6223 6221 
f 6227 6225 6223 
f 6227 6211 6225 
f 6228 6212 6214 
f 6228 6214 6216 
f 6228 6216 6218 
f 6228 6218 6220 
f 6228 6220 6222 
f 6228 6222 6224 
f 6228 6224 6226 
f 6228 6226 6212 
f 6229 6231 6230 
f 6231 6232 6230 
f 6231 6233 6232 
f 6233 6234 6232 
f 6233 6235 6234 
f 6235 6236 6234 
f 6235 6237 6236 
f 6237 6238 6236 
f 6237 6239 6238 
f 6239 6240 6238 
f 6239 6241 6240 
f 6241 6242 6240 
f 6241 6243 6242 
f 6243 6244 6242 
f 6243 6229 6244 
f 6229 6230 6244 
f 6245 6231 6229 
f 6245 6233 6231 
f 6245 6235 6233 
f 6245 6237 6235 
f 6245 6239 6237 
f 6245 6241 6239 
f 6245 6243 6241 
f 6245 6229 6243 
f 6246 6230 6232 
f 6246 6232 6234 
f 6246 6234 6236 
f 6246 6236 6238 
f 6246 6238 6240 
f 6246 6240 6242 
f 6246 6242 6244 
f 6246 6244 6230 
f 6247 6249 6248 
f 6249 6250 6248 
f 6249 6251 6250 
f 6251 6252 6250 
f 6251 6253 6252 
f 6253 6254 6252 
f 6253 6255 6254 
f 6255 6256 6254 
f 6255 6257 6256 
f 6257 6258 6256 
f 6257 6259 6258 
f 6259 6260 6258 
f 6259 6261 6260 
f 6261 6262 6260 
f 6261 6247 6262 
f 6247 6248 6262 
f 6263 6249 6247 
f 6263 6251 6249 
f 6263 6253 6251 
f 6263 6255 6253 
f 6263 6257 6255 
f 6263 6259 6257 
f 6263 6261 6259 
f 6263 6247 6261 
f 6264 6248 6250 
f 6264 6250 6252 
f 6264 6252 6254 
f 6264 6254 6256 
f 6264 6256 6258 
f 6264 6258 6260 
f 6264 6260 6262 
f 6264 6262 6248 
f 6265 6267 6266 
f 6267 6268 6266 
f 6267 6269 6268 
f 6269 6270 6268 
f 6269 6271 6270 
f 6271 6272 6270 
f 6271 6273 6272 
f 6273 6274 6272 
f 6273 6275 6274 
f 6275 6276 6274 
f 6275 6277 6276 
f 6277 6278 6276 
f 6277 6279 6278 
f 6279 6280 6278 
f 6279 6265 6280 
f 6265 6266 6280 
f 6281 6267 6265 
f 6281 6269 6267 
f 6281 6271 6269 
f 6281 6273 6271 
f 6281 6275 6273 
f 6281 6277 6275 
f 6281 6279 6277 
f 6281 6265 6279 
f 6282 6266 6268 
f 6282 6268 6270 
f 6282 6270 6272 
f 6282 6272 6274 
f 6282 6274 6276 
f 6282 6276 6278 
f 6282 6278 6280 
f 6282 6280 6266 
f 6283 6285 6284 
f 6285 6286 6284 
f 6285 6287 6286 
f 6287 6288 6286 
f 6287 6289 6288 
f 6289 6290 6288 
f 6289 6291 6290 
f 6291 6292 6290 
f 6291 6293 6292 
f 6293 6294 6292 
f 6293 6295 6294 
f 6295 6296 6294 
f 6295 6297 6296 
f 6297 6298 6296 
f 6297 6283 6298 
f 6283 6284 6298 
f 6299 6285 6283 
f 6299 6287 6285 
f 6299 6289 6287 
f 6299 6291 6289 
f 6299 6293 6291 
f 6299 6295 6293 
f 6299 6297 6295 
f 6299 6283 6297 
f 6300 6284 6286 
f 6300 6286 6288 
f 6300 6288 6290 
f 6300 6290 6292 
f 6300 6292 6294 
f 6300 6294 6296 
f 6300 6296 6298 
f 6300 6298 6284 
f 6301 6303 6302 
f 6303 6304 6302 
f 6303 6305 6304 
f 6305 6306 6304 
f 6305 6307 6306 
f 6307 6308 6306 
f 6307 6309 6308 
f 6309 6310 6308 
f 6309 6311 6310 
f 6311 6312 6310 
f 6311 6313 6312 
f 6313 6314 6312 
f 6313 6315 6314 
f 6315 6316 6314 
f 6315 6301 6316 
f 6301 6302 6316 
f 6317 6303 6301 
f 6317 6305 6303 
f 6317 6307 6305 
f 6317 6309 6307 
f 6317 6311 6309 
f 6317 6313 6311 
f 6317 6315 6313 
f 6317 6301 6315 
f 6318 6302 6304 
f 6318 6304 6306 
f 6318 6306 6308 
f 6318 6308 6310 
f 6318 6310 6312 
f 6318 6312 6314 
f 6318 6314 6316 
f 6318 6316 6302 
f 6319 6321 6320 
f 6321 6322 6320 
f 6321 6323 6322 
f 6323 6324 6322 
f 6323 6325 6324 
f 6325 6326 6324 
f 6325 6327 6326 
f 6327 6328 6326 
f 6327 6329 6328 
f 6329 6330 6328 
f 6329 6331 6330 
f 6331 6332 6330 
f 6331 6333 6332 
f 6333 6334 6332 
f 6333 6319 6334 
f 6319 6320 6334 
f 6335 6321 6319 
f 6335 6323 6321 
f 6335 6325 6323 
f 6335 6327 6325 
f 6335 6329 6327 
f 6335 6331 6329 
f 6335 6333 6331 
f 6335 6319 6333 
f 6336 6320 6322 
f 6336 6322 6324 
f 6336 6324 6326 
f 6336 6326 6328 
f 6336 6328 6330 
f 6336 6330 6332 
f 6336 6332 6334 
f 6336 6334 6320 
f 6337 6339 6338 
f 6339 6340 6338 
f 6339 6341 6340 
f 6341 6342 6340 
f 6341 6343 6342 
f 6343 6344 6342 
f 6343 6345 6344 
f 6345 6346 6344 
f 6345 6347 6346 
f 6347 6348 6346 
f 6347 6349 6348 
f 6349 6350 6348 
f 6349 6351 6350 
f 6351 6352 6350 
f 6351 6337 6352 
f 6337 6338 6352 
f 6353 6339 6337 
f 6353 6341 6339 
f 6353 6343 6341 
f 6353 6345 6343 
f 6353 6347 6345 
f 6353 6349 6347 
f 6353 6351 6349 
f 6353 6337 6351 
f 6354 6338 6340 
f 6354 6340 6342 
f 6354 6342 6344 
f 6354 6344 6346 
f 6354 6346 6348 
f 6354 6348 6350 
f 6354 6350 6352 
f 6354 6352 6338 
f 6355 6357 6356 
f 6357 6358 6356 
f 6357 6359 6358 
f 6359 6360 6358 
f 6359 6361 6360 
f 6361 6362 6360 
f 6361 6363 6362 
f 6363 6364 6362 
f 6363 6365 6364 
f 6365 6366 6364 
f 6365 6367 6366 
f 6367 6368 6366 
f 6367 6369 6368 
f 6369 6370 6368 
f 6369 6355 6370 
f 6355 6356 6370 
f 6371 6357 6355 
f 6371 6359 6357 
f 6371 6361 6359 
f 6371 6363 6361 
f 6371 6365 6363 
f 6371 6367 6365 
f 6371 6369 6367 
f 6371 6355 6369 
f 6372 6356 6358 
f 6372 6358 6360 
f 6372 6360 6362 
f 6372 6362 6364 
f 6372 6364 6366 
f 6372 6366 6368 
f 6372 6368 6370 
f 6372 6370 6356 
f 6373 6375 6374 
f 6375 6376 6374 
f 6375 6377 6376 
f 6377 6378 6376 
f 6377 6379 6378 
f 6379 6380 6378 
f 6379 6381 6380 
f 6381 6382 6380 
f 6381 6383 6382 
f 6383 6384 6382 
f 6383 6385 6384 
f 6385 6386 6384 
f 6385 6387 6386 
f 6387 6388 6386 
f 6387 6373 6388 
f 6373 6374 6388 
f 6389 6375 6373 
f 6389 6377 6375 
f 6389 6379 6377 
f 6389 6381 6379 
f 6389 6383 6381 
f 6389 6385 6383 
f 6389 6387 6385 
f 6389 6373 6387 
f 6390 6374 6376 
f 6390 6376 6378 
f 6390 6378 6380 
f 6390 6380 6382 
f 6390 6382 6384 
f 6390 6384 6386 
f 6390 6386 6388 
f 6390 6388 6374 
f 6391 6393 6392 
f 6393 6394 6392 
f 6393 6395 6394 
f 6395 6396 6394 
f 6395 6397 6396 
f 6397 6398 6396 
f 6397 6399 6398 
f 6399 6400 6398 
f 6399 6401 6400 
f 6401 6402 6400 
f 6401 6403 6402 
f 6403 6404 6402 
f 6403 6405 6404 
f 6405 6406 6404 
f 6405 6391 6406 
f 6391 6392 6406 
f 6407 6393 6391 
f 6407 6395 6393 
f 6407 6397 6395 
f 6407 6399 6397 
f 6407 6401 6399 
f 6407 6403 6401 
f 6407 6405 6403 
f 6407 6391 6405 
f 6408 6392 6394 
f 6408 6394 6396 
f 6408 6396 6398 
f 6408 6398 6400 
f 6408 6400 6402 
f 6408 6402 6404 
f 6408 6404 6406 
f 6408 6406 6392 
f 6409 6411 6410 
f 6411 6412 6410 
f 6411 6413 6412 
f 6413 6414 6412 
f 6413 6415 6414 
f 6415 6416 6414 
f 6415 6417 6416 
f 6417 6418 6416 
f 6417 6419 6418 
f 6419 6420 6418 
f 6419 6421 6420 
f 6421 6422 6420 
f 6421 6423 6422 
f 6423 6424 6422 
f 6423 6409 6424 
f 6409 6410 6424 
f 6425 6411 6409 
f 6425 6413 6411 
f 6425 6415 6413 
f 6425 6417 6415 
f 6425 6419 6417 
f 6425 6421 6419 
f 6425 6423 6421 
f 6425 6409 6423 
f 6426 6410 6412 
f 6426 6412 6414 
f 6426 6414 6416 
f 6426 6416 6418 
f 6426 6418 6420 
f 6426 6420 6422 
f 6426 6422 6424 
f 6426 6424 6410 
f 6427 6429 6428 
f 6429 6430 6428 
f 6429 6431 6430 
f 6431 6432 6430 
f 6431 6433 6432 
f 6433 6434 6432 
f 6433 6435 6434 
f 6435 6436 6434 
f 6435 6437 6436 
f 6437 6438 6436 
f 6437 6439 6438 
f 6439 6440 6438 
f 6439 6441 6440 
f 6441 6442 6440 
f 6441 6427 6442 
f 6427 6428 6442 
f 6443 6429 6427 
f 6443 6431 6429 
f 6443 6433 6431 
f 6443 6435 6433 
f 6443 6437 6435 
f 6443 6439 6437 
f 6443 6441 6439 
f 6443 6427 6441 
f 6444 6428 6430 
f 6444 6430 6432 
f 6444 6432 6434 
f 6444 6434 6436 
f 6444 6436 6438 
f 6444 6438 6440 
f 6444 6440 6442 
f 6444 6442 6428 
f 6445 6447 6446 
f 6447 6448 6446 
f 6447 6449 6448 
f 6449 6450 6448 
f 6449 6451 6450 
f 6451 6452 6450 
f 6451 6453 6452 
f 6453 6454 6452 
f 6453 6455 6454 
f 6455 6456 6454 
f 6455 6457 6456 
f 6457 6458 6456 
f 6457 6459 6458 
f 6459 6460 6458 
f 6459 6445 6460 
f 6445 6446 6460 
f 6461 6447 6445 
f 6461 6449 6447 
f 6461 6451 6449 
f 6461 6453 6451 
f 6461 6455 6453 
f 6461 6457 6455 
f 6461 6459 6457 
f 6461 6445 6459 
f 6462 6446 6448 
f 6462 6448 6450 
f 6462 6450 6452 
f 6462 6452 6454 
f 6462 6454 6456 
f 6462 6456 6458 
f 6462 6458 6460 
f 6462 6460 6446 
f 6463 6465 6464 
f 6465 6466 6464 
f 6465 6467 6466 
f 6467 6468 6466 
f 6467 6469 6468 
f 6469 6470 6468 
f 6469 6471 6470 
f 6471 6472 6470 
f 6471 6473 6472 
f 6473 6474 6472 
f 6473 6475 6474 
f 6475 6476 6474 
f 6475 6477 6476 
f 6477 6478 6476 
f 6477 6463 6478 
f 6463 6464 6478 
f 6479 6465 6463 
f 6479 6467 6465 
f 6479 6469 6467 
f 6479 6471 6469 
f 6479 6473 6471 
f 6479 6475 6473 
f 6479 6477 6475 
f 6479 6463 6477 
f 6480 6464 6466 
f 6480 6466 6468 
f 6480 6468 6470 
f 6480 6470 6472 
f 6480 6472 6474 
f 6480 6474 6476 
f 6480 6476 6478 
f 6480 6478 6464 
f 6481 6483 6482 
f 6483 6484 6482 
f 6483 6485 6484 
f 6485 6486 6484 
f 6485 6487 6486 
f 6487 6488 6486 
f 6487 6489 6488 
f 6489 6490 6488 
f 6489 6491 6490 
f 6491 6492 6490 
f 6491 6493 6492 
f 6493 6494 6492 
f 6493 6495 6494 
f 6495 6496 6494 
f 6495 6481 6496 
f 6481 6482 6496 
f 6497 6483 6481 
f 6497 6485 6483 
f 6497 6487 6485 
f 6497 6489 6487 
f 6497 6491 6489 
f 6497 6493 6491 
f 6497 6495 6493 
f 6497 6481 6495 
f 6498 6482 6484 
f 6498 6484 6486 
f 6498 6486 6488 
f 6498 6488 6490 
f 6498 6490 6492 
f 6498 6492 6494 
f 6498 6494 6496 
f 6498 6496 6482 
f 6499 6501 6500 
f 6501 6502 6500 
f 6501 6503 6502 
f 6503 6504 6502 
f 6503 6505 6504 
f 6505 6506 6504 
f 6505 6507 6506 
f 6507 6508 6506 
f 6507 6509 6508 
f 6509 6510 6508 
f 6509 6511 6510 
f 6511 6512 6510 
f 6511 6513 6512 
f 6513 6514 6512 
f 6513 6499 6514 
f 6499 6500 6514 
f 6515 6501 6499 
f 6515 6503 6501 
f 6515 6505 6503 
f 6515 6507 6505 
f 6515 6509 6507 
f 6515 6511 6509 
f 6515 6513 6511 
f 6515 6499 6513 
f 6516 6500 6502 
f 6516 6502 6504 
f 6516 6504 6506 
f 6516 6506 6508 
f 6516 6508 6510 
f 6516 6510 6512 
f 6516 6512 6514 
f 6516 6514 6500 
f 6517 6519 6518 
f 6519 6520 6518 
f 6519 6521 6520 
f 6521 6522 6520 
f 6521 6523 6522 
f 6523 6524 6522 
f 6523 6525 6524 
f 6525 6526 6524 
f 6525 6527 6526 
f 6527 6528 6526 
f 6527 6529 6528 
f 6529 6530 6528 
f 6529 6531 6530 
f 6531 6532 6530 
f 6531 6517 6532 
f 6517 6518 6532 
f 6533 6519 6517 
f 6533 6521 6519 
f 6533 6523 6521 
f 6533 6525 6523 
f 6533 6527 6525 
f 6533 6529 6527 
f 6533 6531 6529 
f 6533 6517 6531 
f 6534 6518 6520 
f 6534 6520 6522 
f 6534 6522 6524 
f 6534 6524 6526 
f 6534 6526 6528 
f 6534 6528 6530 
f 6534 6530 6532 
f 6534 6532 6518 
f 6535 6537 6536 
f 6537 6538 6536 
f 6537 6539 6538 
f 6539 6540 6538 
f 6539 6541 6540 
f 6541 6542 6540 
f 6541 6543 6542 
f 6543 6544 6542 
f 6543 6545 6544 
f 6545 6546 6544 
f 6545 6547 6546 
f 6547 6548 6546 
f 6547 6549 6548 
f 6549 6550 6548 
f 6549 6535 6550 
f 6535 6536 6550 
f 6551 6537 6535 
f 6551 6539 6537 
f 6551 6541 6539 
f 6551 6543 6541 
f 6551 6545 6543 
f 6551 6547 6545 
f 6551 6549 6547 
f 6551 6535 6549 
f 6552 6536 6538 
f 6552 6538 6540 
f 6552 6540 6542 
f 6552 6542 6544 
f 6552 6544 6546 
f 6552 6546 6548 
f 6552 6548 6550 
f 6552 6550 6536 
f 6553 6555 6554 
f 6555 6556 6554 
f 6555 6557 6556 
f 6557 6558 6556 
f 6557 6559 6558 
f 6559 6560 6558 
f 6559 6561 6560 
f 6561 6562 6560 
f 6561 6563 6562 
f 6563 6564 6562 
f 6563 6565 6564 
f 6565 6566 6564 
f 6565 6567 6566 
f 6567 6568 6566 
f 6567 6553 6568 
f 6553 6554 6568 
f 6569 6555 6553 
f 6569 6557 6555 
f 6569 6559 6557 
f 6569 6561 6559 
f 6569 6563 6561 
f 6569 6565 6563 
f 6569 6567 6565 
f 6569 6553 6567 
f 6570 6554 6556 
f 6570 6556 6558 
f 6570 6558 6560 
f 6570 6560 6562 
f 6570 6562 6564 
f 6570 6564 6566 
f 6570 6566 6568 
f 6570 6568 6554 
f 6571 6573 6572 
f 6573 6574 6572 
f 6573 6575 6574 
f 6575 6576 6574 
f 6575 6577 6576 
f 6577 6578 6576 
f 6577 6579 6578 
f 6579 6580 6578 
f 6579 6581 6580 
f 6581 6582 6580 
f 6581 6583 6582 
f 6583 6584 6582 
f 6583 6585 6584 
f 6585 6586 6584 
f 6585 6571 6586 
f 6571 6572 6586 
f 6587 6573 6571 
f 6587 6575 6573 
f 6587 6577 6575 
f 6587 6579 6577 
f 6587 6581 6579 
f 6587 6583 6581 
f 6587 6585 6583 
f 6587 6571 6585 
f 6588 6572 6574 
f 6588 6574 6576 
f 6588 6576 6578 
f 6588 6578 6580 
f 6588 6580 6582 
f 6588 6582 6584 
f 6588 6584 6586 
f 6588 6586 6572 
f 6589 6591 6590 
f 6591 6592 6590 
f 6591 6593 6592 
f 6593 6594 6592 
f 6593 6595 6594 
f 6595 6596 6594 
f 6595 6597 6596 
f 6597 6598 6596 
f 6597 6599 6598 
f 6599 6600 6598 
f 6599 6601 6600 
f 6601 6602 6600 
f 6601 6603 6602 
f 6603 6604 6602 
f 6603 6589 6604 
f 6589 6590 6604 
f 6605 6591 6589 
f 6605 6593 6591 
f 6605 6595 6593 
f 6605 6597 6595 
f 6605 6599 6597 
f 6605 6601 6599 
f 6605 6603 6601 
f 6605 6589 6603 
f 6606 6590 6592 
f 6606 6592 6594 
f 6606 6594 6596 
f 6606 6596 6598 
f 6606 6598 6600 
f 6606 6600 6602 
f 6606 6602 6604 
f 6606 6604 6590 
f 6607 6609 6608 
f 6609 6610 6608 
f 6609 6611 6610 
f 6611 6612 6610 
f 6611 6613 6612 
f 6613 6614 6612 
f 6613 6615 6614 
f 6615 6616 6614 
f 6615 6617 6616 
f 6617 6618 6616 
f 6617 6619 6618 
f 6619 6620 6618 
f 6619 6621 6620 
f 6621 6622 6620 
f 6621 6607 6622 
f 6607 6608 6622 
f 6623 6609 6607 
f 6623 6611 6609 
f 6623 6613 6611 
f 6623 6615 6613 
f 6623 6617 6615 
f 6623 6619 6617 
f 6623 6621 6619 
f 6623 6607 6621 
f 6624 6608 6610 
f 6624 6610 6612 
f 6624 6612 6614 
f 6624 6614 6616 
f 6624 6616 6618 
f 6624 6618 6620 
f 6624 6620 6622 
f 6624 6622 6608 
f 6625 6627 6626 
f 6627 6628 6626 
f 6627 6629 6628 
f 6629 6630 6628 
f 6629 6631 6630 
f 6631 6632 6630 
f 6631 6633 6632 
f 6633 6634 6632 
f 6633 6635 6634 
f 6635 6636 6634 
f 6635 6637 6636 
f 6637 6638 6636 
f 6637 6639 6638 
f 6639 6640 6638 
f 6639 6625 6640 
f 6625 6626 6640 
f 6641 6627 6625 
f 6641 6629 6627 
f 6641 6631 6629 
f 6641 6633 6631 
f 6641 6635 6633 
f 6641 6637 6635 
f 6641 6639 6637 
f 6641 6625 6639 
f 6642 6626 6628 
f 6642 6628 6630 
f 6642 6630 6632 
f 6642 6632 6634 
f 6642 6634 6636 
f 6642 6636 6638 
f 6642 6638 6640 
f 6642 6640 6626 
f 6643 6645 6644 
f 6645 6646 6644 
f 6645 6647 6646 
f 6647 6648 6646 
f 6647 6649 6648 
f 6649 6650 6648 
f 6649 6651 6650 
f 6651 6652 6650 
f 6651 6653 6652 
f 6653 6654 6652 
f 6653 6655 6654 
f 6655 6656 6654 
f 6655 6657 6656 
f 6657 6658 6656 
f 6657 6643 6658 
f 6643 6644 6658 
f 6659 6645 6643 
f 6659 6647 6645 
f 6659 6649 6647 
f 6659 6651 6649 
f 6659 6653 6651 
f 6659 6655 6653 
f 6659 6657 6655 
f 6659 6643 6657 
f 6660 6644 6646 
f 6660 6646 6648 
f 6660 6648 6650 
f 6660 6650 6652 
f 6660 6652 6654 
f 6660 6654 6656 
f 6660 6656 6658 
f 6660 6658 6644 
f 6661 6663 6662 
f 6663 6664 6662 
f 6663 6665 6664 
f 6665 6666 6664 
f 6665 6667 6666 
f 6667 6668 6666 
f 6667 6669 6668 
f 6669 6670 6668 
f 6669 6671 6670 
f 6671 6672 6670 
f 6671 6673 6672 
f 6673 6674 6672 
f 6673 6675 6674 
f 6675 6676 6674 
f 6675 6661 6676 
f 6661 6662 6676 
f 6677 6663 6661 
f 6677 6665 6663 
f 6677 6667 6665 
f 6677 6669 6667 
f 6677 6671 6669 
f 6677 6673 6671 
f 6677 6675 6673 
f 6677 6661 6675 
f 6678 6662 6664 
f 6678 6664 6666 
f 6678 6666 6668 
f 6678 6668 6670 
f 6678 6670 6672 
f 6678 6672 6674 
f 6678 6674 6676 
f 6678 6676 6662 
f 6679 6681 6680 
f 6681 6682 6680 
f 6681 6683 6682 
f 6683 6684 6682 
f 6683 6685 6684 
f 6685 6686 6684 
f 6685 6687 6686 
f 6687 6688 6686 
f 6687 6689 6688 
f 6689 6690 6688 
f 6689 6691 6690 
f 6691 6692 6690 
f 6691 6693 6692 
f 6693 6694 6692 
f 6693 6679 6694 
f 6679 6680 6694 
f 6695 6681 6679 
f 6695 6683 6681 
f 6695 6685 6683 
f 6695 6687 6685 
f 6695 6689 6687 
f 6695 6691 6689 
f 6695 6693 6691 
f 6695 6679 6693 
f 6696 6680 6682 
f 6696 6682 6684 
f 6696 6684 6686 
f 6696 6686 6688 
f 6696 6688 6690 
f 6696 6690 6692 
f 6696 6692 6694 
f 6696 6694 6680 
f 6697 6699 6698 
f 6699 6700 6698 
f 6699 6701 6700 
f 6701 6702 6700 
f 6701 6703 6702 
f 6703 6704 6702 
f 6703 6705 6704 
f 6705 6706 6704 
f 6705 6707 6706 
f 6707 6708 6706 
f 6707 6709 6708 
f 6709 6710 6708 
f 6709 6711 6710 
f 6711 6712 6710 
f 6711 6697 6712 
f 6697 6698 6712 
f 6713 6699 6697 
f 6713 6701 6699 
f 6713 6703 6701 
f 6713 6705 6703 
f 6713 6707 6705 
f 6713 6709 6707 
f 6713 6711 6709 
f 6713 6697 6711 
f 6714 6698 6700 
f 6714 6700 6702 
f 6714 6702 6704 
f 6714 6704 6706 
f 6714 6706 6708 
f 6714 6708 6710 
f 6714 6710 6712 
f 6714 6712 6698 
f 6715 6717 6716 
f 6717 6718 6716 
f 6717 6719 6718 
f 6719 6720 6718 
f 6719 6721 6720 
f 6721 6722 6720 
f 6721 6723 6722 
f 6723 6724 6722 
f 6723 6725 6724 
f 6725 6726 6724 
f 6725 6727 6726 
f 6727 6728 6726 
f 6727 6729 6728 
f 6729 6730 6728 
f 6729 6715 6730 
f 6715 6716 6730 
f 6731 6717 6715 
f 6731 6719 6717 
f 6731 6721 6719 
f 6731 6723 6721 
f 6731 6725 6723 
f 6731 6727 6725 
f 6731 6729 6727 
f 6731 6715 6729 
f 6732 6716 6718 
f 6732 6718 6720 
f 6732 6720 6722 
f 6732 6722 6724 
f 6732 6724 6726 
f 6732 6726 6728 
f 6732 6728 6730 
f 6732 6730 6716 
f 6733 6735 6734 
f 6735 6736 6734 
f 6735 6737 6736 
f 6737 6738 6736 
f 6737 6739 6738 
f 6739 6740 6738 
f 6739 6741 6740 
f 6741 6742 6740 
f 6741 6743 6742 
f 6743 6744 6742 
f 6743 6745 6744 
f 6745 6746 6744 
f 6745 6747 6746 
f 6747 6748 6746 
f 6747 6733 6748 
f 6733 6734 6748 
f 6749 6735 6733 
f 6749 6737 6735 
f 6749 6739 6737 
f 6749 6741 6739 
f 6749 6743 6741 
f 6749 6745 6743 
f 6749 6747 6745 
f 6749 6733 6747 
f 6750 6734 6736 
f 6750 6736 6738 
f 6750 6738 6740 
f 6750 6740 6742 
f 6750 6742 6744 
f 6750 6744 6746 
f 6750 6746 6748 
f 6750 6748 6734 
f 6751 6753 6752 
f 6753 6754 6752 
f 6753 6755 6754 
f 6755 6756 6754 
f 6755 6757 6756 
f 6757 6758 6756 
f 6757 6759 6758 
f 6759 6760 6758 
f 6759 6761 6760 
f 6761 6762 6760 
f 6761 6763 6762 
f 6763 6764 6762 
f 6763 6765 6764 
f 6765 6766 6764 
f 6765 6751 6766 
f 6751 6752 6766 
f 6767 6753 6751 
f 6767 6755 6753 
f 6767 6757 6755 
f 6767 6759 6757 
f 6767 6761 6759 
f 6767 6763 6761 
f 6767 6765 6763 
f 6767 6751 6765 
f 6768 6752 6754 
f 6768 6754 6756 
f 6768 6756 6758 
f 6768 6758 6760 
f 6768 6760 6762 
f 6768 6762 6764 
f 6768 6764 6766 
f 6768 6766 6752 
f 6769 6771 6770 
f 6771 6772 6770 
f 6771 6773 6772 
f 6773 6774 6772 
f 6773 6775 6774 
f 6775 6776 6774 
f 6775 6777 6776 
f 6777 6778 6776 
f 6777 6779 6778 
f 6779 6780 6778 
f 6779 6781 6780 
f 6781 6782 6780 
f 6781 6783 6782 
f 6783 6784 6782 
f 6783 6769 6784 
f 6769 6770 6784 
f 6785 6771 6769 
f 6785 6773 6771 
f 6785 6775 6773 
f 6785 6777 6775 
f 6785 6779 6777 
f 6785 6781 6779 
f 6785 6783 6781 
f 6785 6769 6783 
f 6786 6770 6772 
f 6786 6772 6774 
f 6786 6774 6776 
f 6786 6776 6778 
f 6786 6778 6780 
f 6786 6780 6782 
f 6786 6782 6784 
f 6786 6784 6770 
f 6787 6789 6788 
f 6789 6790 6788 
f 6789 6791 6790 
f 6791 6792 6790 
f 6791 6793 6792 
f 6793 6794 6792 
f 6793 6795 6794 
f 6795 6796 6794 
f 6795 6797 6796 
f 6797 6798 6796 
f 6797 6799 6798 
f 6799 6800 6798 
f 6799 6801 6800 
f 6801 6802 6800 
f 6801 6787 6802 
f 6787 6788 6802 
f 6803 6789 6787 
f 6803 6791 6789 
f 6803 6793 6791 
f 6803 6795 6793 
f 6803 6797 6795 
f 6803 6799 6797 
f 6803 6801 6799 
f 6803 6787 6801 
f 6804 6788 6790 
f 6804 6790 6792 
f 6804 6792 6794 
f 6804 6794 6796 
f 6804 6796 6798 
f 6804 6798 6800 
f 6804 6800 6802 
f 6804 6802 6788 
f 6805 6807 6806 
f 6807 6808 6806 
f 6807 6809 6808 
f 6809 6810 6808 
f 6809 6811 6810 
f 6811 6812 6810 
f 6811 6813 6812 
f 6813 6814 6812 
f 6813 6815 6814 
f 6815 6816 6814 
f 6815 6817 6816 
f 6817 6818 6816 
f 6817 6819 6818 
f 6819 6820 6818 
f 6819 6805 6820 
f 6805 6806 6820 
f 6821 6807 6805 
f 6821 6809 6807 
f 6821 6811 6809 
f 6821 6813 6811 
f 6821 6815 6813 
f 6821 6817 6815 
f 6821 6819 6817 
f 6821 6805 6819 
f 6822 6806 6808 
f 6822 6808 6810 
f 6822 6810 6812 
f 6822 6812 6814 
f 6822 6814 6816 
f 6822 6816 6818 
f 6822 6818 6820 
f 6822 6820 6806 
f 6823 6825 6824 
f 6825 6826 6824 
f 6825 6827 6826 
f 6827 6828 6826 
f 6827 6829 6828 
f 6829 6830 6828 
f 6829 6831 6830 
f 6831 6832 6830 
f 6831 6833 6832 
f 6833 6834 6832 
f 6833 6835 6834 
f 6835 6836 6834 
f 6835 6837 6836 
f 6837 6838 6836 
f 6837 6823 6838 
f 6823 6824 6838 
f 6839 6825 6823 
f 6839 6827 6825 
f 6839 6829 6827 
f 6839 6831 6829 
f 6839 6833 6831 
f 6839 6835 6833 
f 6839 6837 6835 
f 6839 6823 6837 
f 6840 6824 6826 
f 6840 6826 6828 
f 6840 6828 6830 
f 6840 6830 6832 
f 6840 6832 6834 
f 6840 6834 6836 
f 6840 6836 6838 
f 6840 6838 6824 
f 6841 6843 6842 
f 6843 6844 6842 
f 6843 6845 6844 
f 6845 6846 6844 
f 6845 6847 6846 
f 6847 6848 6846 
f 6847 6849 6848 
f 6849 6850 6848 
f 6849 6851 6850 
f 6851 6852 6850 
f 6851 6853 6852 
f 6853 6854 6852 
f 6853 6855 6854 
f 6855 6856 6854 
f 6855 6841 6856 
f 6841 6842 6856 
f 6857 6843 6841 
f 6857 6845 6843 
f 6857 6847 6845 
f 6857 6849 6847 
f 6857 6851 6849 
f 6857 6853 6851 
f 6857 6855 6853 
f 6857 6841 6855 
f 6858 6842 6844 
f 6858 6844 6846 
f 6858 6846 6848 
f 6858 6848 6850 
f 6858 6850 6852 
f 6858 6852 6854 
f 6858 6854 6856 
f 6858 6856 6842 
f 6859 6861 6860 
f 6861 6862 6860 
f 6861 6863 6862 
f 6863 6864 6862 
f 6863 6865 6864 
f 6865 6866 6864 
f 6865 6867 6866 
f 6867 6868 6866 
f 6867 6869 6868 
f 6869 6870 6868 
f 6869 6871 6870 
f 6871 6872 6870 
f 6871 6873 6872 
f 6873 6874 6872 
f 6873 6859 6874 
f 6859 6860 6874 
f 6875 6861 6859 
f 6875 6863 6861 
f 6875 6865 6863 
f 6875 6867 6865 
f 6875 6869 6867 
f 6875 6871 6869 
f 6875 6873 6871 
f 6875 6859 6873 
f 6876 6860 6862 
f 6876 6862 6864 
f 6876 6864 6866 
f 6876 6866 6868 
f 6876 6868 6870 
f 6876 6870 6872 
f 6876 6872 6874 
f 6876 6874 6860 
f 6877 6879 6878 
f 6879 6880 6878 
f 6879 6881 6880 
f 6881 6882 6880 
f 6881 6883 6882 
f 6883 6884 6882 
f 6883 6885 6884 
f 6885 6886 6884 
f 6885 6887 6886 
f 6887 6888 6886 
f 6887 6889 6888 
f 6889 6890 6888 
f 6889 6891 6890 
f 6891 6892 6890 
f 6891 6877 6892 
f 6877 6878 6892 
f 6893 6879 6877 
f 6893 6881 6879 
f 6893 6883 6881 
f 6893 6885 6883 
f 6893 6887 6885 
f 6893 6889 6887 
f 6893 6891 6889 
f 6893 6877 6891 
f 6894 6878 6880 
f 6894 6880 6882 
f 6894 6882 6884 
f 6894 6884 6886 
f 6894 6886 6888 
f 6894 6888 6890 
f 6894 6890 6892 
f 6894 6892 6878 
f 6895 6897 6896 
f 6897 6898 6896 
f 6897 6899 6898 
f 6899 6900 6898 
f 6899 6901 6900 
f 6901 6902 6900 
f 6901 6903 6902 
f 6903 6904 6902 
f 6903 6905 6904 
f 6905 6906 6904 
f 6905 6907 6906 
f 6907 6908 6906 
f 6907 6909 6908 
f 6909 6910 6908 
f 6909 6895 6910 
f 6895 6896 6910 
f 6911 6897 6895 
f 6911 6899 6897 
f 6911 6901 6899 
f 6911 6903 6901 
f 6911 6905 6903 
f 6911 6907 6905 
f 6911 6909 6907 
f 6911 6895 6909 
f 6912 6896 6898 
f 6912 6898 6900 
f 6912 6900 6902 
f 6912 6902 6904 
f 6912 6904 6906 
f 6912 6906 6908 
f 6912 6908 6910 
f 6912 6910 6896 
f 6913 6915 6914 
f 6915 6916 6914 
f 6915 6917 6916 
f 6917 6918 6916 
f 6917 6919 6918 
f 6919 6920 6918 
f 6919 6921 6920 
f 6921 6922 6920 
f 6921 6923 6922 
f 6923 6924 6922 
f 6923 6925 6924 
f 6925 6926 6924 
f 6925 6927 6926 
f 6927 6928 6926 
f 6927 6913 6928 
f 6913 6914 6928 
f 6929 6915 6913 
f 6929 6917 6915 
f 6929 6919 6917 
f 6929 6921 6919 
f 6929 6923 6921 
f 6929 6925 6923 
f 6929 6927 6925 
f 6929 6913 6927 
f 6930 6914 6916 
f 6930 6916 6918 
f 6930 6918 6920 
f 6930 6920 6922 
f 6930 6922 6924 
f 6930 6924 6926 
f 6930 6926 6928 
f 6930 6928 6914 
f 6931 6933 6932 
f 6933 6934 6932 
f 6933 6935 6934 
f 6935 6936 6934 
f 6935 6937 6936 
f 6937 6938 6936 
f 6937 6939 6938 
f 6939 6940 6938 
f 6939 6941 6940 
f 6941 6942 6940 
f 6941 6943 6942 
f 6943 6944 6942 
f 6943 6945 6944 
f 6945 6946 6944 
f 6945 6931 6946 
f 6931 6932 6946 
f 6947 6933 6931 
f 6947 6935 6933 
f 6947 6937 6935 
f 6947 6939 6937 
f 6947 6941 6939 
f 6947 6943 6941 
f 6947 6945 6943 
f 6947 6931 6945 
f 6948 6932 6934 
f 6948 6934 6936 
f 6948 6936 6938 
f 6948 6938 6940 
f 6948 6940 6942 
f 6948 6942 6944 
f 6948 6944 6946 
f 6948 6946 6932 
f 6949 6951 6950 
f 6951 6952 6950 
f 6951 6953 6952 
f 6953 6954 6952 
f 6953 6955 6954 
f 6955 6956 6954 
f 6955 6957 6956 
f 6957 6958 6956 
f 6957 6959 6958 
f 6959 6960 6958 
f 6959 6961 6960 
f 6961 6962 6960 
f 6961 6963 6962 
f 6963 6964 6962 
f 6963 6949 6964 
f 6949 6950 6964 
f 6965 6951 6949 
f 6965 6953 6951 
f 6965 6955 6953 
f 6965 6957 6955 
f 6965 6959 6957 
f 6965 6961 6959 
f 6965 6963 6961 
f 6965 6949 6963 
f 6966 6950 6952 
f 6966 6952 6954 
f 6966 6954 6956 
f 6966 6956 6958 
f 6966 6958 6960 
f 6966 6960 6962 
f 6966 6962 6964 
f 6966 6964 6950 
f 6967 6969 6968 
f 6969 6970 6968 
f 6969 6971 6970 
f 6971 6972 6970 
f 6971 6973 6972 
f 6973 6974 6972 
f 6973 6975 6974 
f 6975 6976 6974 
f 6975 6977 6976 
f 6977 6978 6976 
f 6977 6979 6978 
f 6979 6980 6978 
f 6979 6981 6980 
f 6981 6982 6980 
f 6981 6967 6982 
f 6967 6968 6982 
f 6983 6969 6967 
f 6983 6971 6969 
f 6983 6973 6971 
f 6983 6975 6973 
f 6983 6977 6975 
f 6983 6979 6977 
f 6983 6981 6979 
f 6983 6967 6981 
f 6984 6968 6970 
f 6984 6970 6972 
f 6984 6972 6974 
f 6984 6974 6976 
f 6984 6976 6978 
f 6984 6978 6980 
f 6984 6980 6982 
f 6984 6982 6968 
f 6985 6987 6986 
f 6987 6988 6986 
f 6987 6989 6988 
f 6989 6990 6988 
f 6989 6991 6990 
f 6991 6992 6990 
f 6991 6993 6992 
f 6993 6994 6992 
f 6993 6995 6994 
f 6995 6996 6994 
f 6995 6997 6996 
f 6997 6998 6996 
f 6997 6999 6998 
f 6999 7000 6998 
f 6999 6985 7000 
f 6985 6986 7000 
f 7001 6987 6985 
f 7001 6989 6987 
f 7001 6991 6989 
f 7001 6993 6991 
f 7001 6995 6993 
f 7001 6997 6995 
f 7001 6999 6997 
f 7001 6985 6999 
f 7002 6986 6988 
f 7002 6988 6990 
f 7002 6990 6992 
f 7002 6992 6994 
f 7002 6994 6996 
f 7002 6996 6998 
f 7002 6998 7000 
f 7002 7000 6986 
f 7003 7005 7004 
f 7005 7006 7004 
f 7005 7007 7006 
f 7007 7008 7006 
f 7007 7009 7008 
f 7009 7010 7008 
f 7009 7011 7010 
f 7011 7012 7010 
f 7011 7013 7012 
f 7013 7014 7012 
f 7013 7015 7014 
f 7015 7016 7014 
f 7015 7017 7016 
f 7017 7018 7016 
f 7017 7003 7018 
f 7003 7004 7018 
f 7019 7005 7003 
f 7019 7007 7005 
f 7019 7009 7007 
f 7019 7011 7009 
f 7019 7013 7011 
f 7019 7015 7013 
f 7019 7017 7015 
f 7019 7003 7017 
f 7020 7004 7006 
f 7020 7006 7008 
f 7020 7008 7010 
f 7020 7010 7012 
f 7020 7012 7014 
f 7020 7014 7016 
f 7020 7016 7018 
f 7020 7018 7004 
f 7021 7023 7022 
f 7023 7024 7022 
f 7023 7025 7024 
f 7025 7026 7024 
f 7025 7027 7026 
f 7027 7028 7026 
f 7027 7029 7028 
f 7029 7030 7028 
f 7029 7031 7030 
f 7031 7032 7030 
f 7031 7033 7032 
f 7033 7034 7032 
f 7033 7035 7034 
f 7035 7036 7034 
f 7035 7021 7036 
f 7021 7022 7036 
f 7037 7023 7021 
f 7037 7025 7023 
f 7037 7027 7025 
f 7037 7029 7027 
f 7037 7031 7029 
f 7037 7033 7031 
f 7037 7035 7033 
f 7037 7021 7035 
f 7038 7022 7024 
f 7038 7024 7026 
f 7038 7026 7028 
f 7038 7028 7030 
f 7038 7030 7032 
f 7038 7032 7034 
f 7038 7034 7036 
f 7038 7036 7022 
f 7039 7041 7040 
f 7041 7042 7040 
f 7041 7043 7042 
f 7043 7044 7042 
f 7043 7045 7044 
f 7045 7046 7044 
f 7045 7047 7046 
f 7047 7048 7046 
f 7047 7049 7048 
f 7049 7050 7048 
f 7049 7051 7050 
f 7051 7052 7050 
f 7051 7053 7052 
f 7053 7054 7052 
f 7053 7039 7054 
f 7039 7040 7054 
f 7055 7041 7039 
f 7055 7043 7041 
f 7055 7045 7043 
f 7055 7047 7045 
f 7055 7049 7047 
f 7055 7051 7049 
f 7055 7053 7051 
f 7055 7039 7053 
f 7056 7040 7042 
f 7056 7042 7044 
f 7056 7044 7046 
f 7056 7046 7048 
f 7056 7048 7050 
f 7056 7050 7052 
f 7056 7052 7054 
f 7056 7054 7040 
f 7057 7059 7058 
f 7059 7060 7058 
f 7059 7061 7060 
f 7061 7062 7060 
f 7061 7063 7062 
f 7063 7064 7062 
f 7063 7065 7064 
f 7065 7066 7064 
f 7065 7067 7066 
f 7067 7068 7066 
f 7067 7069 7068 
f 7069 7070 7068 
f 7069 7071 7070 
f 7071 7072 7070 
f 7071 7057 7072 
f 7057 7058 7072 
f 7073 7059 7057 
f 7073 7061 7059 
f 7073 7063 7061 
f 7073 7065 7063 
f 7073 7067 7065 
f 7073 7069 7067 
f 7073 7071 7069 
f 7073 7057 7071 
f 7074 7058 7060 
f 7074 7060 7062 
f 7074 7062 7064 
f 7074 7064 7066 
f 7074 7066 7068 
f 7074 7068 7070 
f 7074 7070 7072 
f 7074 7072 7058 
f 7075 7077 7076 
f 7077 7078 7076 
f 7077 7079 7078 
f 7079 7080 7078 
f 7079 7081 7080 
f 7081 7082 7080 
f 7081 7083 7082 
f 7083 7084 7082 
f 7083 7085 7084 
f 7085 7086 7084 
f 7085 7087 7086 
f 7087 7088 7086 
f 7087 7089 7088 
f 7089 7090 7088 
f 7089 7075 7090 
f 7075 7076 7090 
f 7091 7077 7075 
f 7091 7079 7077 
f 7091 7081 7079 
f 7091 7083 7081 
f 7091 7085 7083 
f 7091 7087 7085 
f 7091 7089 7087 
f 7091 7075 7089 
f 7092 7076 7078 
f 7092 7078 7080 
f 7092 7080 7082 
f 7092 7082 7084 
f 7092 7084 7086 
f 7092 7086 7088 
f 7092 7088 7090 
f 7092 7090 7076 
f 7093 7095 7094 
f 7095 7096 7094 
f 7095 7097 7096 
f 7097 7098 7096 
f 7097 7099 7098 
f 7099 7100 7098 
f 7099 7101 7100 
f 7101 7102 7100 
f 7101 7103 7102 
f 7103 7104 7102 
f 7103 7105 7104 
f 7105 7106 7104 
f 7105 7107 7106 
f 7107 7108 7106 
f 7107 7093 7108 
f 7093 7094 7108 
f 7109 7095 7093 
f 7109 7097 7095 
f 7109 7099 7097 
f 7109 7101 7099 
f 7109 7103 7101 
f 7109 7105 7103 
f 7109 7107 7105 
f 7109 7093 7107 
f 7110 7094 7096 
f 7110 7096 7098 
f 7110 7098 7100 
f 7110 7100 7102 
f 7110 7102 7104 
f 7110 7104 7106 
f 7110 7106 7108 
f 7110 7108 7094 
f 7111 7113 7112 
f 7113 7114 7112 
f 7113 7115 7114 
f 7115 7116 7114 
f 7115 7117 7116 
f 7117 7118 7116 
f 7117 7119 7118 
f 7119 7120 7118 
f 7119 7121 7120 
f 7121 7122 7120 
f 7121 7123 7122 
f 7123 7124 7122 
f 7123 7125 7124 
f 7125 7126 7124 
f 7125 7111 7126 
f 7111 7112 7126 
f 7127 7113 7111 
f 7127 7115 7113 
f 7127 7117 7115 
f 7127 7119 7117 
f 7127 7121 7119 
f 7127 7123 7121 
f 7127 7125 7123 
f 7127 7111 7125 
f 7128 7112 7114 
f 7128 7114 7116 
f 7128 7116 7118 
f 7128 7118 7120 
f 7128 7120 7122 
f 7128 7122 7124 
f 7128 7124 7126 
f 7128 7126 7112 
f 7129 7131 7130 
f 7131 7132 7130 
f 7131 7133 7132 
f 7133 7134 7132 
f 7133 7135 7134 
f 7135 7136 7134 
f 7135 7137 7136 
f 7137 7138 7136 
f 7137 7139 7138 
f 7139 7140 7138 
f 7139 7141 7140 
f 7141 7142 7140 
f 7141 7143 7142 
f 7143 7144 7142 
f 7143 7129 7144 
f 7129 7130 7144 
f 7145 7131 7129 
f 7145 7133 7131 
f 7145 7135 7133 
f 7145 7137 7135 
f 7145 7139 7137 
f 7145 7141 7139 
f 7145 7143 7141 
f 7145 7129 7143 
f 7146 7130 7132 
f 7146 7132 7134 
f 7146 7134 7136 
f 7146 7136 7138 
f 7146 7138 7140 
f 7146 7140 7142 
f 7146 7142 7144 
f 7146 7144 7130 
f 7147 7149 7148 
f 7149 7150 7148 
f 7149 7151 7150 
f 7151 7152 7150 
f 7151 7153 7152 
f 7153 7154 7152 
f 7153 7155 7154 
f 7155 7156 7154 
f 7155 7157 7156 
f 7157 7158 7156 
f 7157 7159 7158 
f 7159 7160 7158 
f 7159 7161 7160 
f 7161 7162 7160 
f 7161 7147 7162 
f 7147 7148 7162 
f 7163 7149 7147 
f 7163 7151 7149 
f 7163 7153 7151 
f 7163 7155 7153 
f 7163 7157 7155 
f 7163 7159 7157 
f 7163 7161 7159 
f 7163 7147 7161 
f 7164 7148 7150 
f 7164 7150 7152 
f 7164 7152 7154 
f 7164 7154 7156 
f 7164 7156 7158 
f 7164 7158 7160 
f 7164 7160 7162 
f 7164 7162 7148 
f 7165 7167 7166 
f 7167 7168 7166 
f 7167 7169 7168 
f 7169 7170 7168 
f 7169 7171 7170 
f 7171 7172 7170 
f 7171 7173 7172 
f 7173 7174 7172 
f 7173 7175 7174 
f 7175 7176 7174 
f 7175 7177 7176 
f 7177 7178 7176 
f 7177 7179 7178 
f 7179 7180 7178 
f 7179 7165 7180 
f 7165 7166 7180 
f 7181 7167 7165 
f 7181 7169 7167 
f 7181 7171 7169 
f 7181 7173 7171 
f 7181 7175 7173 
f 7181 7177 7175 
f 7181 7179 7177 
f 7181 7165 7179 
f 7182 7166 7168 
f 7182 7168 7170 
f 7182 7170 7172 
f 7182 7172 7174 
f 7182 7174 7176 
f 7182 7176 7178 
f 7182 7178 7180 
f 7182 7180 7166 
f 7183 7185 7184 
f 7185 7186 7184 
f 7185 7187 7186 
f 7187 7188 7186 
f 7187 7189 7188 
f 7189 7190 7188 
f 7189 7191 7190 
f 7191 7192 7190 
f 7191 7193 7192 
f 7193 7194 7192 
f 7193 7195 7194 
f 7195 7196 7194 
f 7195 7197 7196 
f 7197 7198 7196 
f 7197 7183 7198 
f 7183 7184 7198 
f 7199 7185 7183 
f 7199 7187 7185 
f 7199 7189 7187 
f 7199 7191 7189 
f 7199 7193 7191 
f 7199 7195 7193 
f 7199 7197 7195 
f 7199 7183 7197 
f 7200 7184 7186 
f 7200 7186 7188 
f 7200 7188 7190 
f 7200 7190 7192 
f 7200 7192 7194 
f 7200 7194 7196 
f 7200 7196 7198 
f 7200 7198 7184 
f 7201 7203 7202 
f 7203 7204 7202 
f 7203 7205 7204 
f 7205 7206 7204 
f 7205 7207 7206 
f 7207 7208 7206 
f 7207 7209 7208 
f 7209 7210 7208 
f 7209 7211 7210 
f 7211 7212 7210 
f 7211 7213 7212 
f 7213 7214 7212 
f 7213 7215 7214 
f 7215 7216 7214 
f 7215 7201 7216 
f 7201 7202 7216 
f 7217 7203 7201 
f 7217 7205 7203 
f 7217 7207 7205 
f 7217 7209 7207 
f 7217 7211 7209 
f 7217 7213 7211 
f 7217 7215 7213 
f 7217 7201 7215 
f 7218 7202 7204 
f 7218 7204 7206 
f 7218 7206 7208 
f 7218 7208 7210 
f 7218 7210 7212 
f 7218 7212 7214 
f 7218 7214 7216 
f 7218 7216 7202 
f 7219 7221 7220 
f 7221 7222 7220 
f 7221 7223 7222 
f 7223 7224 7222 
f 7223 7225 7224 
f 7225 7226 7224 
f 7225 7227 7226 
f 7227 7228 7226 
f 7227 7229 7228 
f 7229 7230 7228 
f 7229 7231 7230 
f 7231 7232 7230 
f 7231 7233 7232 
f 7233 7234 7232 
f 7233 7219 7234 
f 7219 7220 7234 
f 7235 7221 7219 
f 7235 7223 7221 
f 7235 7225 7223 
f 7235 7227 7225 
f 7235 7229 7227 
f 7235 7231 7229 
f 7235 7233 7231 
f 7235 7219 7233 
f 7236 7220 7222 
f 7236 7222 7224 
f 7236 7224 7226 
f 7236 7226 7228 
f 7236 7228 7230 
f 7236 7230 7232 
f 7236 7232 7234 
f 7236 7234 7220 
f 7237 7239 7238 
f 7239 7240 7238 
f 7239 7241 7240 
f 7241 7242 7240 
f 7241 7243 7242 
f 7243 7244 7242 
f 7243 7245 7244 
f 7245 7246 7244 
f 7245 7247 7246 
f 7247 7248 7246 
f 7247 7249 7248 
f 7249 7250 7248 
f 7249 7251 7250 
f 7251 7252 7250 
f 7251 7237 7252 
f 7237 7238 7252 
f 7253 7239 7237 
f 7253 7241 7239 
f 7253 7243 7241 
f 7253 7245 7243 
f 7253 7247 7245 
f 7253 7249 7247 
f 7253 7251 7249 
f 7253 7237 7251 
f 7254 7238 7240 
f 7254 7240 7242 
f 7254 7242 7244 
f 7254 7244 7246 
f 7254 7246 7248 
f 7254 7248 7250 
f 7254 7250 7252 
f 7254 7252 7238 
f 7255 7257 7256 
f 7257 7258 7256 
f 7257 7259 7258 
f 7259 7260 7258 
f 7259 7261 7260 
f 7261 7262 7260 
f 7261 7263 7262 
f 7263 7264 7262 
f 7263 7265 7264 
f 7265 7266 7264 
f 7265 7267 7266 
f 7267 7268 7266 
f 7267 7269 7268 
f 7269 7270 7268 
f 7269 7255 7270 
f 7255 7256 7270 
f 7271 7257 7255 
f 7271 7259 7257 
f 7271 7261 7259 
f 7271 7263 7261 
f 7271 7265 7263 
f 7271 7267 7265 
f 7271 7269 7267 
f 7271 7255 7269 
f 7272 7256 7258 
f 7272 7258 7260 
f 7272 7260 7262 
f 7272 7262 7264 
f 7272 7264 7266 
f 7272 7266 7268 
f 7272 7268 7270 
f 7272 7270 7256 
f 7273 7275 7274 
f 7275 7276 7274 
f 7275 7277 7276 
f 7277 7278 7276 
f 7277 7279 7278 
f 7279 7280 7278 
f 7279 7281 7280 
f 7281 7282 7280 
f 7281 7283 7282 
f 7283 7284 7282 
f 7283 7285 7284 
f 7285 7286 7284 
f 7285 7287 7286 
f 7287 7288 7286 
f 7287 7273 7288 
f 7273 7274 7288 
f 7289 7275 7273 
f 7289 7277 7275 
f 7289 7279 7277 
f 7289 7281 7279 
f 7289 7283 7281 
f 7289 7285 7283 
f 7289 7287 7285 
f 7289 7273 7287 
f 7290 7274 7276 
f 7290 7276 7278 
f 7290 7278 7280 
f 7290 7280 7282 
f 7290 7282 7284 
f 7290 7284 7286 
f 7290 7286 7288 
f 7290 7288 7274 
f 7291 7293 7292 
f 7293 7294 7292 
f 7293 7295 7294 
f 7295 7296 7294 
f 7295 7297 7296 
f 7297 7298 7296 
f 7297 7299 7298 
f 7299 7300 7298 
f 7299 7301 7300 
f 7301 7302 7300 
f 7301 7303 7302 
f 7303 7304 7302 
f 7303 7305 7304 
f 7305 7306 7304 
f 7305 7291 7306 
f 7291 7292 7306 
f 7307 7293 7291 
f 7307 7295 7293 
f 7307 7297 7295 
f 7307 7299 7297 
f 7307 7301 7299 
f 7307 7303 7301 
f 7307 7305 7303 
f 7307 7291 7305 
f 7308 7292 7294 
f 7308 7294 7296 
f 7308 7296 7298 
f 7308 7298 7300 
f 7308 7300 7302 
f 7308 7302 7304 
f 7308 7304 7306 
f 7308 7306 7292 
f 7309 7311 7310 
f 7311 7312 7310 
f 7311 7313 7312 
f 7313 7314 7312 
f 7313 7315 7314 
f 7315 7316 7314 
f 7315 7317 7316 
f 7317 7318 7316 
f 7317 7319 7318 
f 7319 7320 7318 
f 7319 7321 7320 
f 7321 7322 7320 
f 7321 7323 7322 
f 7323 7324 7322 
f 7323 7309 7324 
f 7309 7310 7324 
f 7325 7311 7309 
f 7325 7313 7311 
f 7325 7315 7313 
f 7325 7317 7315 
f 7325 7319 7317 
f 7325 7321 7319 
f 7325 7323 7321 
f 7325 7309 7323 
f 7326 7310 7312 
f 7326 7312 7314 
f 7326 7314 7316 
f 7326 7316 7318 
f 7326 7318 7320 
f 7326 7320 7322 
f 7326 7322 7324 
f 7326 7324 7310 
f 7327 7329 7328 
f 7329 7330 7328 
f 7329 7331 7330 
f 7331 7332 7330 
f 7331 7333 7332 
f 7333 7334 7332 
f 7333 7335 7334 
f 7335 7336 7334 
f 7335 7337 7336 
f 7337 7338 7336 
f 7337 7339 7338 
f 7339 7340 7338 
f 7339 7341 7340 
f 7341 7342 7340 
f 7341 7327 7342 
f 7327 7328 7342 
f 7343 7329 7327 
f 7343 7331 7329 
f 7343 7333 7331 
f 7343 7335 7333 
f 7343 7337 7335 
f 7343 7339 7337 
f 7343 7341 7339 
f 7343 7327 7341 
f 7344 7328 7330 
f 7344 7330 7332 
f 7344 7332 7334 
f 7344 7334 7336 
f 7344 7336 7338 
f 7344 7338 7340 
f 7344 7340 7342 
f 7344 7342 7328 
f 7345 7347 7346 
f 7347 7348 7346 
f 7347 7349 7348 
f 7349 7350 7348 
f 7349 7351 7350 
f 7351 7352 7350 
f 7351 7353 7352 
f 7353 7354 7352 
f 7353 7355 7354 
f 7355 7356 7354 
f 7355 7357 7356 
f 7357 7358 7356 
f 7357 7359 7358 
f 7359 7360 7358 
f 7359 7345 7360 
f 7345 7346 7360 
f 7361 7347 7345 
f 7361 7349 7347 
f 7361 7351 7349 
f 7361 7353 7351 
f 7361 7355 7353 
f 7361 7357 7355 
f 7361 7359 7357 
f 7361 7345 7359 
f 7362 7346 7348 
f 7362 7348 7350 
f 7362 7350 7352 
f 7362 7352 7354 
f 7362 7354 7356 
f 7362 7356 7358 
f 7362 7358 7360 
f 7362 7360 7346 
f 7363 7365 7364 
f 7365 7366 7364 
f 7365 7367 7366 
f 7367 7368 7366 
f 7367 7369 7368 
f 7369 7370 7368 
f 7369 7371 7370 
f 7371 7372 7370 
f 7371 7373 7372 
f 7373 7374 7372 
f 7373 7375 7374 
f 7375 7376 7374 
f 7375 7377 7376 
f 7377 7378 7376 
f 7377 7363 7378 
f 7363 7364 7378 
f 7379 7365 7363 
f 7379 7367 7365 
f 7379 7369 7367 
f 7379 7371 7369 
f 7379 7373 7371 
f 7379 7375 7373 
f 7379 7377 7375 
f 7379 7363 7377 
f 7380 7364 7366 
f 7380 7366 7368 
f 7380 7368 7370 
f 7380 7370 7372 
f 7380 7372 7374 
f 7380 7374 7376 
f 7380 7376 7378 
f 7380 7378 7364 
f 7381 7383 7382 
f 7383 7384 7382 
f 7383 7385 7384 
f 7385 7386 7384 
f 7385 7387 7386 
f 7387 7388 7386 
f 7387 7389 7388 
f 7389 7390 7388 
f 7389 7391 7390 
f 7391 7392 7390 
f 7391 7393 7392 
f 7393 7394 7392 
f 7393 7395 7394 
f 7395 7396 7394 
f 7395 7381 7396 
f 7381 7382 7396 
f 7397 7383 7381 
f 7397 7385 7383 
f 7397 7387 7385 
f 7397 7389 7387 
f 7397 7391 7389 
f 7397 7393 7391 
f 7397 7395 7393 
f 7397 7381 7395 
f 7398 7382 7384 
f 7398 7384 7386 
f 7398 7386 7388 
f 7398 7388 7390 
f 7398 7390 7392 
f 7398 7392 7394 
f 7398 7394 7396 
f 7398 7396 7382 
f 7399 7401 7400 
f 7401 7402 7400 
f 7401 7403 7402 
f 7403 7404 7402 
f 7403 7405 7404 
f 7405 7406 7404 
f 7405 7407 7406 
f 7407 7408 7406 
f 7407 7409 7408 
f 7409 7410 7408 
f 7409 7411 7410 
f 7411 7412 7410 
f 7411 7413 7412 
f 7413 7414 7412 
f 7413 7399 7414 
f 7399 7400 7414 
f 7415 7401 7399 
f 7415 7403 7401 
f 7415 7405 7403 
f 7415 7407 7405 
f 7415 7409 7407 
f 7415 7411 7409 
f 7415 7413 7411 
f 7415 7399 7413 
f 7416 7400 7402 
f 7416 7402 7404 
f 7416 7404 7406 
f 7416 7406 7408 
f 7416 7408 7410 
f 7416 7410 7412 
f 7416 7412 7414 
f 7416 7414 7400 
f 7417 7419 7418 
f 7419 7420 7418 
f 7419 7421 7420 
f 7421 7422 7420 
f 7421 7423 7422 
f 7423 7424 7422 
f 7423 7425 7424 
f 7425 7426 7424 
f 7425 7427 7426 
f 7427 7428 7426 
f 7427 7429 7428 
f 7429 7430 7428 
f 7429 7431 7430 
f 7431 7432 7430 
f 7431 7417 7432 
f 7417 7418 7432 
f 7433 7419 7417 
f 7433 7421 7419 
f 7433 7423 7421 
f 7433 7425 7423 
f 7433 7427 7425 
f 7433 7429 7427 
f 7433 7431 7429 
f 7433 7417 7431 
f 7434 7418 7420 
f 7434 7420 7422 
f 7434 7422 7424 
f 7434 7424 7426 
f 7434 7426 7428 
f 7434 7428 7430 
f 7434 7430 7432 
f 7434 7432 7418 
f 7435 7437 7436 
f 7437 7438 7436 
f 7437 7439 7438 
f 7439 7440 7438 
f 7439 7441 7440 
f 7441 7442 7440 
f 7441 7443 7442 
f 7443 7444 7442 
f 7443 7445 7444 
f 7445 7446 7444 
f 7445 7447 7446 
f 7447 7448 7446 
f 7447 7449 7448 
f 7449 7450 7448 
f 7449 7435 7450 
f 7435 7436 7450 
f 7451 7437 7435 
f 7451 7439 7437 
f 7451 7441 7439 
f 7451 7443 7441 
f 7451 7445 7443 
f 7451 7447 7445 
f 7451 7449 7447 
f 7451 7435 7449 
f 7452 7436 7438 
f 7452 7438 7440 
f 7452 7440 7442 
f 7452 7442 7444 
f 7452 7444 7446 
f 7452 7446 7448 
f 7452 7448 7450 
f 7452 7450 7436 
f 7453 7455 7454 
f 7455 7456 7454 
f 7455 7457 7456 
f 7457 7458 7456 
f 7457 7459 7458 
f 7459 7460 7458 
f 7459 7461 7460 
f 7461 7462 7460 
f 7461 7463 7462 
f 7463 7464 7462 
f 7463 7465 7464 
f 7465 7466 7464 
f 7465 7467 7466 
f 7467 7468 7466 
f 7467 7453 7468 
f 7453 7454 7468 
f 7469 7455 7453 
f 7469 7457 7455 
f 7469 7459 7457 
f 7469 7461 7459 
f 7469 7463 7461 
f 7469 7465 7463 
f 7469 7467 7465 
f 7469 7453 7467 
f 7470 7454 7456 
f 7470 7456 7458 
f 7470 7458 7460 
f 7470 7460 7462 
f 7470 7462 7464 
f 7470 7464 7466 
f 7470 7466 7468 
f 7470 7468 7454 
f 7471 7473 7472 
f 7473 7474 7472 
f 7473 7475 7474 
f 7475 7476 7474 
f 7475 7477 7476 
f 7477 7478 7476 
f 7477 7479 7478 
f 7479 7480 7478 
f 7479 7481 7480 
f 7481 7482 7480 
f 7481 7483 7482 
f 7483 7484 7482 
f 7483 7485 7484 
f 7485 7486 7484 
f 7485 7471 7486 
f 7471 7472 7486 
f 7487 7473 7471 
f 7487 7475 7473 
f 7487 7477 7475 
f 7487 7479 7477 
f 7487 7481 7479 
f 7487 7483 7481 
f 7487 7485 7483 
f 7487 7471 7485 
f 7488 7472 7474 
f 7488 7474 7476 
f 7488 7476 7478 
f 7488 7478 7480 
f 7488 7480 7482 
f 7488 7482 7484 
f 7488 7484 7486 
f 7488 7486 7472 
f 7489 7491 7490 
f 7491 7492 7490 
f 7491 7493 7492 
f 7493 7494 7492 
f 7493 7495 7494 
f 7495 7496 7494 
f 7495 7497 7496 
f 7497 7498 7496 
f 7497 7499 7498 
f 7499 7500 7498 
f 7499 7501 7500 
f 7501 7502 7500 
f 7501 7503 7502 
f 7503 7504 7502 
f 7503 7489 7504 
f 7489 7490 7504 
f 7505 7491 7489 
f 7505 7493 7491 
f 7505 7495 7493 
f 7505 7497 7495 
f 7505 7499 7497 
f 7505 7501 7499 
f 7505 7503 7501 
f 7505 7489 7503 
f 7506 7490 7492 
f 7506 7492 7494 
f 7506 7494 7496 
f 7506 7496 7498 
f 7506 7498 7500 
f 7506 7500 7502 
f 7506 7502 7504 
f 7506 7504 7490 
f 7507 7509 7508 
f 7509 7510 7508 
f 7509 7511 7510 
f 7511 7512 7510 
f 7511 7513 7512 
f 7513 7514 7512 
f 7513 7515 7514 
f 7515 7516 7514 
f 7515 7517 7516 
f 7517 7518 7516 
f 7517 7519 7518 
f 7519 7520 7518 
f 7519 7521 7520 
f 7521 7522 7520 
f 7521 7507 7522 
f 7507 7508 7522 
f 7523 7509 7507 
f 7523 7511 7509 
f 7523 7513 7511 
f 7523 7515 7513 
f 7523 7517 7515 
f 7523 7519 7517 
f 7523 7521 7519 
f 7523 7507 7521 
f 7524 7508 7510 
f 7524 7510 7512 
f 7524 7512 7514 
f 7524 7514 7516 
f 7524 7516 7518 
f 7524 7518 7520 
f 7524 7520 7522 
f 7524 7522 7508 
f 7525 7527 7526 
f 7527 7528 7526 
f 7527 7529 7528 
f 7529 7530 7528 
f 7529 7531 7530 
f 7531 7532 7530 
f 7531 7533 7532 
f 7533 7534 7532 
f 7533 7535 7534 
f 7535 7536 7534 
f 7535 7537 7536 
f 7537 7538 7536 
f 7537 7539 7538 
f 7539 7540 7538 
f 7539 7525 7540 
f 7525 7526 7540 
f 7541 7527 7525 
f 7541 7529 7527 
f 7541 7531 7529 
f 7541 7533 7531 
f 7541 7535 7533 
f 7541 7537 7535 
f 7541 7539 7537 
f 7541 7525 7539 
f 7542 7526 7528 
f 7542 7528 7530 
f 7542 7530 7532 
f 7542 7532 7534 
f 7542 7534 7536 
f 7542 7536 7538 
f 7542 7538 7540 
f 7542 7540 7526 
f 7543 7545 7544 
f 7545 7546 7544 
f 7545 7547 7546 
f 7547 7548 7546 
f 7547 7549 7548 
f 7549 7550 7548 
f 7549 7551 7550 
f 7551 7552 7550 
f 7551 7553 7552 
f 7553 7554 7552 
f 7553 7555 7554 
f 7555 7556 7554 
f 7555 7557 7556 
f 7557 7558 7556 
f 7557 7543 7558 
f 7543 7544 7558 
f 7559 7545 7543 
f 7559 7547 7545 
f 7559 7549 7547 
f 7559 7551 7549 
f 7559 7553 7551 
f 7559 7555 7553 
f 7559 7557 7555 
f 7559 7543 7557 
f 7560 7544 7546 
f 7560 7546 7548 
f 7560 7548 7550 
f 7560 7550 7552 
f 7560 7552 7554 
f 7560 7554 7556 
f 7560 7556 7558 
f 7560 7558 7544 
f 7561 7563 7562 
f 7563 7564 7562 
f 7563 7565 7564 
f 7565 7566 7564 
f 7565 7567 7566 
f 7567 7568 7566 
f 7567 7569 7568 
f 7569 7570 7568 
f 7569 7571 7570 
f 7571 7572 7570 
f 7571 7573 7572 
f 7573 7574 7572 
f 7573 7575 7574 
f 7575 7576 7574 
f 7575 7561 7576 
f 7561 7562 7576 
f 7577 7563 7561 
f 7577 7565 7563 
f 7577 7567 7565 
f 7577 7569 7567 
f 7577 7571 7569 
f 7577 7573 7571 
f 7577 7575 7573 
f 7577 7561 7575 
f 7578 7562 7564 
f 7578 7564 7566 
f 7578 7566 7568 
f 7578 7568 7570 
f 7578 7570 7572 
f 7578 7572 7574 
f 7578 7574 7576 
f 7578 7576 7562 
f 7579 7581 7580 
f 7581 7582 7580 
f 7581 7583 7582 
f 7583 7584 7582 
f 7583 7585 7584 
f 7585 7586 7584 
f 7585 7587 7586 
f 7587 7588 7586 
f 7587 7589 7588 
f 7589 7590 7588 
f 7589 7591 7590 
f 7591 7592 7590 
f 7591 7593 7592 
f 7593 7594 7592 
f 7593 7579 7594 
f 7579 7580 7594 
f 7595 7581 7579 
f 7595 7583 7581 
f 7595 7585 7583 
f 7595 7587 7585 
f 7595 7589 7587 
f 7595 7591 7589 
f 7595 7593 7591 
f 7595 7579 7593 
f 7596 7580 7582 
f 7596 7582 7584 
f 7596 7584 7586 
f 7596 7586 7588 
f 7596 7588 7590 
f 7596 7590 7592 
f 7596 7592 7594 
f 7596 7594 7580 
f 7597 7599 7598 
f 7599 7600 7598 
f 7599 7601 7600 
f 7601 7602 7600 
f 7601 7603 7602 
f 7603 7604 7602 
f 7603 7605 7604 
f 7605 7606 7604 
f 7605 7607 7606 
f 7607 7608 7606 
f 7607 7609 7608 
f 7609 7610 7608 
f 7609 7611 7610 
f 7611 7612 7610 
f 7611 7597 7612 
f 7597 7598 7612 
f 7613 7599 7597 
f 7613 7601 7599 
f 7613 7603 7601 
f 7613 7605 7603 
f 7613 7607 7605 
f 7613 7609 7607 
f 7613 7611 7609 
f 7613 7597 7611 
f 7614 7598 7600 
f 7614 7600 7602 
f 7614 7602 7604 
f 7614 7604 7606 
f 7614 7606 7608 
f 7614 7608 7610 
f 7614 7610 7612 
f 7614 7612 7598 
f 7615 7617 7616 
f 7617 7618 7616 
f 7617 7619 7618 
f 7619 7620 7618 
f 7619 7621 7620 
f 7621 7622 7620 
f 7621 7623 7622 
f 7623 7624 7622 
f 7623 7625 7624 
f 7625 7626 7624 
f 7625 7627 7626 
f 7627 7628 7626 
f 7627 7629 7628 
f 7629 7630 7628 
f 7629 7615 7630 
f 7615 7616 7630 
f 7631 7617 7615 
f 7631 7619 7617 
f 7631 7621 7619 
f 7631 7623 7621 
f 7631 7625 7623 
f 7631 7627 7625 
f 7631 7629 7627 
f 7631 7615 7629 
f 7632 7616 7618 
f 7632 7618 7620 
f 7632 7620 7622 
f 7632 7622 7624 
f 7632 7624 7626 
f 7632 7626 7628 
f 7632 7628 7630 
f 7632 7630 7616 
f 7633 7635 7634 
f 7635 7636 7634 
f 7635 7637 7636 
f 7637 7638 7636 
f 7637 7639 7638 
f 7639 7640 7638 
f 7639 7641 7640 
f 7641 7642 7640 
f 7641 7643 7642 
f 7643 7644 7642 
f 7643 7645 7644 
f 7645 7646 7644 
f 7645 7647 7646 
f 7647 7648 7646 
f 7647 7633 7648 
f 7633 7634 7648 
f 7649 7635 7633 
f 7649 7637 7635 
f 7649 7639 7637 
f 7649 7641 7639 
f 7649 7643 7641 
f 7649 7645 7643 
f 7649 7647 7645 
f 7649 7633 7647 
f 7650 7634 7636 
f 7650 7636 7638 
f 7650 7638 7640 
f 7650 7640 7642 
f 7650 7642 7644 
f 7650 7644 7646 
f 7650 7646 7648 
f 7650 7648 7634 
f 7651 7653 7652 
f 7653 7654 7652 
f 7653 7655 7654 
f 7655 7656 7654 
f 7655 7657 7656 
f 7657 7658 7656 
f 7657 7659 7658 
f 7659 7660 7658 
f 7659 7661 7660 
f 7661 7662 7660 
f 7661 7663 7662 
f 7663 7664 7662 
f 7663 7665 7664 
f 7665 7666 7664 
f 7665 7651 7666 
f 7651 7652 7666 
f 7667 7653 7651 
f 7667 7655 7653 
f 7667 7657 7655 
f 7667 7659 7657 
f 7667 7661 7659 
f 7667 7663 7661 
f 7667 7665 7663 
f 7667 7651 7665 
f 7668 7652 7654 
f 7668 7654 7656 
f 7668 7656 7658 
f 7668 7658 7660 
f 7668 7660 7662 
f 7668 7662 7664 
f 7668 7664 7666 
f 7668 7666 7652 
f 7669 7671 7670 
f 7671 7672 7670 
f 7671 7673 7672 
f 7673 7674 7672 
f 7673 7675 7674 
f 7675 7676 7674 
f 7675 7677 7676 
f 7677 7678 7676 
f 7677 7679 7678 
f 7679 7680 7678 
f 7679 7681 7680 
f 7681 7682 7680 
f 7681 7683 7682 
f 7683 7684 7682 
f 7683 7669 7684 
f 7669 7670 7684 
f 7685 7671 7669 
f 7685 7673 7671 
f 7685 7675 7673 
f 7685 7677 7675 
f 7685 7679 7677 
f 7685 7681 7679 
f 7685 7683 7681 
f 7685 7669 7683 
f 7686 7670 7672 
f 7686 7672 7674 
f 7686 7674 7676 
f 7686 7676 7678 
f 7686 7678 7680 
f 7686 7680 7682 
f 7686 7682 7684 
f 7686 7684 7670 
f 7687 7689 7688 
f 7689 7690 7688 
f 7689 7691 7690 
f 7691 7692 7690 
f 7691 7693 7692 
f 7693 7694 7692 
f 7693 7695 7694 
f 7695 7696 7694 
f 7695 7697 7696 
f 7697 7698 7696 
f 7697 7699 7698 
f 7699 7700 7698 
f 7699 7701 7700 
f 7701 7702 7700 
f 7701 7687 7702 
f 7687 7688 7702 
f 7703 7689 7687 
f 7703 7691 7689 
f 7703 7693 7691 
f 7703 7695 7693 
f 7703 7697 7695 
f 7703 7699 7697 
f 7703 7701 7699 
f 7703 7687 7701 
f 7704 7688 7690 
f 7704 7690 7692 
f 7704 7692 7694 
f 7704 7694 7696 
f 7704 7696 7698 
f 7704 7698 7700 
f 7704 7700 7702 
f 7704 7702 7688 
f 7705 7707 7706 
f 7707 7708 7706 
f 7707 7709 7708 
f 7709 7710 7708 
f 7709 7711 7710 
f 7711 7712 7710 
f 7711 7713 7712 
f 7713 7714 7712 
f 7713 7715 7714 
f 7715 7716 7714 
f 7715 7717 7716 
f 7717 7718 7716 
f 7717 7719 7718 
f 7719 7720 7718 
f 7719 7705 7720 
f 7705 7706 7720 
f 7721 7707 7705 
f 7721 7709 7707 
f 7721 7711 7709 
f 7721 7713 7711 
f 7721 7715 7713 
f 7721 7717 7715 
f 7721 7719 7717 
f 7721 7705 7719 
f 7722 7706 7708 
f 7722 7708 7710 
f 7722 7710 7712 
f 7722 7712 7714 
f 7722 7714 7716 
f 7722 7716 7718 
f 7722 7718 7720 
f 7722 7720 7706 
f 7723 7725 7724 
f 7725 7726 7724 
f 7725 7727 7726 
f 7727 7728 7726 
f 7727 7729 7728 
f 7729 7730 7728 
f 7729 7731 7730 
f 7731 7732 7730 
f 7731 7733 7732 
f 7733 7734 7732 
f 7733 7735 7734 
f 7735 7736 7734 
f 7735 7737 7736 
f 7737 7738 7736 
f 7737 7723 7738 
f 7723 7724 7738 
f 7739 7725 7723 
f 7739 7727 7725 
f 7739 7729 7727 
f 7739 7731 7729 
f 7739 7733 7731 
f 7739 7735 7733 
f 7739 7737 7735 
f 7739 7723 7737 
f 7740 7724 7726 
f 7740 7726 7728 
f 7740 7728 7730 
f 7740 7730 7732 
f 7740 7732 7734 
f 7740 7734 7736 
f 7740 7736 7738 
f 7740 7738 7724 
f 7741 7743 7742 
f 7743 7744 7742 
f 7743 7745 7744 
f 7745 7746 7744 
f 7745 7747 7746 
f 7747 7748 7746 
f 7747 7749 7748 
f 7749 7750 7748 
f 7749 7751 7750 
f 7751 7752 7750 
f 7751 7753 7752 
f 7753 7754 7752 
f 7753 7755 7754 
f 7755 7756 7754 
f 7755 7741 7756 
f 7741 7742 7756 
f 7757 7743 7741 
f 7757 7745 7743 
f 7757 7747 7745 
f 7757 7749 7747 
f 7757 7751 7749 
f 7757 7753 7751 
f 7757 7755 7753 
f 7757 7741 7755 
f 7758 7742 7744 
f 7758 7744 7746 
f 7758 7746 7748 
f 7758 7748 7750 
f 7758 7750 7752 
f 7758 7752 7754 
f 7758 7754 7756 
f 7758 7756 7742 
f 7759 7761 7760 
f 7761 7762 7760 
f 7761 7763 7762 
f 7763 7764 7762 
f 7763 7765 7764 
f 7765 7766 7764 
f 7765 7767 7766 
f 7767 7768 7766 
f 7767 7769 7768 
f 7769 7770 7768 
f 7769 7771 7770 
f 7771 7772 7770 
f 7771 7773 7772 
f 7773 7774 7772 
f 7773 7759 7774 
f 7759 7760 7774 
f 7775 7761 7759 
f 7775 7763 7761 
f 7775 7765 7763 
f 7775 7767 7765 
f 7775 7769 7767 
f 7775 7771 7769 
f 7775 7773 7771 
f 7775 7759 7773 
f 7776 7760 7762 
f 7776 7762 7764 
f 7776 7764 7766 
f 7776 7766 7768 
f 7776 7768 7770 
f 7776 7770 7772 
f 7776 7772 7774 
f 7776 7774 7760 
f 7777 7779 7778 
f 7779 7780 7778 
f 7779 7781 7780 
f 7781 7782 7780 
f 7781 7783 7782 
f 7783 7784 7782 
f 7783 7785 7784 
f 7785 7786 7784 
f 7785 7787 7786 
f 7787 7788 7786 
f 7787 7789 7788 
f 7789 7790 7788 
f 7789 7791 7790 
f 7791 7792 7790 
f 7791 7777 7792 
f 7777 7778 7792 
f 7793 7779 7777 
f 7793 7781 7779 
f 7793 7783 7781 
f 7793 7785 7783 
f 7793 7787 7785 
f 7793 7789 7787 
f 7793 7791 7789 
f 7793 7777 7791 
f 7794 7778 7780 
f 7794 7780 7782 
f 7794 7782 7784 
f 7794 7784 7786 
f 7794 7786 7788 
f 7794 7788 7790 
f 7794 7790 7792 
f 7794 7792 7778 
f 7795 7797 7796 
f 7797 7798 7796 
f 7797 7799 7798 
f 7799 7800 7798 
f 7799 7801 7800 
f 7801 7802 7800 
f 7801 7803 7802 
f 7803 7804 7802 
f 7803 7805 7804 
f 7805 7806 7804 
f 7805 7807 7806 
f 7807 7808 7806 
f 7807 7809 7808 
f 7809 7810 7808 
f 7809 7795 7810 
f 7795 7796 7810 
f 7811 7797 7795 
f 7811 7799 7797 
f 7811 7801 7799 
f 7811 7803 7801 
f 7811 7805 7803 
f 7811 7807 7805 
f 7811 7809 7807 
f 7811 7795 7809 
f 7812 7796 7798 
f 7812 7798 7800 
f 7812 7800 7802 
f 7812 7802 7804 
f 7812 7804 7806 
f 7812 7806 7808 
f 7812 7808 7810 
f 7812 7810 7796 
f 7813 7815 7814 
f 7815 7816 7814 
f 7815 7817 7816 
f 7817 7818 7816 
f 7817 7819 7818 
f 7819 7820 7818 
f 7819 7821 7820 
f 7821 7822 7820 
f 7821 7823 7822 
f 7823 7824 7822 
f 7823 7825 7824 
f 7825 7826 7824 
f 7825 7827 7826 
f 7827 7828 7826 
f 7827 7813 7828 
f 7813 7814 7828 
f 7829 7815 7813 
f 7829 7817 7815 
f 7829 7819 7817 
f 7829 7821 7819 
f 7829 7823 7821 
f 7829 7825 7823 
f 7829 7827 7825 
f 7829 7813 7827 
f 7830 7814 7816 
f 7830 7816 7818 
f 7830 7818 7820 
f 7830 7820 7822 
f 7830 7822 7824 
f 7830 7824 7826 
f 7830 7826 7828 
f 7830 7828 7814 
f 7831 7833 7832 
f 7833 7834 7832 
f 7833 7835 7834 
f 7835 7836 7834 
f 7835 7837 7836 
f 7837 7838 7836 
f 7837 7839 7838 
f 7839 7840 7838 
f 7839 7841 7840 
f 7841 7842 7840 
f 7841 7843 7842 
f 7843 7844 7842 
f 7843 7845 7844 
f 7845 7846 7844 
f 7845 7831 7846 
f 7831 7832 7846 
f 7847 7833 7831 
f 7847 7835 7833 
f 7847 7837 7835 
f 7847 7839 7837 
f 7847 7841 7839 
f 7847 7843 7841 
f 7847 7845 7843 
f 7847 7831 7845 
f 7848 7832 7834 
f 7848 7834 7836 
f 7848 7836 7838 
f 7848 7838 7840 
f 7848 7840 7842 
f 7848 7842 7844 
f 7848 7844 7846 
f 7848 7846 7832 
f 7849 7851 7850 
f 7851 7852 7850 
f 7851 7853 7852 
f 7853 7854 7852 
f 7853 7855 7854 
f 7855 7856 7854 
f 7855 7857 7856 
f 7857 7858 7856 
f 7857 7859 7858 
f 7859 7860 7858 
f 7859 7861 7860 
f 7861 7862 7860 
f 7861 7863 7862 
f 7863 7864 7862 
f 7863 7849 7864 
f 7849 7850 7864 
f 7865 7851 7849 
f 7865 7853 7851 
f 7865 7855 7853 
f 7865 7857 7855 
f 7865 7859 7857 
f 7865 7861 7859 
f 7865 7863 7861 
f 7865 7849 7863 
f 7866 7850 7852 
f 7866 7852 7854 
f 7866 7854 7856 
f 7866 7856 7858 
f 7866 7858 7860 
f 7866 7860 7862 
f 7866 7862 7864 
f 7866 7864 7850 
f 7867 7869 7868 
f 7869 7870 7868 
f 7869 7871 7870 
f 7871 7872 7870 
f 7871 7873 7872 
f 7873 7874 7872 
f 7873 7875 7874 
f 7875 7876 7874 
f 7875 7877 7876 
f 7877 7878 7876 
f 7877 7879 7878 
f 7879 7880 7878 
f 7879 7881 7880 
f 7881 7882 7880 
f 7881 7867 7882 
f 7867 7868 7882 
f 7883 7869 7867 
f 7883 7871 7869 
f 7883 7873 7871 
f 7883 7875 7873 
f 7883 7877 7875 
f 7883 7879 7877 
f 7883 7881 7879 
f 7883 7867 7881 
f 7884 7868 7870 
f 7884 7870 7872 
f 7884 7872 7874 
f 7884 7874 7876 
f 7884 7876 7878 
f 7884 7878 7880 
f 7884 7880 7882 
f 7884 7882 7868 
f 7885 7887 7886 
f 7887 7888 7886 
f 7887 7889 7888 
f 7889 7890 7888 
f 7889 7891 7890 
f 7891 7892 7890 
f 7891 7893 7892 
f 7893 7894 7892 
f 7893 7895 7894 
f 7895 7896 7894 
f 7895 7897 7896 
f 7897 7898 7896 
f 7897 7899 7898 
f 7899 7900 7898 
f 7899 7885 7900 
f 7885 7886 7900 
f 7901 7887 7885 
f 7901 7889 7887 
f 7901 7891 7889 
f 7901 7893 7891 
f 7901 7895 7893 
f 7901 7897 7895 
f 7901 7899 7897 
f 7901 7885 7899 
f 7902 7886 7888 
f 7902 7888 7890 
f 7902 7890 7892 
f 7902 7892 7894 
f 7902 7894 7896 
f 7902 7896 7898 
f 7902 7898 7900 
f 7902 7900 7886 
f 7903 7905 7904 
f 7905 7906 7904 
f 7905 7907 7906 
f 7907 7908 7906 
f 7907 7909 7908 
f 7909 7910 7908 
f 7909 7911 7910 
f 7911 7912 7910 
f 7911 7913 7912 
f 7913 7914 7912 
f 7913 7915 7914 
f 7915 7916 7914 
f 7915 7917 7916 
f 7917 7918 7916 
f 7917 7903 7918 
f 7903 7904 7918 
f 7919 7905 7903 
f 7919 7907 7905 
f 7919 7909 7907 
f 7919 7911 7909 
f 7919 7913 7911 
f 7919 7915 7913 
f 7919 7917 7915 
f 7919 7903 7917 
f 7920 7904 7906 
f 7920 7906 7908 
f 7920 7908 7910 
f 7920 7910 7912 
f 7920 7912 7914 
f 7920 7914 7916 
f 7920 7916 7918 
f 7920 7918 7904 
f 7921 7923 7922 
f 7923 7924 7922 
f 7923 7925 7924 
f 7925 7926 7924 
f 7925 7927 7926 
f 7927 7928 7926 
f 7927 7929 7928 
f 7929 7930 7928 
f 7929 7931 7930 
f 7931 7932 7930 
f 7931 7933 7932 
f 7933 7934 7932 
f 7933 7935 7934 
f 7935 7936 7934 
f 7935 7921 7936 
f 7921 7922 7936 
f 7937 7923 7921 
f 7937 7925 7923 
f 7937 7927 7925 
f 7937 7929 7927 
f 7937 7931 7929 
f 7937 7933 7931 
f 7937 7935 7933 
f 7937 7921 7935 
f 7938 7922 7924 
f 7938 7924 7926 
f 7938 7926 7928 
f 7938 7928 7930 
f 7938 7930 7932 
f 7938 7932 7934 
f 7938 7934 7936 
f 7938 7936 7922 
f 7939 7941 7940 
f 7941 7942 7940 
f 7941 7943 7942 
f 7943 7944 7942 
f 7943 7945 7944 
f 7945 7946 7944 
f 7945 7947 7946 
f 7947 7948 7946 
f 7947 7949 7948 
f 7949 7950 7948 
f 7949 7951 7950 
f 7951 7952 7950 
f 7951 7953 7952 
f 7953 7954 7952 
f 7953 7939 7954 
f 7939 7940 7954 
f 7955 7941 7939 
f 7955 7943 7941 
f 7955 7945 7943 
f 7955 7947 7945 
f 7955 7949 7947 
f 7955 7951 7949 
f 7955 7953 7951 
f 7955 7939 7953 
f 7956 7940 7942 
f 7956 7942 7944 
f 7956 7944 7946 
f 7956 7946 7948 
f 7956 7948 7950 
f 7956 7950 7952 
f 7956 7952 7954 
f 7956 7954 7940 
f 7957 7959 7958 
f 7959 7960 7958 
f 7959 7961 7960 
f 7961 7962 7960 
f 7961 7963 7962 
f 7963 7964 7962 
f 7963 7965 7964 
f 7965 7966 7964 
f 7965 7967 7966 
f 7967 7968 7966 
f 7967 7969 7968 
f 7969 7970 7968 
f 7969 7971 7970 
f 7971 7972 7970 
f 7971 7957 7972 
f 7957 7958 7972 
f 7973 7959 7957 
f 7973 7961 7959 
f 7973 7963 7961 
f 7973 7965 7963 
f 7973 7967 7965 
f 7973 7969 7967 
f 7973 7971 7969 
f 7973 7957 7971 
f 7974 7958 7960 
f 7974 7960 7962 
f 7974 7962 7964 
f 7974 7964 7966 
f 7974 7966 7968 
f 7974 7968 7970 
f 7974 7970 7972 
f 7974 7972 7958 
f 7975 7977 7976 
f 7977 7978 7976 
f 7977 7979 7978 
f 7979 7980 7978 
f 7979 7981 7980 
f 7981 7982 7980 
f 7981 7983 7982 
f 7983 7984 7982 
f 7983 7985 7984 
f 7985 7986 7984 
f 7985 7987 7986 
f 7987 7988 7986 
f 7987 7989 7988 
f 7989 7990 7988 
f 7989 7975 7990 
f 7975 7976 7990 
f 7991 7977 7975 
f 7991 7979 7977 
f 7991 7981 7979 
f 7991 7983 7981 
f 7991 7985 7983 
f 7991 7987 7985 
f 7991 7989 7987 
f 7991 7975 7989 
f 7992 7976 7978 
f 7992 7978 7980 
f 7992 7980 7982 
f 7992 7982 7984 
f 7992 7984 7986 
f 7992 7986 7988 
f 7992 7988 7990 
f 7992 7990 7976 
f 7993 7995 7994 
f 7995 7996 7994 
f 7995 7997 7996 
f 7997 7998 7996 
f 7997 7999 7998 
f 7999 8000 7998 
f 7999 8001 8000 
f 8001 8002 8000 
f 8001 8003 8002 
f 8003 8004 8002 
f 8003 8005 8004 
f 8005 8006 8004 
f 8005 8007 8006 
f 8007 8008 8006 
f 8007 7993 8008 
f 7993 7994 8008 
f 8009 7995 7993 
f 8009 7997 7995 
f 8009 7999 7997 
f 8009 8001 7999 
f 8009 8003 8001 
f 8009 8005 8003 
f 8009 8007 8005 
f 8009 7993 8007 
f 8010 7994 7996 
f 8010 7996 7998 
f 8010 7998 8000 
f 8010 8000 8002 
f 8010 8002 8004 
f 8010 8004 8006 
f 8010 8006 8008 
f 8010 8008 7994 
f 8011 8013 8012 
f 8013 8014 8012 
f 8013 8015 8014 
f 8015 8016 8014 
f 8015 8017 8016 
f 8017 8018 8016 
f 8017 8019 8018 
f 8019 8020 8018 
f 8019 8021 8020 
f 8021 8022 8020 
f 8021 8023 8022 
f 8023 8024 8022 
f 8023 8025 8024 
f 8025 8026 8024 
f 8025 8011 8026 
f 8011 8012 8026 
f 8027 8013 8011 
f 8027 8015 8013 
f 8027 8017 8015 
f 8027 8019 8017 
f 8027 8021 8019 
f 8027 8023 8021 
f 8027 8025 8023 
f 8027 8011 8025 
f 8028 8012 8014 
f 8028 8014 8016 
f 8028 8016 8018 
f 8028 8018 8020 
f 8028 8020 8022 
f 8028 8022 8024 
f 8028 8024 8026 
f 8028 8026 8012 
f 8029 8031 8030 
f 8031 8032 8030 
f 8031 8033 8032 
f 8033 8034 8032 
f 8033 8035 8034 
f 8035 8036 8034 
f 8035 8037 8036 
f 8037 8038 8036 
f 8037 8039 8038 
f 8039 8040 8038 
f 8039 8041 8040 
f 8041 8042 8040 
f 8041 8043 8042 
f 8043 8044 8042 
f 8043 8029 8044 
f 8029 8030 8044 
f 8045 8031 8029 
f 8045 8033 8031 
f 8045 8035 8033 
f 8045 8037 8035 
f 8045 8039 8037 
f 8045 8041 8039 
f 8045 8043 8041 
f 8045 8029 8043 
f 8046 8030 8032 
f 8046 8032 8034 
f 8046 8034 8036 
f 8046 8036 8038 
f 8046 8038 8040 
f 8046 8040 8042 
f 8046 8042 8044 
f 8046 8044 8030 
f 8047 8049 8048 
f 8049 8050 8048 
f 8049 8051 8050 
f 8051 8052 8050 
f 8051 8053 8052 
f 8053 8054 8052 
f 8053 8055 8054 
f 8055 8056 8054 
f 8055 8057 8056 
f 8057 8058 8056 
f 8057 8059 8058 
f 8059 8060 8058 
f 8059 8061 8060 
f 8061 8062 8060 
f 8061 8047 8062 
f 8047 8048 8062 
f 8063 8049 8047 
f 8063 8051 8049 
f 8063 8053 8051 
f 8063 8055 8053 
f 8063 8057 8055 
f 8063 8059 8057 
f 8063 8061 8059 
f 8063 8047 8061 
f 8064 8048 8050 
f 8064 8050 8052 
f 8064 8052 8054 
f 8064 8054 8056 
f 8064 8056 8058 
f 8064 8058 8060 
f 8064 8060 8062 
f 8064 8062 8048 
f 8065 8067 8066 
f 8067 8068 8066 
f 8067 8069 8068 
f 8069 8070 8068 
f 8069 8071 8070 
f 8071 8072 8070 
f 8071 8073 8072 
f 8073 8074 8072 
f 8073 8075 8074 
f 8075 8076 8074 
f 8075 8077 8076 
f 8077 8078 8076 
f 8077 8079 8078 
f 8079 8080 8078 
f 8079 8065 8080 
f 8065 8066 8080 
f 8081 8067 8065 
f 8081 8069 8067 
f 8081 8071 8069 
f 8081 8073 8071 
f 8081 8075 8073 
f 8081 8077 8075 
f 8081 8079 8077 
f 8081 8065 8079 
f 8082 8066 8068 
f 8082 8068 8070 
f 8082 8070 8072 
f 8082 8072 8074 
f 8082 8074 8076 
f 8082 8076 8078 
f 8082 8078 8080 
f 8082 8080 8066 
f 8083 8085 8084 
f 8085 8086 8084 
f 8085 8087 8086 
f 8087 8088 8086 
f 8087 8089 8088 
f 8089 8090 8088 
f 8089 8091 8090 
f 8091 8092 8090 
f 8091 8093 8092 
f 8093 8094 8092 
f 8093 8095 8094 
f 8095 8096 8094 
f 8095 8097 8096 
f 8097 8098 8096 
f 8097 8083 8098 
f 8083 8084 8098 
f 8099 8085 8083 
f 8099 8087 8085 
f 8099 8089 8087 
f 8099 8091 8089 
f 8099 8093 8091 
f 8099 8095 8093 
f 8099 8097 8095 
f 8099 8083 8097 
f 8100 8084 8086 
f 8100 8086 8088 
f 8100 8088 8090 
f 8100 8090 8092 
f 8100 8092 8094 
f 8100 8094 8096 
f 8100 8096 8098 
f 8100 8098 8084 
f 8101 8103 8102 
f 8103 8104 8102 
f 8103 8105 8104 
f 8105 8106 8104 
f 8105 8107 8106 
f 8107 8108 8106 
f 8107 8109 8108 
f 8109 8110 8108 
f 8109 8111 8110 
f 8111 8112 8110 
f 8111 8113 8112 
f 8113 8114 8112 
f 8113 8115 8114 
f 8115 8116 8114 
f 8115 8101 8116 
f 8101 8102 8116 
f 8117 8103 8101 
f 8117 8105 8103 
f 8117 8107 8105 
f 8117 8109 8107 
f 8117 8111 8109 
f 8117 8113 8111 
f 8117 8115 8113 
f 8117 8101 8115 
f 8118 8102 8104 
f 8118 8104 8106 
f 8118 8106 8108 
f 8118 8108 8110 
f 8118 8110 8112 
f 8118 8112 8114 
f 8118 8114 8116 
f 8118 8116 8102 
f 8119 8121 8120 
f 8121 8122 8120 
f 8121 8123 8122 
f 8123 8124 8122 
f 8123 8125 8124 
f 8125 8126 8124 
f 8125 8127 8126 
f 8127 8128 8126 
f 8127 8129 8128 
f 8129 8130 8128 
f 8129 8131 8130 
f 8131 8132 8130 
f 8131 8133 8132 
f 8133 8134 8132 
f 8133 8119 8134 
f 8119 8120 8134 
f 8135 8121 8119 
f 8135 8123 8121 
f 8135 8125 8123 
f 8135 8127 8125 
f 8135 8129 8127 
f 8135 8131 8129 
f 8135 8133 8131 
f 8135 8119 8133 
f 8136 8120 8122 
f 8136 8122 8124 
f 8136 8124 8126 
f 8136 8126 8128 
f 8136 8128 8130 
f 8136 8130 8132 
f 8136 8132 8134 
f 8136 8134 8120 
f 8137 8139 8138 
f 8139 8140 8138 
f 8139 8141 8140 
f 8141 8142 8140 
f 8141 8143 8142 
f 8143 8144 8142 
f 8143 8145 8144 
f 8145 8146 8144 
f 8145 8147 8146 
f 8147 8148 8146 
f 8147 8149 8148 
f 8149 8150 8148 
f 8149 8151 8150 
f 8151 8152 8150 
f 8151 8137 8152 
f 8137 8138 8152 
f 8153 8139 8137 
f 8153 8141 8139 
f 8153 8143 8141 
f 8153 8145 8143 
f 8153 8147 8145 
f 8153 8149 8147 
f 8153 8151 8149 
f 8153 8137 8151 
f 8154 8138 8140 
f 8154 8140 8142 
f 8154 8142 8144 
f 8154 8144 8146 
f 8154 8146 8148 
f 8154 8148 8150 
f 8154 8150 8152 
f 8154 8152 8138 
f 8155 8157 8156 
f 8157 8158 8156 
f 8157 8159 8158 
f 8159 8160 8158 
f 8159 8161 8160 
f 8161 8162 8160 
f 8161 8163 8162 
f 8163 8164 8162 
f 8163 8165 8164 
f 8165 8166 8164 
f 8165 8167 8166 
f 8167 8168 8166 
f 8167 8169 8168 
f 8169 8170 8168 
f 8169 8155 8170 
f 8155 8156 8170 
f 8171 8157 8155 
f 8171 8159 8157 
f 8171 8161 8159 
f 8171 8163 8161 
f 8171 8165 8163 
f 8171 8167 8165 
f 8171 8169 8167 
f 8171 8155 8169 
f 8172 8156 8158 
f 8172 8158 8160 
f 8172 8160 8162 
f 8172 8162 8164 
f 8172 8164 8166 
f 8172 8166 8168 
f 8172 8168 8170 
f 8172 8170 8156 
f 8173 8175 8174 
f 8175 8176 8174 
f 8175 8177 8176 
f 8177 8178 8176 
f 8177 8179 8178 
f 8179 8180 8178 
f 8179 8181 8180 
f 8181 8182 8180 
f 8181 8183 8182 
f 8183 8184 8182 
f 8183 8185 8184 
f 8185 8186 8184 
f 8185 8187 8186 
f 8187 8188 8186 
f 8187 8173 8188 
f 8173 8174 8188 
f 8189 8175 8173 
f 8189 8177 8175 
f 8189 8179 8177 
f 8189 8181 8179 
f 8189 8183 8181 
f 8189 8185 8183 
f 8189 8187 8185 
f 8189 8173 8187 
f 8190 8174 8176 
f 8190 8176 8178 
f 8190 8178 8180 
f 8190 8180 8182 
f 8190 8182 8184 
f 8190 8184 8186 
f 8190 8186 8188 
f 8190 8188 8174 
f 8191 8193 8192 
f 8193 8194 8192 
f 8193 8195 8194 
f 8195 8196 8194 
f 8195 8197 8196 
f 8197 8198 8196 
f 8197 8199 8198 
f 8199 8200 8198 
f 8199 8201 8200 
f 8201 8202 8200 
f 8201 8203 8202 
f 8203 8204 8202 
f 8203 8205 8204 
f 8205 8206 8204 
f 8205 8191 8206 
f 8191 8192 8206 
f 8207 8193 8191 
f 8207 8195 8193 
f 8207 8197 8195 
f 8207 8199 8197 
f 8207 8201 8199 
f 8207 8203 8201 
f 8207 8205 8203 
f 8207 8191 8205 
f 8208 8192 8194 
f 8208 8194 8196 
f 8208 8196 8198 
f 8208 8198 8200 
f 8208 8200 8202 
f 8208 8202 8204 
f 8208 8204 8206 
f 8208 8206 8192 
f 8209 8211 8210 
f 8211 8212 8210 
f 8211 8213 8212 
f 8213 8214 8212 
f 8213 8215 8214 
f 8215 8216 8214 
f 8215 8217 8216 
f 8217 8218 8216 
f 8217 8219 8218 
f 8219 8220 8218 
f 8219 8221 8220 
f 8221 8222 8220 
f 8221 8223 8222 
f 8223 8224 8222 
f 8223 8209 8224 
f 8209 8210 8224 
f 8225 8211 8209 
f 8225 8213 8211 
f 8225 8215 8213 
f 8225 8217 8215 
f 8225 8219 8217 
f 8225 8221 8219 
f 8225 8223 8221 
f 8225 8209 8223 
f 8226 8210 8212 
f 8226 8212 8214 
f 8226 8214 8216 
f 8226 8216 8218 
f 8226 8218 8220 
f 8226 8220 8222 
f 8226 8222 8224 
f 8226 8224 8210 
f 8227 8229 8228 
f 8229 8230 8228 
f 8229 8231 8230 
f 8231 8232 8230 
f 8231 8233 8232 
f 8233 8234 8232 
f 8233 8235 8234 
f 8235 8236 8234 
f 8235 8237 8236 
f 8237 8238 8236 
f 8237 8239 8238 
f 8239 8240 8238 
f 8239 8241 8240 
f 8241 8242 8240 
f 8241 8227 8242 
f 8227 8228 8242 
f 8243 8229 8227 
f 8243 8231 8229 
f 8243 8233 8231 
f 8243 8235 8233 
f 8243 8237 8235 
f 8243 8239 8237 
f 8243 8241 8239 
f 8243 8227 8241 
f 8244 8228 8230 
f 8244 8230 8232 
f 8244 8232 8234 
f 8244 8234 8236 
f 8244 8236 8238 
f 8244 8238 8240 
f 8244 8240 8242 
f 8244 8242 8228 
f 8245 8247 8246 
f 8247 8248 8246 
f 8247 8249 8248 
f 8249 8250 8248 
f 8249 8251 8250 
f 8251 8252 8250 
f 8251 8253 8252 
f 8253 8254 8252 
f 8253 8255 8254 
f 8255 8256 8254 
f 8255 8257 8256 
f 8257 8258 8256 
f 8257 8259 8258 
f 8259 8260 8258 
f 8259 8245 8260 
f 8245 8246 8260 
f 8261 8247 8245 
f 8261 8249 8247 
f 8261 8251 8249 
f 8261 8253 8251 
f 8261 8255 8253 
f 8261 8257 8255 
f 8261 8259 8257 
f 8261 8245 8259 
f 8262 8246 8248 
f 8262 8248 8250 
f 8262 8250 8252 
f 8262 8252 8254 
f 8262 8254 8256 
f 8262 8256 8258 
f 8262 8258 8260 
f 8262 8260 8246 
f 8263 8265 8264 
f 8265 8266 8264 
f 8265 8267 8266 
f 8267 8268 8266 
f 8267 8269 8268 
f 8269 8270 8268 
f 8269 8271 8270 
f 8271 8272 8270 
f 8271 8273 8272 
f 8273 8274 8272 
f 8273 8275 8274 
f 8275 8276 8274 
f 8275 8277 8276 
f 8277 8278 8276 
f 8277 8263 8278 
f 8263 8264 8278 
f 8279 8265 8263 
f 8279 8267 8265 
f 8279 8269 8267 
f 8279 8271 8269 
f 8279 8273 8271 
f 8279 8275 8273 
f 8279 8277 8275 
f 8279 8263 8277 
f 8280 8264 8266 
f 8280 8266 8268 
f 8280 8268 8270 
f 8280 8270 8272 
f 8280 8272 8274 
f 8280 8274 8276 
f 8280 8276 8278 
f 8280 8278 8264 
f 8281 8283 8282 
f 8283 8284 8282 
f 8283 8285 8284 
f 8285 8286 8284 
f 8285 8287 8286 
f 8287 8288 8286 
f 8287 8289 8288 
f 8289 8290 8288 
f 8289 8291 8290 
f 8291 8292 8290 
f 8291 8293 8292 
f 8293 8294 8292 
f 8293 8295 8294 
f 8295 8296 8294 
f 8295 8281 8296 
f 8281 8282 8296 
f 8297 8283 8281 
f 8297 8285 8283 
f 8297 8287 8285 
f 8297 8289 8287 
f 8297 8291 8289 
f 8297 8293 8291 
f 8297 8295 8293 
f 8297 8281 8295 
f 8298 8282 8284 
f 8298 8284 8286 
f 8298 8286 8288 
f 8298 8288 8290 
f 8298 8290 8292 
f 8298 8292 8294 
f 8298 8294 8296 
f 8298 8296 8282 
f 8299 8301 8300 
f 8301 8302 8300 
f 8301 8303 8302 
f 8303 8304 8302 
f 8303 8305 8304 
f 8305 8306 8304 
f 8305 8307 8306 
f 8307 8308 8306 
f 8307 8309 8308 
f 8309 8310 8308 
f 8309 8311 8310 
f 8311 8312 8310 
f 8311 8313 8312 
f 8313 8314 8312 
f 8313 8299 8314 
f 8299 8300 8314 
f 8315 8301 8299 
f 8315 8303 8301 
f 8315 8305 8303 
f 8315 8307 8305 
f 8315 8309 8307 
f 8315 8311 8309 
f 8315 8313 8311 
f 8315 8299 8313 
f 8316 8300 8302 
f 8316 8302 8304 
f 8316 8304 8306 
f 8316 8306 8308 
f 8316 8308 8310 
f 8316 8310 8312 
f 8316 8312 8314 
f 8316 8314 8300 
f 8317 8319 8318 
f 8319 8320 8318 
f 8319 8321 8320 
f 8321 8322 8320 
f 8321 8323 8322 
f 8323 8324 8322 
f 8323 8325 8324 
f 8325 8326 8324 
f 8325 8327 8326 
f 8327 8328 8326 
f 8327 8329 8328 
f 8329 8330 8328 
f 8329 8331 8330 
f 8331 8332 8330 
f 8331 8317 8332 
f 8317 8318 8332 
f 8333 8319 8317 
f 8333 8321 8319 
f 8333 8323 8321 
f 8333 8325 8323 
f 8333 8327 8325 
f 8333 8329 8327 
f 8333 8331 8329 
f 8333 8317 8331 
f 8334 8318 8320 
f 8334 8320 8322 
f 8334 8322 8324 
f 8334 8324 8326 
f 8334 8326 8328 
f 8334 8328 8330 
f 8334 8330 8332 
f 8334 8332 8318 
f 8335 8337 8336 
f 8337 8338 8336 
f 8337 8339 8338 
f 8339 8340 8338 
f 8339 8341 8340 
f 8341 8342 8340 
f 8341 8343 8342 
f 8343 8344 8342 
f 8343 8345 8344 
f 8345 8346 8344 
f 8345 8347 8346 
f 8347 8348 8346 
f 8347 8349 8348 
f 8349 8350 8348 
f 8349 8335 8350 
f 8335 8336 8350 
f 8351 8337 8335 
f 8351 8339 8337 
f 8351 8341 8339 
f 8351 8343 8341 
f 8351 8345 8343 
f 8351 8347 8345 
f 8351 8349 8347 
f 8351 8335 8349 
f 8352 8336 8338 
f 8352 8338 8340 
f 8352 8340 8342 
f 8352 8342 8344 
f 8352 8344 8346 
f 8352 8346 8348 
f 8352 8348 8350 
f 8352 8350 8336 
f 8353 8355 8354 
f 8355 8356 8354 
f 8355 8357 8356 
f 8357 8358 8356 
f 8357 8359 8358 
f 8359 8360 8358 
f 8359 8361 8360 
f 8361 8362 8360 
f 8361 8363 8362 
f 8363 8364 8362 
f 8363 8365 8364 
f 8365 8366 8364 
f 8365 8367 8366 
f 8367 8368 8366 
f 8367 8353 8368 
f 8353 8354 8368 
f 8369 8355 8353 
f 8369 8357 8355 
f 8369 8359 8357 
f 8369 8361 8359 
f 8369 8363 8361 
f 8369 8365 8363 
f 8369 8367 8365 
f 8369 8353 8367 
f 8370 8354 8356 
f 8370 8356 8358 
f 8370 8358 8360 
f 8370 8360 8362 
f 8370 8362 8364 
f 8370 8364 8366 
f 8370 8366 8368 
f 8370 8368 8354 
f 8371 8373 8372 
f 8373 8374 8372 
f 8373 8375 8374 
f 8375 8376 8374 
f 8375 8377 8376 
f 8377 8378 8376 
f 8377 8379 8378 
f 8379 8380 8378 
f 8379 8381 8380 
f 8381 8382 8380 
f 8381 8383 8382 
f 8383 8384 8382 
f 8383 8385 8384 
f 8385 8386 8384 
f 8385 8371 8386 
f 8371 8372 8386 
f 8387 8373 8371 
f 8387 8375 8373 
f 8387 8377 8375 
f 8387 8379 8377 
f 8387 8381 8379 
f 8387 8383 8381 
f 8387 8385 8383 
f 8387 8371 8385 
f 8388 8372 8374 
f 8388 8374 8376 
f 8388 8376 8378 
f 8388 8378 8380 
f 8388 8380 8382 
f 8388 8382 8384 
f 8388 8384 8386 
f 8388 8386 8372 
f 8389 8391 8390 
f 8391 8392 8390 
f 8391 8393 8392 
f 8393 8394 8392 
f 8393 8395 8394 
f 8395 8396 8394 
f 8395 8397 8396 
f 8397 8398 8396 
f 8397 8399 8398 
f 8399 8400 8398 
f 8399 8401 8400 
f 8401 8402 8400 
f 8401 8403 8402 
f 8403 8404 8402 
f 8403 8389 8404 
f 8389 8390 8404 
f 8405 8391 8389 
f 8405 8393 8391 
f 8405 8395 8393 
f 8405 8397 8395 
f 8405 8399 8397 
f 8405 8401 8399 
f 8405 8403 8401 
f 8405 8389 8403 
f 8406 8390 8392 
f 8406 8392 8394 
f 8406 8394 8396 
f 8406 8396 8398 
f 8406 8398 8400 
f 8406 8400 8402 
f 8406 8402 8404 
f 8406 8404 8390 
f 8407 8409 8408 
f 8409 8410 8408 
f 8409 8411 8410 
f 8411 8412 8410 
f 8411 8413 8412 
f 8413 8414 8412 
f 8413 8415 8414 
f 8415 8416 8414 
f 8415 8417 8416 
f 8417 8418 8416 
f 8417 8419 8418 
f 8419 8420 8418 
f 8419 8421 8420 
f 8421 8422 8420 
f 8421 8407 8422 
f 8407 8408 8422 
f 8423 8409 8407 
f 8423 8411 8409 
f 8423 8413 8411 
f 8423 8415 8413 
f 8423 8417 8415 
f 8423 8419 8417 
f 8423 8421 8419 
f 8423 8407 8421 
f 8424 8408 8410 
f 8424 8410 8412 
f 8424 8412 8414 
f 8424 8414 8416 
f 8424 8416 8418 
f 8424 8418 8420 
f 8424 8420 8422 
f 8424 8422 8408 
f 8425 8427 8426 
f 8427 8428 8426 
f 8427 8429 8428 
f 8429 8430 8428 
f 8429 8431 8430 
f 8431 8432 8430 
f 8431 8433 8432 
f 8433 8434 8432 
f 8433 8435 8434 
f 8435 8436 8434 
f 8435 8437 8436 
f 8437 8438 8436 
f 8437 8439 8438 
f 8439 8440 8438 
f 8439 8425 8440 
f 8425 8426 8440 
f 8441 8427 8425 
f 8441 8429 8427 
f 8441 8431 8429 
f 8441 8433 8431 
f 8441 8435 8433 
f 8441 8437 8435 
f 8441 8439 8437 
f 8441 8425 8439 
f 8442 8426 8428 
f 8442 8428 8430 
f 8442 8430 8432 
f 8442 8432 8434 
f 8442 8434 8436 
f 8442 8436 8438 
f 8442 8438 8440 
f 8442 8440 8426 
f 8443 8445 8444 
f 8445 8446 8444 
f 8445 8447 8446 
f 8447 8448 8446 
f 8447 8449 8448 
f 8449 8450 8448 
f 8449 8451 8450 
f 8451 8452 8450 
f 8451 8453 8452 
f 8453 8454 8452 
f 8453 8455 8454 
f 8455 8456 8454 
f 8455 8457 8456 
f 8457 8458 8456 
f 8457 8443 8458 
f 8443 8444 8458 
f 8459 8445 8443 
f 8459 8447 8445 
f 8459 8449 8447 
f 8459 8451 8449 
f 8459 8453 8451 
f 8459 8455 8453 
f 8459 8457 8455 
f 8459 8443 8457 
f 8460 8444 8446 
f 8460 8446 8448 
f 8460 8448 8450 
f 8460 8450 8452 
f 8460 8452 8454 
f 8460 8454 8456 
f 8460 8456 8458 
f 8460 8458 8444 
f 8461 8463 8462 
f 8463 8464 8462 
f 8463 8465 8464 
f 8465 8466 8464 
f 8465 8467 8466 
f 8467 8468 8466 
f 8467 8469 8468 
f 8469 8470 8468 
f 8469 8471 8470 
f 8471 8472 8470 
f 8471 8473 8472 
f 8473 8474 8472 
f 8473 8475 8474 
f 8475 8476 8474 
f 8475 8461 8476 
f 8461 8462 8476 
f 8477 8463 8461 
f 8477 8465 8463 
f 8477 8467 8465 
f 8477 8469 8467 
f 8477 8471 8469 
f 8477 8473 8471 
f 8477 8475 8473 
f 8477 8461 8475 
f 8478 8462 8464 
f 8478 8464 8466 
f 8478 8466 8468 
f 8478 8468 8470 
f 8478 8470 8472 
f 8478 8472 8474 
f 8478 8474 8476 
f 8478 8476 8462 
f 8479 8481 8480 
f 8481 8482 8480 
f 8481 8483 8482 
f 8483 8484 8482 
f 8483 8485 8484 
f 8485 8486 8484 
f 8485 8487 8486 
f 8487 8488 8486 
f 8487 8489 8488 
f 8489 8490 8488 
f 8489 8491 8490 
f 8491 8492 8490 
f 8491 8493 8492 
f 8493 8494 8492 
f 8493 8479 8494 
f 8479 8480 8494 
f 8495 8481 8479 
f 8495 8483 8481 
f 8495 8485 8483 
f 8495 8487 8485 
f 8495 8489 8487 
f 8495 8491 8489 
f 8495 8493 8491 
f 8495 8479 8493 
f 8496 8480 8482 
f 8496 8482 8484 
f 8496 8484 8486 
f 8496 8486 8488 
f 8496 8488 8490 
f 8496 8490 8492 
f 8496 8492 8494 
f 8496 8494 8480 
f 8497 8499 8498 
f 8499 8500 8498 
f 8499 8501 8500 
f 8501 8502 8500 
f 8501 8503 8502 
f 8503 8504 8502 
f 8503 8505 8504 
f 8505 8506 8504 
f 8505 8507 8506 
f 8507 8508 8506 
f 8507 8509 8508 
f 8509 8510 8508 
f 8509 8511 8510 
f 8511 8512 8510 
f 8511 8497 8512 
f 8497 8498 8512 
f 8513 8499 8497 
f 8513 8501 8499 
f 8513 8503 8501 
f 8513 8505 8503 
f 8513 8507 8505 
f 8513 8509 8507 
f 8513 8511 8509 
f 8513 8497 8511 
f 8514 8498 8500 
f 8514 8500 8502 
f 8514 8502 8504 
f 8514 8504 8506 
f 8514 8506 8508 
f 8514 8508 8510 
f 8514 8510 8512 
f 8514 8512 8498 
f 8515 8517 8516 
f 8517 8518 8516 
f 8517 8519 8518 
f 8519 8520 8518 
f 8519 8521 8520 
f 8521 8522 8520 
f 8521 8523 8522 
f 8523 8524 8522 
f 8523 8525 8524 
f 8525 8526 8524 
f 8525 8527 8526 
f 8527 8528 8526 
f 8527 8529 8528 
f 8529 8530 8528 
f 8529 8515 8530 
f 8515 8516 8530 
f 8531 8517 8515 
f 8531 8519 8517 
f 8531 8521 8519 
f 8531 8523 8521 
f 8531 8525 8523 
f 8531 8527 8525 
f 8531 8529 8527 
f 8531 8515 8529 
f 8532 8516 8518 
f 8532 8518 8520 
f 8532 8520 8522 
f 8532 8522 8524 
f 8532 8524 8526 
f 8532 8526 8528 
f 8532 8528 8530 
f 8532 8530 8516 
f 8533 8535 8534 
f 8535 8536 8534 
f 8535 8537 8536 
f 8537 8538 8536 
f 8537 8539 8538 
f 8539 8540 8538 
f 8539 8541 8540 
f 8541 8542 8540 
f 8541 8543 8542 
f 8543 8544 8542 
f 8543 8545 8544 
f 8545 8546 8544 
f 8545 8547 8546 
f 8547 8548 8546 
f 8547 8533 8548 
f 8533 8534 8548 
f 8549 8535 8533 
f 8549 8537 8535 
f 8549 8539 8537 
f 8549 8541 8539 
f 8549 8543 8541 
f 8549 8545 8543 
f 8549 8547 8545 
f 8549 8533 8547 
f 8550 8534 8536 
f 8550 8536 8538 
f 8550 8538 8540 
f 8550 8540 8542 
f 8550 8542 8544 
f 8550 8544 8546 
f 8550 8546 8548 
f 8550 8548 8534 
f 8551 8553 8552 
f 8553 8554 8552 
f 8553 8555 8554 
f 8555 8556 8554 
f 8555 8557 8556 
f 8557 8558 8556 
f 8557 8559 8558 
f 8559 8560 8558 
f 8559 8561 8560 
f 8561 8562 8560 
f 8561 8563 8562 
f 8563 8564 8562 
f 8563 8565 8564 
f 8565 8566 8564 
f 8565 8551 8566 
f 8551 8552 8566 
f 8567 8553 8551 
f 8567 8555 8553 
f 8567 8557 8555 
f 8567 8559 8557 
f 8567 8561 8559 
f 8567 8563 8561 
f 8567 8565 8563 
f 8567 8551 8565 
f 8568 8552 8554 
f 8568 8554 8556 
f 8568 8556 8558 
f 8568 8558 8560 
f 8568 8560 8562 
f 8568 8562 8564 
f 8568 8564 8566 
f 8568 8566 8552 
f 8569 8571 8570 
f 8571 8572 8570 
f 8571 8573 8572 
f 8573 8574 8572 
f 8573 8575 8574 
f 8575 8576 8574 
f 8575 8577 8576 
f 8577 8578 8576 
f 8577 8579 8578 
f 8579 8580 8578 
f 8579 8581 8580 
f 8581 8582 8580 
f 8581 8583 8582 
f 8583 8584 8582 
f 8583 8569 8584 
f 8569 8570 8584 
f 8585 8571 8569 
f 8585 8573 8571 
f 8585 8575 8573 
f 8585 8577 8575 
f 8585 8579 8577 
f 8585 8581 8579 
f 8585 8583 8581 
f 8585 8569 8583 
f 8586 8570 8572 
f 8586 8572 8574 
f 8586 8574 8576 
f 8586 8576 8578 
f 8586 8578 8580 
f 8586 8580 8582 
f 8586 8582 8584 
f 8586 8584 8570 
f 8587 8589 8588 
f 8589 8590 8588 
f 8589 8591 8590 
f 8591 8592 8590 
f 8591 8593 8592 
f 8593 8594 8592 
f 8593 8595 8594 
f 8595 8596 8594 
f 8595 8597 8596 
f 8597 8598 8596 
f 8597 8599 8598 
f 8599 8600 8598 
f 8599 8601 8600 
f 8601 8602 8600 
f 8601 8587 8602 
f 8587 8588 8602 
f 8603 8589 8587 
f 8603 8591 8589 
f 8603 8593 8591 
f 8603 8595 8593 
f 8603 8597 8595 
f 8603 8599 8597 
f 8603 8601 8599 
f 8603 8587 8601 
f 8604 8588 8590 
f 8604 8590 8592 
f 8604 8592 8594 
f 8604 8594 8596 
f 8604 8596 8598 
f 8604 8598 8600 
f 8604 8600 8602 
f 8604 8602 8588 
f 8605 8607 8606 
f 8607 8608 8606 
f 8607 8609 8608 
f 8609 8610 8608 
f 8609 8611 8610 
f 8611 8612 8610 
f 8611 8613 8612 
f 8613 8614 8612 
f 8613 8615 8614 
f 8615 8616 8614 
f 8615 8617 8616 
f 8617 8618 8616 
f 8617 8619 8618 
f 8619 8620 8618 
f 8619 8605 8620 
f 8605 8606 8620 
f 8621 8607 8605 
f 8621 8609 8607 
f 8621 8611 8609 
f 8621 8613 8611 
f 8621 8615 8613 
f 8621 8617 8615 
f 8621 8619 8617 
f 8621 8605 8619 
f 8622 8606 8608 
f 8622 8608 8610 
f 8622 8610 8612 
f 8622 8612 8614 
f 8622 8614 8616 
f 8622 8616 8618 
f 8622 8618 8620 
f 8622 8620 8606 
f 8623 8625 8624 
f 8625 8626 8624 
f 8625 8627 8626 
f 8627 8628 8626 
f 8627 8629 8628 
f 8629 8630 8628 
f 8629 8631 8630 
f 8631 8632 8630 
f 8631 8633 8632 
f 8633 8634 8632 
f 8633 8635 8634 
f 8635 8636 8634 
f 8635 8637 8636 
f 8637 8638 8636 
f 8637 8623 8638 
f 8623 8624 8638 
f 8639 8625 8623 
f 8639 8627 8625 
f 8639 8629 8627 
f 8639 8631 8629 
f 8639 8633 8631 
f 8639 8635 8633 
f 8639 8637 8635 
f 8639 8623 8637 
f 8640 8624 8626 
f 8640 8626 8628 
f 8640 8628 8630 
f 8640 8630 8632 
f 8640 8632 8634 
f 8640 8634 8636 
f 8640 8636 8638 
f 8640 8638 8624 
f 8641 8643 8642 
f 8643 8644 8642 
f 8643 8645 8644 
f 8645 8646 8644 
f 8645 8647 8646 
f 8647 8648 8646 
f 8647 8649 8648 
f 8649 8650 8648 
f 8649 8651 8650 
f 8651 8652 8650 
f 8651 8653 8652 
f 8653 8654 8652 
f 8653 8655 8654 
f 8655 8656 8654 
f 8655 8641 8656 
f 8641 8642 8656 
f 8657 8643 8641 
f 8657 8645 8643 
f 8657 8647 8645 
f 8657 8649 8647 
f 8657 8651 8649 
f 8657 8653 8651 
f 8657 8655 8653 
f 8657 8641 8655 
f 8658 8642 8644 
f 8658 8644 8646 
f 8658 8646 8648 
f 8658 8648 8650 
f 8658 8650 8652 
f 8658 8652 8654 
f 8658 8654 8656 
f 8658 8656 8642 
f 8659 8661 8660 
f 8661 8662 8660 
f 8661 8663 8662 
f 8663 8664 8662 
f 8663 8665 8664 
f 8665 8666 8664 
f 8665 8667 8666 
f 8667 8668 8666 
f 8667 8669 8668 
f 8669 8670 8668 
f 8669 8671 8670 
f 8671 8672 8670 
f 8671 8673 8672 
f 8673 8674 8672 
f 8673 8659 8674 
f 8659 8660 8674 
f 8675 8661 8659 
f 8675 8663 8661 
f 8675 8665 8663 
f 8675 8667 8665 
f 8675 8669 8667 
f 8675 8671 8669 
f 8675 8673 8671 
f 8675 8659 8673 
f 8676 8660 8662 
f 8676 8662 8664 
f 8676 8664 8666 
f 8676 8666 8668 
f 8676 8668 8670 
f 8676 8670 8672 
f 8676 8672 8674 
f 8676 8674 8660 
f 8677 8679 8678 
f 8679 8680 8678 
f 8679 8681 8680 
f 8681 8682 8680 
f 8681 8683 8682 
f 8683 8684 8682 
f 8683 8685 8684 
f 8685 8686 8684 
f 8685 8687 8686 
f 8687 8688 8686 
f 8687 8689 8688 
f 8689 8690 8688 
f 8689 8691 8690 
f 8691 8692 8690 
f 8691 8677 8692 
f 8677 8678 8692 
f 8693 8679 8677 
f 8693 8681 8679 
f 8693 8683 8681 
f 8693 8685 8683 
f 8693 8687 8685 
f 8693 8689 8687 
f 8693 8691 8689 
f 8693 8677 8691 
f 8694 8678 8680 
f 8694 8680 8682 
f 8694 8682 8684 
f 8694 8684 8686 
f 8694 8686 8688 
f 8694 8688 8690 
f 8694 8690 8692 
f 8694 8692 8678 
f 8695 8697 8696 
f 8697 8698 8696 
f 8697 8699 8698 
f 8699 8700 8698 
f 8699 8701 8700 
f 8701 8702 8700 
f 8701 8703 8702 
f 8703 8704 8702 
f 8703 8705 8704 
f 8705 8706 8704 
f 8705 8707 8706 
f 8707 8708 8706 
f 8707 8709 8708 
f 8709 8710 8708 
f 8709 8695 8710 
f 8695 8696 8710 
f 8711 8697 8695 
f 8711 8699 8697 
f 8711 8701 8699 
f 8711 8703 8701 
f 8711 8705 8703 
f 8711 8707 8705 
f 8711 8709 8707 
f 8711 8695 8709 
f 8712 8696 8698 
f 8712 8698 8700 
f 8712 8700 8702 
f 8712 8702 8704 
f 8712 8704 8706 
f 8712 8706 8708 
f 8712 8708 8710 
f 8712 8710 8696 
f 8713 8715 8714 
f 8715 8716 8714 
f 8715 8717 8716 
f 8717 8718 8716 
f 8717 8719 8718 
f 8719 8720 8718 
f 8719 8721 8720 
f 8721 8722 8720 
f 8721 8723 8722 
f 8723 8724 8722 
f 8723 8725 8724 
f 8725 8726 8724 
f 8725 8727 8726 
f 8727 8728 8726 
f 8727 8713 8728 
f 8713 8714 8728 
f 8729 8715 8713 
f 8729 8717 8715 
f 8729 8719 8717 
f 8729 8721 8719 
f 8729 8723 8721 
f 8729 8725 8723 
f 8729 8727 8725 
f 8729 8713 8727 
f 8730 8714 8716 
f 8730 8716 8718 
f 8730 8718 8720 
f 8730 8720 8722 
f 8730 8722 8724 
f 8730 8724 8726 
f 8730 8726 8728 
f 8730 8728 8714 
f 8731 8733 8732 
f 8733 8734 8732 
f 8733 8735 8734 
f 8735 8736 8734 
f 8735 8737 8736 
f 8737 8738 8736 
f 8737 8739 8738 
f 8739 8740 8738 
f 8739 8741 8740 
f 8741 8742 8740 
f 8741 8743 8742 
f 8743 8744 8742 
f 8743 8745 8744 
f 8745 8746 8744 
f 8745 8731 8746 
f 8731 8732 8746 
f 8747 8733 8731 
f 8747 8735 8733 
f 8747 8737 8735 
f 8747 8739 8737 
f 8747 8741 8739 
f 8747 8743 8741 
f 8747 8745 8743 
f 8747 8731 8745 
f 8748 8732 8734 
f 8748 8734 8736 
f 8748 8736 8738 
f 8748 8738 8740 
f 8748 8740 8742 
f 8748 8742 8744 
f 8748 8744 8746 
f 8748 8746 8732 
f 8749 8751 8750 
f 8751 8752 8750 
f 8751 8753 8752 
f 8753 8754 8752 
f 8753 8755 8754 
f 8755 8756 8754 
f 8755 8757 8756 
f 8757 8758 8756 
f 8757 8759 8758 
f 8759 8760 8758 
f 8759 8761 8760 
f 8761 8762 8760 
f 8761 8763 8762 
f 8763 8764 8762 
f 8763 8749 8764 
f 8749 8750 8764 
f 8765 8751 8749 
f 8765 8753 8751 
f 8765 8755 8753 
f 8765 8757 8755 
f 8765 8759 8757 
f 8765 8761 8759 
f 8765 8763 8761 
f 8765 8749 8763 
f 8766 8750 8752 
f 8766 8752 8754 
f 8766 8754 8756 
f 8766 8756 8758 
f 8766 8758 8760 
f 8766 8760 8762 
f 8766 8762 8764 
f 8766 8764 8750 
f 8767 8769 8768 
f 8769 8770 8768 
f 8769 8771 8770 
f 8771 8772 8770 
f 8771 8773 8772 
f 8773 8774 8772 
f 8773 8775 8774 
f 8775 8776 8774 
f 8775 8777 8776 
f 8777 8778 8776 
f 8777 8779 8778 
f 8779 8780 8778 
f 8779 8781 8780 
f 8781 8782 8780 
f 8781 8767 8782 
f 8767 8768 8782 
f 8783 8769 8767 
f 8783 8771 8769 
f 8783 8773 8771 
f 8783 8775 8773 
f 8783 8777 8775 
f 8783 8779 8777 
f 8783 8781 8779 
f 8783 8767 8781 
f 8784 8768 8770 
f 8784 8770 8772 
f 8784 8772 8774 
f 8784 8774 8776 
f 8784 8776 8778 
f 8784 8778 8780 
f 8784 8780 8782 
f 8784 8782 8768 
f 8785 8787 8786 
f 8787 8788 8786 
f 8787 8789 8788 
f 8789 8790 8788 
f 8789 8791 8790 
f 8791 8792 8790 
f 8791 8793 8792 
f 8793 8794 8792 
f 8793 8795 8794 
f 8795 8796 8794 
f 8795 8797 8796 
f 8797 8798 8796 
f 8797 8799 8798 
f 8799 8800 8798 
f 8799 8785 8800 
f 8785 8786 8800 
f 8801 8787 8785 
f 8801 8789 8787 
f 8801 8791 8789 
f 8801 8793 8791 
f 8801 8795 8793 
f 8801 8797 8795 
f 8801 8799 8797 
f 8801 8785 8799 
f 8802 8786 8788 
f 8802 8788 8790 
f 8802 8790 8792 
f 8802 8792 8794 
f 8802 8794 8796 
f 8802 8796 8798 
f 8802 8798 8800 
f 8802 8800 8786 
f 8803 8805 8804 
f 8805 8806 8804 
f 8805 8807 8806 
f 8807 8808 8806 
f 8807 8809 8808 
f 8809 8810 8808 
f 8809 8811 8810 
f 8811 8812 8810 
f 8811 8813 8812 
f 8813 8814 8812 
f 8813 8815 8814 
f 8815 8816 8814 
f 8815 8817 8816 
f 8817 8818 8816 
f 8817 8803 8818 
f 8803 8804 8818 
f 8819 8805 8803 
f 8819 8807 8805 
f 8819 8809 8807 
f 8819 8811 8809 
f 8819 8813 8811 
f 8819 8815 8813 
f 8819 8817 8815 
f 8819 8803 8817 
f 8820 8804 8806 
f 8820 8806 8808 
f 8820 8808 8810 
f 8820 8810 8812 
f 8820 8812 8814 
f 8820 8814 8816 
f 8820 8816 8818 
f 8820 8818 8804 
f 8821 8823 8822 
f 8823 8824 8822 
f 8823 8825 8824 
f 8825 8826 8824 
f 8825 8827 8826 
f 8827 8828 8826 
f 8827 8829 8828 
f 8829 8830 8828 
f 8829 8831 8830 
f 8831 8832 8830 
f 8831 8833 8832 
f 8833 8834 8832 
f 8833 8835 8834 
f 8835 8836 8834 
f 8835 8821 8836 
f 8821 8822 8836 
f 8837 8823 8821 
f 8837 8825 8823 
f 8837 8827 8825 
f 8837 8829 8827 
f 8837 8831 8829 
f 8837 8833 8831 
f 8837 8835 8833 
f 8837 8821 8835 
f 8838 8822 8824 
f 8838 8824 8826 
f 8838 8826 8828 
f 8838 8828 8830 
f 8838 8830 8832 
f 8838 8832 8834 
f 8838 8834 8836 
f 8838 8836 8822 
f 8839 8841 8840 
f 8841 8842 8840 
f 8841 8843 8842 
f 8843 8844 8842 
f 8843 8845 8844 
f 8845 8846 8844 
f 8845 8847 8846 
f 8847 8848 8846 
f 8847 8849 8848 
f 8849 8850 8848 
f 8849 8851 8850 
f 8851 8852 8850 
f 8851 8853 8852 
f 8853 8854 8852 
f 8853 8839 8854 
f 8839 8840 8854 
f 8855 8841 8839 
f 8855 8843 8841 
f 8855 8845 8843 
f 8855 8847 8845 
f 8855 8849 8847 
f 8855 8851 8849 
f 8855 8853 8851 
f 8855 8839 8853 
f 8856 8840 8842 
f 8856 8842 8844 
f 8856 8844 8846 
f 8856 8846 8848 
f 8856 8848 8850 
f 8856 8850 8852 
f 8856 8852 8854 
f 8856 8854 8840 
f 8857 8859 8858 
f 8859 8860 8858 
f 8859 8861 8860 
f 8861 8862 8860 
f 8861 8863 8862 
f 8863 8864 8862 
f 8863 8865 8864 
f 8865 8866 8864 
f 8865 8867 8866 
f 8867 8868 8866 
f 8867 8869 8868 
f 8869 8870 8868 
f 8869 8871 8870 
f 8871 8872 8870 
f 8871 8857 8872 
f 8857 8858 8872 
f 8873 8859 8857 
f 8873 8861 8859 
f 8873 8863 8861 
f 8873 8865 8863 
f 8873 8867 8865 
f 8873 8869 8867 
f 8873 8871 8869 
f 8873 8857 8871 
f 8874 8858 8860 
f 8874 8860 8862 
f 8874 8862 8864 
f 8874 8864 8866 
f 8874 8866 8868 
f 8874 8868 8870 
f 8874 8870 8872 
f 8874 8872 8858 
f 8875 8877 8876 
f 8877 8878 8876 
f 8877 8879 8878 
f 8879 8880 8878 
f 8879 8881 8880 
f 8881 8882 8880 
f 8881 8883 8882 
f 8883 8884 8882 
f 8883 8885 8884 
f 8885 8886 8884 
f 8885 8887 8886 
f 8887 8888 8886 
f 8887 8889 8888 
f 8889 8890 8888 
f 8889 8875 8890 
f 8875 8876 8890 
f 8891 8877 8875 
f 8891 8879 8877 
f 8891 8881 8879 
f 8891 8883 8881 
f 8891 8885 8883 
f 8891 8887 8885 
f 8891 8889 8887 
f 8891 8875 8889 
f 8892 8876 8878 
f 8892 8878 8880 
f 8892 8880 8882 
f 8892 8882 8884 
f 8892 8884 8886 
f 8892 8886 8888 
f 8892 8888 8890 
f 8892 8890 8876 
f 8893 8895 8894 
f 8895 8896 8894 
f 8895 8897 8896 
f 8897 8898 8896 
f 8897 8899 8898 
f 8899 8900 8898 
f 8899 8901 8900 
f 8901 8902 8900 
f 8901 8903 8902 
f 8903 8904 8902 
f 8903 8905 8904 
f 8905 8906 8904 
f 8905 8907 8906 
f 8907 8908 8906 
f 8907 8893 8908 
f 8893 8894 8908 
f 8909 8895 8893 
f 8909 8897 8895 
f 8909 8899 8897 
f 8909 8901 8899 
f 8909 8903 8901 
f 8909 8905 8903 
f 8909 8907 8905 
f 8909 8893 8907 
f 8910 8894 8896 
f 8910 8896 8898 
f 8910 8898 8900 
f 8910 8900 8902 
f 8910 8902 8904 
f 8910 8904 8906 
f 8910 8906 8908 
f 8910 8908 8894 
f 8911 8913 8912 
f 8913 8914 8912 
f 8913 8915 8914 
f 8915 8916 8914 
f 8915 8917 8916 
f 8917 8918 8916 
f 8917 8919 8918 
f 8919 8920 8918 
f 8919 8921 8920 
f 8921 8922 8920 
f 8921 8923 8922 
f 8923 8924 8922 
f 8923 8925 8924 
f 8925 8926 8924 
f 8925 8911 8926 
f 8911 8912 8926 
f 8927 8913 8911 
f 8927 8915 8913 
f 8927 8917 8915 
f 8927 8919 8917 
f 8927 8921 8919 
f 8927 8923 8921 
f 8927 8925 8923 
f 8927 8911 8925 
f 8928 8912 8914 
f 8928 8914 8916 
f 8928 8916 8918 
f 8928 8918 8920 
f 8928 8920 8922 
f 8928 8922 8924 
f 8928 8924 8926 
f 8928 8926 8912 
f 8929 8931 8930 
f 8931 8932 8930 
f 8931 8933 8932 
f 8933 8934 8932 
f 8933 8935 8934 
f 8935 8936 8934 
f 8935 8937 8936 
f 8937 8938 8936 
f 8937 8939 8938 
f 8939 8940 8938 
f 8939 8941 8940 
f 8941 8942 8940 
f 8941 8943 8942 
f 8943 8944 8942 
f 8943 8929 8944 
f 8929 8930 8944 
f 8945 8931 8929 
f 8945 8933 8931 
f 8945 8935 8933 
f 8945 8937 8935 
f 8945 8939 8937 
f 8945 8941 8939 
f 8945 8943 8941 
f 8945 8929 8943 
f 8946 8930 8932 
f 8946 8932 8934 
f 8946 8934 8936 
f 8946 8936 8938 
f 8946 8938 8940 
f 8946 8940 8942 
f 8946 8942 8944 
f 8946 8944 8930 
f 8947 8949 8948 
f 8949 8950 8948 
f 8949 8951 8950 
f 8951 8952 8950 
f 8951 8953 8952 
f 8953 8954 8952 
f 8953 8955 8954 
f 8955 8956 8954 
f 8955 8957 8956 
f 8957 8958 8956 
f 8957 8959 8958 
f 8959 8960 8958 
f 8959 8961 8960 
f 8961 8962 8960 
f 8961 8947 8962 
f 8947 8948 8962 
f 8963 8949 8947 
f 8963 8951 8949 
f 8963 8953 8951 
f 8963 8955 8953 
f 8963 8957 8955 
f 8963 8959 8957 
f 8963 8961 8959 
f 8963 8947 8961 
f 8964 8948 8950 
f 8964 8950 8952 
f 8964 8952 8954 
f 8964 8954 8956 
f 8964 8956 8958 
f 8964 8958 8960 
f 8964 8960 8962 
f 8964 8962 8948 
f 8965 8967 8966 
f 8967 8968 8966 
f 8967 8969 8968 
f 8969 8970 8968 
f 8969 8971 8970 
f 8971 8972 8970 
f 8971 8973 8972 
f 8973 8974 8972 
f 8973 8975 8974 
f 8975 8976 8974 
f 8975 8977 8976 
f 8977 8978 8976 
f 8977 8979 8978 
f 8979 8980 8978 
f 8979 8965 8980 
f 8965 8966 8980 
f 8981 8967 8965 
f 8981 8969 8967 
f 8981 8971 8969 
f 8981 8973 8971 
f 8981 8975 8973 
f 8981 8977 8975 
f 8981 8979 8977 
f 8981 8965 8979 
f 8982 8966 8968 
f 8982 8968 8970 
f 8982 8970 8972 
f 8982 8972 8974 
f 8982 8974 8976 
f 8982 8976 8978 
f 8982 8978 8980 
f 8982 8980 8966 
f 8983 8985 8984 
f 8985 8986 8984 
f 8985 8987 8986 
f 8987 8988 8986 
f 8987 8989 8988 
f 8989 8990 8988 
f 8989 8991 8990 
f 8991 8992 8990 
f 8991 8993 8992 
f 8993 8994 8992 
f 8993 8995 8994 
f 8995 8996 8994 
f 8995 8997 8996 
f 8997 8998 8996 
f 8997 8983 8998 
f 8983 8984 8998 
f 8999 8985 8983 
f 8999 8987 8985 
f 8999 8989 8987 
f 8999 8991 8989 
f 8999 8993 8991 
f 8999 8995 8993 
f 8999 8997 8995 
f 8999 8983 8997 
f 9000 8984 8986 
f 9000 8986 8988 
f 9000 8988 8990 
f 9000 8990 8992 
f 9000 8992 8994 
f 9000 8994 8996 
f 9000 8996 8998 
f 9000 8998 8984 
f 9001 9003 9002 
f 9003 9004 9002 
f 9003 9005 9004 
f 9005 9006 9004 
f 9005 9007 9006 
f 9007 9008 9006 
f 9007 9009 9008 
f 9009 9010 9008 
f 9009 9011 9010 
f 9011 9012 9010 
f 9011 9013 9012 
f 9013 9014 9012 
f 9013 9015 9014 
f 9015 9016 9014 
f 9015 9001 9016 
f 9001 9002 9016 
f 9017 9003 9001 
f 9017 9005 9003 
f 9017 9007 9005 
f 9017 9009 9007 
f 9017 9011 9009 
f 9017 9013 9011 
f 9017 9015 9013 
f 9017 9001 9015 
f 9018 9002 9004 
f 9018 9004 9006 
f 9018 9006 9008 
f 9018 9008 9010 
f 9018 9010 9012 
f 9018 9012 9014 
f 9018 9014 9016 
f 9018 9016 9002 
f 9019 9021 9020 
f 9021 9022 9020 
f 9021 9023 9022 
f 9023 9024 9022 
f 9023 9025 9024 
f 9025 9026 9024 
f 9025 9027 9026 
f 9027 9028 9026 
f 9027 9029 9028 
f 9029 9030 9028 
f 9029 9031 9030 
f 9031 9032 9030 
f 9031 9033 9032 
f 9033 9034 9032 
f 9033 9019 9034 
f 9019 9020 9034 
f 9035 9021 9019 
f 9035 9023 9021 
f 9035 9025 9023 
f 9035 9027 9025 
f 9035 9029 9027 
f 9035 9031 9029 
f 9035 9033 9031 
f 9035 9019 9033 
f 9036 9020 9022 
f 9036 9022 9024 
f 9036 9024 9026 
f 9036 9026 9028 
f 9036 9028 9030 
f 9036 9030 9032 
f 9036 9032 9034 
f 9036 9034 9020 
f 9037 9039 9038 
f 9039 9040 9038 
f 9039 9041 9040 
f 9041 9042 9040 
f 9041 9043 9042 
f 9043 9044 9042 
f 9043 9045 9044 
f 9045 9046 9044 
f 9045 9047 9046 
f 9047 9048 9046 
f 9047 9049 9048 
f 9049 9050 9048 
f 9049 9051 9050 
f 9051 9052 9050 
f 9051 9037 9052 
f 9037 9038 9052 
f 9053 9039 9037 
f 9053 9041 9039 
f 9053 9043 9041 
f 9053 9045 9043 
f 9053 9047 9045 
f 9053 9049 9047 
f 9053 9051 9049 
f 9053 9037 9051 
f 9054 9038 9040 
f 9054 9040 9042 
f 9054 9042 9044 
f 9054 9044 9046 
f 9054 9046 9048 
f 9054 9048 9050 
f 9054 9050 9052 
f 9054 9052 9038 
f 9055 9057 9056 
f 9057 9058 9056 
f 9057 9059 9058 
f 9059 9060 9058 
f 9059 9061 9060 
f 9061 9062 9060 
f 9061 9063 9062 
f 9063 9064 9062 
f 9063 9065 9064 
f 9065 9066 9064 
f 9065 9067 9066 
f 9067 9068 9066 
f 9067 9069 9068 
f 9069 9070 9068 
f 9069 9055 9070 
f 9055 9056 9070 
f 9071 9057 9055 
f 9071 9059 9057 
f 9071 9061 9059 
f 9071 9063 9061 
f 9071 9065 9063 
f 9071 9067 9065 
f 9071 9069 9067 
f 9071 9055 9069 
f 9072 9056 9058 
f 9072 9058 9060 
f 9072 9060 9062 
f 9072 9062 9064 
f 9072 9064 9066 
f 9072 9066 9068 
f 9072 9068 9070 
f 9072 9070 9056 
f 9073 9075 9074 
f 9075 9076 9074 
f 9075 9077 9076 
f 9077 9078 9076 
f 9077 9079 9078 
f 9079 9080 9078 
f 9079 9081 9080 
f 9081 9082 9080 
f 9081 9083 9082 
f 9083 9084 9082 
f 9083 9085 9084 
f 9085 9086 9084 
f 9085 9087 9086 
f 9087 9088 9086 
f 9087 9073 9088 
f 9073 9074 9088 
f 9089 9075 9073 
f 9089 9077 9075 
f 9089 9079 9077 
f 9089 9081 9079 
f 9089 9083 9081 
f 9089 9085 9083 
f 9089 9087 9085 
f 9089 9073 9087 
f 9090 9074 9076 
f 9090 9076 9078 
f 9090 9078 9080 
f 9090 9080 9082 
f 9090 9082 9084 
f 9090 9084 9086 
f 9090 9086 9088 
f 9090 9088 9074 
f 9091 9093 9092 
f 9093 9094 9092 
f 9093 9095 9094 
f 9095 9096 9094 
f 9095 9097 9096 
f 9097 9098 9096 
f 9097 9099 9098 
f 9099 9100 9098 
f 9099 9101 9100 
f 9101 9102 9100 
f 9101 9103 9102 
f 9103 9104 9102 
f 9103 9105 9104 
f 9105 9106 9104 
f 9105 9091 9106 
f 9091 9092 9106 
f 9107 9093 9091 
f 9107 9095 9093 
f 9107 9097 9095 
f 9107 9099 9097 
f 9107 9101 9099 
f 9107 9103 9101 
f 9107 9105 9103 
f 9107 9091 9105 
f 9108 9092 9094 
f 9108 9094 9096 
f 9108 9096 9098 
f 9108 9098 9100 
f 9108 9100 9102 
f 9108 9102 9104 
f 9108 9104 9106 
f 9108 9106 9092 
f 9109 9111 9110 
f 9111 9112 9110 
f 9111 9113 9112 
f 9113 9114 9112 
f 9113 9115 9114 
f 9115 9116 9114 
f 9115 9117 9116 
f 9117 9118 9116 
f 9117 9119 9118 
f 9119 9120 9118 
f 9119 9121 9120 
f 9121 9122 9120 
f 9121 9123 9122 
f 9123 9124 9122 
f 9123 9109 9124 
f 9109 9110 9124 
f 9125 9111 9109 
f 9125 9113 9111 
f 9125 9115 9113 
f 9125 9117 9115 
f 9125 9119 9117 
f 9125 9121 9119 
f 9125 9123 9121 
f 9125 9109 9123 
f 9126 9110 9112 
f 9126 9112 9114 
f 9126 9114 9116 
f 9126 9116 9118 
f 9126 9118 9120 
f 9126 9120 9122 
f 9126 9122 9124 
f 9126 9124 9110 
f 9127 9129 9128 
f 9129 9130 9128 
f 9129 9131 9130 
f 9131 9132 9130 
f 9131 9133 9132 
f 9133 9134 9132 
f 9133 9135 9134 
f 9135 9136 9134 
f 9135 9137 9136 
f 9137 9138 9136 
f 9137 9139 9138 
f 9139 9140 9138 
f 9139 9141 9140 
f 9141 9142 9140 
f 9141 9127 9142 
f 9127 9128 9142 
f 9143 9129 9127 
f 9143 9131 9129 
f 9143 9133 9131 
f 9143 9135 9133 
f 9143 9137 9135 
f 9143 9139 9137 
f 9143 9141 9139 
f 9143 9127 9141 
f 9144 9128 9130 
f 9144 9130 9132 
f 9144 9132 9134 
f 9144 9134 9136 
f 9144 9136 9138 
f 9144 9138 9140 
f 9144 9140 9142 
f 9144 9142 9128 
f 9145 9147 9146 
f 9147 9148 9146 
f 9147 9149 9148 
f 9149 9150 9148 
f 9149 9151 9150 
f 9151 9152 9150 
f 9151 9153 9152 
f 9153 9154 9152 
f 9153 9155 9154 
f 9155 9156 9154 
f 9155 9157 9156 
f 9157 9158 9156 
f 9157 9159 9158 
f 9159 9160 9158 
f 9159 9145 9160 
f 9145 9146 9160 
f 9161 9147 9145 
f 9161 9149 9147 
f 9161 9151 9149 
f 9161 9153 9151 
f 9161 9155 9153 
f 9161 9157 9155 
f 9161 9159 9157 
f 9161 9145 9159 
f 9162 9146 9148 
f 9162 9148 9150 
f 9162 9150 9152 
f 9162 9152 9154 
f 9162 9154 9156 
f 9162 9156 9158 
f 9162 9158 9160 
f 9162 9160 9146 
f 9163 9165 9164 
f 9165 9166 9164 
f 9165 9167 9166 
f 9167 9168 9166 
f 9167 9169 9168 
f 9169 9170 9168 
f 9169 9171 9170 
f 9171 9172 9170 
f 9171 9173 9172 
f 9173 9174 9172 
f 9173 9175 9174 
f 9175 9176 9174 
f 9175 9177 9176 
f 9177 9178 9176 
f 9177 9163 9178 
f 9163 9164 9178 
f 9179 9165 9163 
f 9179 9167 9165 
f 9179 9169 9167 
f 9179 9171 9169 
f 9179 9173 9171 
f 9179 9175 9173 
f 9179 9177 9175 
f 9179 9163 9177 
f 9180 9164 9166 
f 9180 9166 9168 
f 9180 9168 9170 
f 9180 9170 9172 
f 9180 9172 9174 
f 9180 9174 9176 
f 9180 9176 9178 
f 9180 9178 9164 
f 9181 9183 9182 
f 9183 9184 9182 
f 9183 9185 9184 
f 9185 9186 9184 
f 9185 9187 9186 
f 9187 9188 9186 
f 9187 9189 9188 
f 9189 9190 9188 
f 9189 9191 9190 
f 9191 9192 9190 
f 9191 9193 9192 
f 9193 9194 9192 
f 9193 9195 9194 
f 9195 9196 9194 
f 9195 9181 9196 
f 9181 9182 9196 
f 9197 9183 9181 
f 9197 9185 9183 
f 9197 9187 9185 
f 9197 9189 9187 
f 9197 9191 9189 
f 9197 9193 9191 
f 9197 9195 9193 
f 9197 9181 9195 
f 9198 9182 9184 
f 9198 9184 9186 
f 9198 9186 9188 
f 9198 9188 9190 
f 9198 9190 9192 
f 9198 9192 9194 
f 9198 9194 9196 
f 9198 9196 9182 
f 9199 9201 9200 
f 9201 9202 9200 
f 9201 9203 9202 
f 9203 9204 9202 
f 9203 9205 9204 
f 9205 9206 9204 
f 9205 9207 9206 
f 9207 9208 9206 
f 9207 9209 9208 
f 9209 9210 9208 
f 9209 9211 9210 
f 9211 9212 9210 
f 9211 9213 9212 
f 9213 9214 9212 
f 9213 9199 9214 
f 9199 9200 9214 
f 9215 9201 9199 
f 9215 9203 9201 
f 9215 9205 9203 
f 9215 9207 9205 
f 9215 9209 9207 
f 9215 9211 9209 
f 9215 9213 9211 
f 9215 9199 9213 
f 9216 9200 9202 
f 9216 9202 9204 
f 9216 9204 9206 
f 9216 9206 9208 
f 9216 9208 9210 
f 9216 9210 9212 
f 9216 9212 9214 
f 9216 9214 9200 
f 9217 9219 9218 
f 9219 9220 9218 
f 9219 9221 9220 
f 9221 9222 9220 
f 9221 9223 9222 
f 9223 9224 9222 
f 9223 9225 9224 
f 9225 9226 9224 
f 9225 9227 9226 
f 9227 9228 9226 
f 9227 9229 9228 
f 9229 9230 9228 
f 9229 9231 9230 
f 9231 9232 9230 
f 9231 9217 9232 
f 9217 9218 9232 
f 9233 9219 9217 
f 9233 9221 9219 
f 9233 9223 9221 
f 9233 9225 9223 
f 9233 9227 9225 
f 9233 9229 9227 
f 9233 9231 9229 
f 9233 9217 9231 
f 9234 9218 9220 
f 9234 9220 9222 
f 9234 9222 9224 
f 9234 9224 9226 
f 9234 9226 9228 
f 9234 9228 9230 
f 9234 9230 9232 
f 9234 9232 9218 
f 9235 9237 9236 
f 9237 9238 9236 
f 9237 9239 9238 
f 9239 9240 9238 
f 9239 9241 9240 
f 9241 9242 9240 
f 9241 9243 9242 
f 9243 9244 9242 
f 9243 9245 9244 
f 9245 9246 9244 
f 9245 9247 9246 
f 9247 9248 9246 
f 9247 9249 9248 
f 9249 9250 9248 
f 9249 9235 9250 
f 9235 9236 9250 
f 9251 9237 9235 
f 9251 9239 9237 
f 9251 9241 9239 
f 9251 9243 9241 
f 9251 9245 9243 
f 9251 9247 9245 
f 9251 9249 9247 
f 9251 9235 9249 
f 9252 9236 9238 
f 9252 9238 9240 
f 9252 9240 9242 
f 9252 9242 9244 
f 9252 9244 9246 
f 9252 9246 9248 
f 9252 9248 9250 
f 9252 9250 9236 
f 9253 9255 9254 
f 9255 9256 9254 
f 9255 9257 9256 
f 9257 9258 9256 
f 9257 9259 9258 
f 9259 9260 9258 
f 9259 9261 9260 
f 9261 9262 9260 
f 9261 9263 9262 
f 9263 9264 9262 
f 9263 9265 9264 
f 9265 9266 9264 
f 9265 9267 9266 
f 9267 9268 9266 
f 9267 9253 9268 
f 9253 9254 9268 
f 9269 9255 9253 
f 9269 9257 9255 
f 9269 9259 9257 
f 9269 9261 9259 
f 9269 9263 9261 
f 9269 9265 9263 
f 9269 9267 9265 
f 9269 9253 9267 
f 9270 9254 9256 
f 9270 9256 9258 
f 9270 9258 9260 
f 9270 9260 9262 
f 9270 9262 9264 
f 9270 9264 9266 
f 9270 9266 9268 
f 9270 9268 9254 
f 9271 9273 9272 
f 9273 9274 9272 
f 9273 9275 9274 
f 9275 9276 9274 
f 9275 9277 9276 
f 9277 9278 9276 
f 9277 9279 9278 
f 9279 9280 9278 
f 9279 9281 9280 
f 9281 9282 9280 
f 9281 9283 9282 
f 9283 9284 9282 
f 9283 9285 9284 
f 9285 9286 9284 
f 9285 9271 9286 
f 9271 9272 9286 
f 9287 9273 9271 
f 9287 9275 9273 
f 9287 9277 9275 
f 9287 9279 9277 
f 9287 9281 9279 
f 9287 9283 9281 
f 9287 9285 9283 
f 9287 9271 9285 
f 9288 9272 9274 
f 9288 9274 9276 
f 9288 9276 9278 
f 9288 9278 9280 
f 9288 9280 9282 
f 9288 9282 9284 
f 9288 9284 9286 
f 9288 9286 9272 
f 9289 9291 9290 
f 9291 9292 9290 
f 9291 9293 9292 
f 9293 9294 9292 
f 9293 9295 9294 
f 9295 9296 9294 
f 9295 9297 9296 
f 9297 9298 9296 
f 9297 9299 9298 
f 9299 9300 9298 
f 9299 9301 9300 
f 9301 9302 9300 
f 9301 9303 9302 
f 9303 9304 9302 
f 9303 9289 9304 
f 9289 9290 9304 
f 9305 9291 9289 
f 9305 9293 9291 
f 9305 9295 9293 
f 9305 9297 9295 
f 9305 9299 9297 
f 9305 9301 9299 
f 9305 9303 9301 
f 9305 9289 9303 
f 9306 9290 9292 
f 9306 9292 9294 
f 9306 9294 9296 
f 9306 9296 9298 
f 9306 9298 9300 
f 9306 9300 9302 
f 9306 9302 9304 
f 9306 9304 9290 
f 9307 9309 9308 
f 9309 9310 9308 
f 9309 9311 9310 
f 9311 9312 9310 
f 9311 9313 9312 
f 9313 9314 9312 
f 9313 9315 9314 
f 9315 9316 9314 
f 9315 9317 9316 
f 9317 9318 9316 
f 9317 9319 9318 
f 9319 9320 9318 
f 9319 9321 9320 
f 9321 9322 9320 
f 9321 9307 9322 
f 9307 9308 9322 
f 9323 9309 9307 
f 9323 9311 9309 
f 9323 9313 9311 
f 9323 9315 9313 
f 9323 9317 9315 
f 9323 9319 9317 
f 9323 9321 9319 
f 9323 9307 9321 
f 9324 9308 9310 
f 9324 9310 9312 
f 9324 9312 9314 
f 9324 9314 9316 
f 9324 9316 9318 
f 9324 9318 9320 
f 9324 9320 9322 
f 9324 9322 9308 
f 9325 9327 9326 
f 9327 9328 9326 
f 9327 9329 9328 
f 9329 9330 9328 
f 9329 9331 9330 
f 9331 9332 9330 
f 9331 9333 9332 
f 9333 9334 9332 
f 9333 9335 9334 
f 9335 9336 9334 
f 9335 9337 9336 
f 9337 9338 9336 
f 9337 9339 9338 
f 9339 9340 9338 
f 9339 9325 9340 
f 9325 9326 9340 
f 9341 9327 9325 
f 9341 9329 9327 
f 9341 9331 9329 
f 9341 9333 9331 
f 9341 9335 9333 
f 9341 9337 9335 
f 9341 9339 9337 
f 9341 9325 9339 
f 9342 9326 9328 
f 9342 9328 9330 
f 9342 9330 9332 
f 9342 9332 9334 
f 9342 9334 9336 
f 9342 9336 9338 
f 9342 9338 9340 
f 9342 9340 9326 
f 9343 9345 9344 
f 9345 9346 9344 
f 9345 9347 9346 
f 9347 9348 9346 
f 9347 9349 9348 
f 9349 9350 9348 
f 9349 9351 9350 
f 9351 9352 9350 
f 9351 9353 9352 
f 9353 9354 9352 
f 9353 9355 9354 
f 9355 9356 9354 
f 9355 9357 9356 
f 9357 9358 9356 
f 9357 9343 9358 
f 9343 9344 9358 
f 9359 9345 9343 
f 9359 9347 9345 
f 9359 9349 9347 
f 9359 9351 9349 
f 9359 9353 9351 
f 9359 9355 9353 
f 9359 9357 9355 
f 9359 9343 9357 
f 9360 9344 9346 
f 9360 9346 9348 
f 9360 9348 9350 
f 9360 9350 9352 
f 9360 9352 9354 
f 9360 9354 9356 
f 9360 9356 9358 
f 9360 9358 9344 
f 9361 9363 9362 
f 9363 9364 9362 
f 9363 9365 9364 
f 9365 9366 9364 
f 9365 9367 9366 
f 9367 9368 9366 
f 9367 9369 9368 
f 9369 9370 9368 
f 9369 9371 9370 
f 9371 9372 9370 
f 9371 9373 9372 
f 9373 9374 9372 
f 9373 9375 9374 
f 9375 9376 9374 
f 9375 9361 9376 
f 9361 9362 9376 
f 9377 9363 9361 
f 9377 9365 9363 
f 9377 9367 9365 
f 9377 9369 9367 
f 9377 9371 9369 
f 9377 9373 9371 
f 9377 9375 9373 
f 9377 9361 9375 
f 9378 9362 9364 
f 9378 9364 9366 
f 9378 9366 9368 
f 9378 9368 9370 
f 9378 9370 9372 
f 9378 9372 9374 
f 9378 9374 9376 
f 9378 9376 9362 
f 9379 9381 9380 
f 9381 9382 9380 
f 9381 9383 9382 
f 9383 9384 9382 
f 9383 9385 9384 
f 9385 9386 9384 
f 9385 9387 9386 
f 9387 9388 9386 
f 9387 9389 9388 
f 9389 9390 9388 
f 9389 9391 9390 
f 9391 9392 9390 
f 9391 9393 9392 
f 9393 9394 9392 
f 9393 9379 9394 
f 9379 9380 9394 
f 9395 9381 9379 
f 9395 9383 9381 
f 9395 9385 9383 
f 9395 9387 9385 
f 9395 9389 9387 
f 9395 9391 9389 
f 9395 9393 9391 
f 9395 9379 9393 
f 9396 9380 9382 
f 9396 9382 9384 
f 9396 9384 9386 
f 9396 9386 9388 
f 9396 9388 9390 
f 9396 9390 9392 
f 9396 9392 9394 
f 9396 9394 9380 
f 9397 9399 9398 
f 9399 9400 9398 
f 9399 9401 9400 
f 9401 9402 9400 
f 9401 9403 9402 
f 9403 9404 9402 
f 9403 9405 9404 
f 9405 9406 9404 
f 9405 9407 9406 
f 9407 9408 9406 
f 9407 9409 9408 
f 9409 9410 9408 
f 9409 9411 9410 
f 9411 9412 9410 
f 9411 9397 9412 
f 9397 9398 9412 
f 9413 9399 9397 
f 9413 9401 9399 
f 9413 9403 9401 
f 9413 9405 9403 
f 9413 9407 9405 
f 9413 9409 9407 
f 9413 9411 9409 
f 9413 9397 9411 
f 9414 9398 9400 
f 9414 9400 9402 
f 9414 9402 9404 
f 9414 9404 9406 
f 9414 9406 9408 
f 9414 9408 9410 
f 9414 9410 9412 
f 9414 9412 9398 
f 9415 9417 9416 
f 9417 9418 9416 
f 9417 9419 9418 
f 9419 9420 9418 
f 9419 9421 9420 
f 9421 9422 9420 
f 9421 9423 9422 
f 9423 9424 9422 
f 9423 9425 9424 
f 9425 9426 9424 
f 9425 9427 9426 
f 9427 9428 9426 
f 9427 9429 9428 
f 9429 9430 9428 
f 9429 9415 9430 
f 9415 9416 9430 
f 9431 9417 9415 
f 9431 9419 9417 
f 9431 9421 9419 
f 9431 9423 9421 
f 9431 9425 9423 
f 9431 9427 9425 
f 9431 9429 9427 
f 9431 9415 9429 
f 9432 9416 9418 
f 9432 9418 9420 
f 9432 9420 9422 
f 9432 9422 9424 
f 9432 9424 9426 
f 9432 9426 9428 
f 9432 9428 9430 
f 9432 9430 9416 
f 9433 9435 9434 
f 9435 9436 9434 
f 9435 9437 9436 
f 9437 9438 9436 
f 9437 9439 9438 
f 9439 9440 9438 
f 9439 9441 9440 
f 9441 9442 9440 
f 9441 9443 9442 
f 9443 9444 9442 
f 9443 9445 9444 
f 9445 9446 9444 
f 9445 9447 9446 
f 9447 9448 9446 
f 9447 9433 9448 
f 9433 9434 9448 
f 9449 9435 9433 
f 9449 9437 9435 
f 9449 9439 9437 
f 9449 9441 9439 
f 9449 9443 9441 
f 9449 9445 9443 
f 9449 9447 9445 
f 9449 9433 9447 
f 9450 9434 9436 
f 9450 9436 9438 
f 9450 9438 9440 
f 9450 9440 9442 
f 9450 9442 9444 
f 9450 9444 9446 
f 9450 9446 9448 
f 9450 9448 9434 
f 9451 9453 9452 
f 9453 9454 9452 
f 9453 9455 9454 
f 9455 9456 9454 
f 9455 9457 9456 
f 9457 9458 9456 
f 9457 9459 9458 
f 9459 9460 9458 
f 9459 9461 9460 
f 9461 9462 9460 
f 9461 9463 9462 
f 9463 9464 9462 
f 9463 9465 9464 
f 9465 9466 9464 
f 9465 9451 9466 
f 9451 9452 9466 
f 9467 9453 9451 
f 9467 9455 9453 
f 9467 9457 9455 
f 9467 9459 9457 
f 9467 9461 9459 
f 9467 9463 9461 
f 9467 9465 9463 
f 9467 9451 9465 
f 9468 9452 9454 
f 9468 9454 9456 
f 9468 9456 9458 
f 9468 9458 9460 
f 9468 9460 9462 
f 9468 9462 9464 
f 9468 9464 9466 
f 9468 9466 9452 
f 9469 9471 9470 
f 9471 9472 9470 
f 9471 9473 9472 
f 9473 9474 9472 
f 9473 9475 9474 
f 9475 9476 9474 
f 9475 9477 9476 
f 9477 9478 9476 
f 9477 9479 9478 
f 9479 9480 9478 
f 9479 9481 9480 
f 9481 9482 9480 
f 9481 9483 9482 
f 9483 9484 9482 
f 9483 9469 9484 
f 9469 9470 9484 
f 9485 9471 9469 
f 9485 9473 9471 
f 9485 9475 9473 
f 9485 9477 9475 
f 9485 9479 9477 
f 9485 9481 9479 
f 9485 9483 9481 
f 9485 9469 9483 
f 9486 9470 9472 
f 9486 9472 9474 
f 9486 9474 9476 
f 9486 9476 9478 
f 9486 9478 9480 
f 9486 9480 9482 
f 9486 9482 9484 
f 9486 9484 9470 
f 9487 9489 9488 
f 9489 9490 9488 
f 9489 9491 9490 
f 9491 9492 9490 
f 9491 9493 9492 
f 9493 9494 9492 
f 9493 9495 9494 
f 9495 9496 9494 
f 9495 9497 9496 
f 9497 9498 9496 
f 9497 9499 9498 
f 9499 9500 9498 
f 9499 9501 9500 
f 9501 9502 9500 
f 9501 9487 9502 
f 9487 9488 9502 
f 9503 9489 9487 
f 9503 9491 9489 
f 9503 9493 9491 
f 9503 9495 9493 
f 9503 9497 9495 
f 9503 9499 9497 
f 9503 9501 9499 
f 9503 9487 9501 
f 9504 9488 9490 
f 9504 9490 9492 
f 9504 9492 9494 
f 9504 9494 9496 
f 9504 9496 9498 
f 9504 9498 9500 
f 9504 9500 9502 
f 9504 9502 9488 
f 9505 9507 9506 
f 9507 9508 9506 
f 9507 9509 9508 
f 9509 9510 9508 
f 9509 9511 9510 
f 9511 9512 9510 
f 9511 9513 9512 
f 9513 9514 9512 
f 9513 9515 9514 
f 9515 9516 9514 
f 9515 9517 9516 
f 9517 9518 9516 
f 9517 9519 9518 
f 9519 9520 9518 
f 9519 9505 9520 
f 9505 9506 9520 
f 9521 9507 9505 
f 9521 9509 9507 
f 9521 9511 9509 
f 9521 9513 9511 
f 9521 9515 9513 
f 9521 9517 9515 
f 9521 9519 9517 
f 9521 9505 9519 
f 9522 9506 9508 
f 9522 9508 9510 
f 9522 9510 9512 
f 9522 9512 9514 
f 9522 9514 9516 
f 9522 9516 9518 
f 9522 9518 9520 
f 9522 9520 9506 
f 9523 9525 9524 
f 9525 9526 9524 
f 9525 9527 9526 
f 9527 9528 9526 
f 9527 9529 9528 
f 9529 9530 9528 
f 9529 9531 9530 
f 9531 9532 9530 
f 9531 9533 9532 
f 9533 9534 9532 
f 9533 9535 9534 
f 9535 9536 9534 
f 9535 9537 9536 
f 9537 9538 9536 
f 9537 9523 9538 
f 9523 9524 9538 
f 9539 9525 9523 
f 9539 9527 9525 
f 9539 9529 9527 
f 9539 9531 9529 
f 9539 9533 9531 
f 9539 9535 9533 
f 9539 9537 9535 
f 9539 9523 9537 
f 9540 9524 9526 
f 9540 9526 9528 
f 9540 9528 9530 
f 9540 9530 9532 
f 9540 9532 9534 
f 9540 9534 9536 
f 9540 9536 9538 
f 9540 9538 9524 
f 9541 9543 9542 
f 9543 9544 9542 
f 9543 9545 9544 
f 9545 9546 9544 
f 9545 9547 9546 
f 9547 9548 9546 
f 9547 9549 9548 
f 9549 9550 9548 
f 9549 9551 9550 
f 9551 9552 9550 
f 9551 9553 9552 
f 9553 9554 9552 
f 9553 9555 9554 
f 9555 9556 9554 
f 9555 9541 9556 
f 9541 9542 9556 
f 9557 9543 9541 
f 9557 9545 9543 
f 9557 9547 9545 
f 9557 9549 9547 
f 9557 9551 9549 
f 9557 9553 9551 
f 9557 9555 9553 
f 9557 9541 9555 
f 9558 9542 9544 
f 9558 9544 9546 
f 9558 9546 9548 
f 9558 9548 9550 
f 9558 9550 9552 
f 9558 9552 9554 
f 9558 9554 9556 
f 9558 9556 9542 
f 9559 9561 9560 
f 9561 9562 9560 
f 9561 9563 9562 
f 9563 9564 9562 
f 9563 9565 9564 
f 9565 9566 9564 
f 9565 9567 9566 
f 9567 9568 9566 
f 9567 9569 9568 
f 9569 9570 9568 
f 9569 9571 9570 
f 9571 9572 9570 
f 9571 9573 9572 
f 9573 9574 9572 
f 9573 9559 9574 
f 9559 9560 9574 
f 9575 9561 9559 
f 9575 9563 9561 
f 9575 9565 9563 
f 9575 9567 9565 
f 9575 9569 9567 
f 9575 9571 9569 
f 9575 9573 9571 
f 9575 9559 9573 
f 9576 9560 9562 
f 9576 9562 9564 
f 9576 9564 9566 
f 9576 9566 9568 
f 9576 9568 9570 
f 9576 9570 9572 
f 9576 9572 9574 
f 9576 9574 9560 
f 9577 9579 9578 
f 9579 9580 9578 
f 9579 9581 9580 
f 9581 9582 9580 
f 9581 9583 9582 
f 9583 9584 9582 
f 9583 9585 9584 
f 9585 9586 9584 
f 9585 9587 9586 
f 9587 9588 9586 
f 9587 9589 9588 
f 9589 9590 9588 
f 9589 9591 9590 
f 9591 9592 9590 
f 9591 9577 9592 
f 9577 9578 9592 
f 9593 9579 9577 
f 9593 9581 9579 
f 9593 9583 9581 
f 9593 9585 9583 
f 9593 9587 9585 
f 9593 9589 9587 
f 9593 9591 9589 
f 9593 9577 9591 
f 9594 9578 9580 
f 9594 9580 9582 
f 9594 9582 9584 
f 9594 9584 9586 
f 9594 9586 9588 
f 9594 9588 9590 
f 9594 9590 9592 
f 9594 9592 9578 
f 9595 9597 9596 
f 9597 9598 9596 
f 9597 9599 9598 
f 9599 9600 9598 
f 9599 9601 9600 
f 9601 9602 9600 
f 9601 9603 9602 
f 9603 9604 9602 
f 9603 9605 9604 
f 9605 9606 9604 
f 9605 9607 9606 
f 9607 9608 9606 
f 9607 9609 9608 
f 9609 9610 9608 
f 9609 9595 9610 
f 9595 9596 9610 
f 9611 9597 9595 
f 9611 9599 9597 
f 9611 9601 9599 
f 9611 9603 9601 
f 9611 9605 9603 
f 9611 9607 9605 
f 9611 9609 9607 
f 9611 9595 9609 
f 9612 9596 9598 
f 9612 9598 9600 
f 9612 9600 9602 
f 9612 9602 9604 
f 9612 9604 9606 
f 9612 9606 9608 
f 9612 9608 9610 
f 9612 9610 9596 
f 9613 9615 9614 
f 9615 9616 9614 
f 9615 9617 9616 
f 9617 9618 9616 
f 9617 9619 9618 
f 9619 9620 9618 
f 9619 9621 9620 
f 9621 9622 9620 
f 9621 9623 9622 
f 9623 9624 9622 
f 9623 9625 9624 
f 9625 9626 9624 
f 9625 9627 9626 
f 9627 9628 9626 
f 9627 9613 9628 
f 9613 9614 9628 
f 9629 9615 9613 
f 9629 9617 9615 
f 9629 9619 9617 
f 9629 9621 9619 
f 9629 9623 9621 
f 9629 9625 9623 
f 9629 9627 9625 
f 9629 9613 9627 
f 9630 9614 9616 
f 9630 9616 9618 
f 9630 9618 9620 
f 9630 9620 9622 
f 9630 9622 9624 
f 9630 9624 9626 
f 9630 9626 9628 
f 9630 9628 9614 
f 9631 9633 9632 
f 9633 9634 9632 
f 9633 9635 9634 
f 9635 9636 9634 
f 9635 9637 9636 
f 9637 9638 9636 
f 9637 9639 9638 
f 9639 9640 9638 
f 9639 9641 9640 
f 9641 9642 9640 
f 9641 9643 9642 
f 9643 9644 9642 
f 9643 9645 9644 
f 9645 9646 9644 
f 9645 9631 9646 
f 9631 9632 9646 
f 9647 9633 9631 
f 9647 9635 9633 
f 9647 9637 9635 
f 9647 9639 9637 
f 9647 9641 9639 
f 9647 9643 9641 
f 9647 9645 9643 
f 9647 9631 9645 
f 9648 9632 9634 
f 9648 9634 9636 
f 9648 9636 9638 
f 9648 9638 9640 
f 9648 9640 9642 
f 9648 9642 9644 
f 9648 9644 9646 
f 9648 9646 9632 
f 9649 9651 9650 
f 9651 9652 9650 
f 9651 9653 9652 
f 9653 9654 9652 
f 9653 9655 9654 
f 9655 9656 9654 
f 9655 9657 9656 
f 9657 9658 9656 
f 9657 9659 9658 
f 9659 9660 9658 
f 9659 9661 9660 
f 9661 9662 9660 
f 9661 9663 9662 
f 9663 9664 9662 
f 9663 9649 9664 
f 9649 9650 9664 
f 9665 9651 9649 
f 9665 9653 9651 
f 9665 9655 9653 
f 9665 9657 9655 
f 9665 9659 9657 
f 9665 9661 9659 
f 9665 9663 9661 
f 9665 9649 9663 
f 9666 9650 9652 
f 9666 9652 9654 
f 9666 9654 9656 
f 9666 9656 9658 
f 9666 9658 9660 
f 9666 9660 9662 
f 9666 9662 9664 
f 9666 9664 9650 
f 9667 9669 9668 
f 9669 9670 9668 
f 9669 9671 9670 
f 9671 9672 9670 
f 9671 9673 9672 
f 9673 9674 9672 
f 9673 9675 9674 
f 9675 9676 9674 
f 9675 9677 9676 
f 9677 9678 9676 
f 9677 9679 9678 
f 9679 9680 9678 
f 9679 9681 9680 
f 9681 9682 9680 
f 9681 9667 9682 
f 9667 9668 9682 
f 9683 9669 9667 
f 9683 9671 9669 
f 9683 9673 9671 
f 9683 9675 9673 
f 9683 9677 9675 
f 9683 9679 9677 
f 9683 9681 9679 
f 9683 9667 9681 
f 9684 9668 9670 
f 9684 9670 9672 
f 9684 9672 9674 
f 9684 9674 9676 
f 9684 9676 9678 
f 9684 9678 9680 
f 9684 9680 9682 
f 9684 9682 9668 
f 9685 9687 9686 
f 9687 9688 9686 
f 9687 9689 9688 
f 9689 9690 9688 
f 9689 9691 9690 
f 9691 9692 9690 
f 9691 9693 9692 
f 9693 9694 9692 
f 9693 9695 9694 
f 9695 9696 9694 
f 9695 9697 9696 
f 9697 9698 9696 
f 9697 9699 9698 
f 9699 9700 9698 
f 9699 9685 9700 
f 9685 9686 9700 
f 9701 9687 9685 
f 9701 9689 9687 
f 9701 9691 9689 
f 9701 9693 9691 
f 9701 9695 9693 
f 9701 9697 9695 
f 9701 9699 9697 
f 9701 9685 9699 
f 9702 9686 9688 
f 9702 9688 9690 
f 9702 9690 9692 
f 9702 9692 9694 
f 9702 9694 9696 
f 9702 9696 9698 
f 9702 9698 9700 
f 9702 9700 9686 
f 9703 9705 9704 
f 9705 9706 9704 
f 9705 9707 9706 
f 9707 9708 9706 
f 9707 9709 9708 
f 9709 9710 9708 
f 9709 9711 9710 
f 9711 9712 9710 
f 9711 9713 9712 
f 9713 9714 9712 
f 9713 9715 9714 
f 9715 9716 9714 
f 9715 9717 9716 
f 9717 9718 9716 
f 9717 9703 9718 
f 9703 9704 9718 
f 9719 9705 9703 
f 9719 9707 9705 
f 9719 9709 9707 
f 9719 9711 9709 
f 9719 9713 9711 
f 9719 9715 9713 
f 9719 9717 9715 
f 9719 9703 9717 
f 9720 9704 9706 
f 9720 9706 9708 
f 9720 9708 9710 
f 9720 9710 9712 
f 9720 9712 9714 
f 9720 9714 9716 
f 9720 9716 9718 
f 9720 9718 9704 
f 9721 9723 9722 
f 9723 9724 9722 
f 9723 9725 9724 
f 9725 9726 9724 
f 9725 9727 9726 
f 9727 9728 9726 
f 9727 9729 9728 
f 9729 9730 9728 
f 9729 9731 9730 
f 9731 9732 9730 
f 9731 9733 9732 
f 9733 9734 9732 
f 9733 9735 9734 
f 9735 9736 9734 
f 9735 9721 9736 
f 9721 9722 9736 
f 9737 9723 9721 
f 9737 9725 9723 
f 9737 9727 9725 
f 9737 9729 9727 
f 9737 9731 9729 
f 9737 9733 9731 
f 9737 9735 9733 
f 9737 9721 9735 
f 9738 9722 9724 
f 9738 9724 9726 
f 9738 9726 9728 
f 9738 9728 9730 
f 9738 9730 9732 
f 9738 9732 9734 
f 9738 9734 9736 
f 9738 9736 9722 
f 9739 9741 9740 
f 9741 9742 9740 
f 9741 9743 9742 
f 9743 9744 9742 
f 9743 9745 9744 
f 9745 9746 9744 
f 9745 9747 9746 
f 9747 9748 9746 
f 9747 9749 9748 
f 9749 9750 9748 
f 9749 9751 9750 
f 9751 9752 9750 
f 9751 9753 9752 
f 9753 9754 9752 
f 9753 9739 9754 
f 9739 9740 9754 
f 9755 9741 9739 
f 9755 9743 9741 
f 9755 9745 9743 
f 9755 9747 9745 
f 9755 9749 9747 
f 9755 9751 9749 
f 9755 9753 9751 
f 9755 9739 9753 
f 9756 9740 9742 
f 9756 9742 9744 
f 9756 9744 9746 
f 9756 9746 9748 
f 9756 9748 9750 
f 9756 9750 9752 
f 9756 9752 9754 
f 9756 9754 9740 
f 9757 9759 9758 
f 9759 9760 9758 
f 9759 9761 9760 
f 9761 9762 9760 
f 9761 9763 9762 
f 9763 9764 9762 
f 9763 9765 9764 
f 9765 9766 9764 
f 9765 9767 9766 
f 9767 9768 9766 
f 9767 9769 9768 
f 9769 9770 9768 
f 9769 9771 9770 
f 9771 9772 9770 
f 9771 9757 9772 
f 9757 9758 9772 
f 9773 9759 9757 
f 9773 9761 9759 
f 9773 9763 9761 
f 9773 9765 9763 
f 9773 9767 9765 
f 9773 9769 9767 
f 9773 9771 9769 
f 9773 9757 9771 
f 9774 9758 9760 
f 9774 9760 9762 
f 9774 9762 9764 
f 9774 9764 9766 
f 9774 9766 9768 
f 9774 9768 9770 
f 9774 9770 9772 
f 9774 9772 9758 
f 9775 9777 9776 
f 9777 9778 9776 
f 9777 9779 9778 
f 9779 9780 9778 
f 9779 9781 9780 
f 9781 9782 9780 
f 9781 9783 9782 
f 9783 9784 9782 
f 9783 9785 9784 
f 9785 9786 9784 
f 9785 9787 9786 
f 9787 9788 9786 
f 9787 9789 9788 
f 9789 9790 9788 
f 9789 9775 9790 
f 9775 9776 9790 
f 9791 9777 9775 
f 9791 9779 9777 
f 9791 9781 9779 
f 9791 9783 9781 
f 9791 9785 9783 
f 9791 9787 9785 
f 9791 9789 9787 
f 9791 9775 9789 
f 9792 9776 9778 
f 9792 9778 9780 
f 9792 9780 9782 
f 9792 9782 9784 
f 9792 9784 9786 
f 9792 9786 9788 
f 9792 9788 9790 
f 9792 9790 9776 
f 9793 9795 9794 
f 9795 9796 9794 
f 9795 9797 9796 
f 9797 9798 9796 
f 9797 9799 9798 
f 9799 9800 9798 
f 9799 9801 9800 
f 9801 9802 9800 
f 9801 9803 9802 
f 9803 9804 9802 
f 9803 9805 9804 
f 9805 9806 9804 
f 9805 9807 9806 
f 9807 9808 9806 
f 9807 9793 9808 
f 9793 9794 9808 
f 9809 9795 9793 
f 9809 9797 9795 
f 9809 9799 9797 
f 9809 9801 9799 
f 9809 9803 9801 
f 9809 9805 9803 
f 9809 9807 9805 
f 9809 9793 9807 
f 9810 9794 9796 
f 9810 9796 9798 
f 9810 9798 9800 
f 9810 9800 9802 
f 9810 9802 9804 
f 9810 9804 9806 
f 9810 9806 9808 
f 9810 9808 9794 
f 9811 9813 9812 
f 9813 9814 9812 
f 9813 9815 9814 
f 9815 9816 9814 
f 9815 9817 9816 
f 9817 9818 9816 
f 9817 9819 9818 
f 9819 9820 9818 
f 9819 9821 9820 
f 9821 9822 9820 
f 9821 9823 9822 
f 9823 9824 9822 
f 9823 9825 9824 
f 9825 9826 9824 
f 9825 9811 9826 
f 9811 9812 9826 
f 9827 9813 9811 
f 9827 9815 9813 
f 9827 9817 9815 
f 9827 9819 9817 
f 9827 9821 9819 
f 9827 9823 9821 
f 9827 9825 9823 
f 9827 9811 9825 
f 9828 9812 9814 
f 9828 9814 9816 
f 9828 9816 9818 
f 9828 9818 9820 
f 9828 9820 9822 
f 9828 9822 9824 
f 9828 9824 9826 
f 9828 9826 9812 
f 9829 9831 9830 
f 9831 9832 9830 
f 9831 9833 9832 
f 9833 9834 9832 
f 9833 9835 9834 
f 9835 9836 9834 
f 9835 9837 9836 
f 9837 9838 9836 
f 9837 9839 9838 
f 9839 9840 9838 
f 9839 9841 9840 
f 9841 9842 9840 
f 9841 9843 9842 
f 9843 9844 9842 
f 9843 9829 9844 
f 9829 9830 9844 
f 9845 9831 9829 
f 9845 9833 9831 
f 9845 9835 9833 
f 9845 9837 9835 
f 9845 9839 9837 
f 9845 9841 9839 
f 9845 9843 9841 
f 9845 9829 9843 
f 9846 9830 9832 
f 9846 9832 9834 
f 9846 9834 9836 
f 9846 9836 9838 
f 9846 9838 9840 
f 9846 9840 9842 
f 9846 9842 9844 
f 9846 9844 9830 
f 9847 9849 9848 
f 9849 9850 9848 
f 9849 9851 9850 
f 9851 9852 9850 
f 9851 9853 9852 
f 9853 9854 9852 
f 9853 9855 9854 
f 9855 9856 9854 
f 9855 9857 9856 
f 9857 9858 9856 
f 9857 9859 9858 
f 9859 9860 9858 
f 9859 9861 9860 
f 9861 9862 9860 
f 9861 9847 9862 
f 9847 9848 9862 
f 9863 9849 9847 
f 9863 9851 9849 
f 9863 9853 9851 
f 9863 9855 9853 
f 9863 9857 9855 
f 9863 9859 9857 
f 9863 9861 9859 
f 9863 9847 9861 
f 9864 9848 9850 
f 9864 9850 9852 
f 9864 9852 9854 
f 9864 9854 9856 
f 9864 9856 9858 
f 9864 9858 9860 
f 9864 9860 9862 
f 9864 9862 9848 
f 9865 9867 9866 
f 9867 9868 9866 
f 9867 9869 9868 
f 9869 9870 9868 
f 9869 9871 9870 
f 9871 9872 9870 
f 9871 9873 9872 
f 9873 9874 9872 
f 9873 9875 9874 
f 9875 9876 9874 
f 9875 9877 9876 
f 9877 9878 9876 
f 9877 9879 9878 
f 9879 9880 9878 
f 9879 9865 9880 
f 9865 9866 9880 
f 9881 9867 9865 
f 9881 9869 9867 
f 9881 9871 9869 
f 9881 9873 9871 
f 9881 9875 9873 
f 9881 9877 9875 
f 9881 9879 9877 
f 9881 9865 9879 
f 9882 9866 9868 
f 9882 9868 9870 
f 9882 9870 9872 
f 9882 9872 9874 
f 9882 9874 9876 
f 9882 9876 9878 
f 9882 9878 9880 
f 9882 9880 9866 
f 9883 9885 9884 
f 9885 9886 9884 
f 9885 9887 9886 
f 9887 9888 9886 
f 9887 9889 9888 
f 9889 9890 9888 
f 9889 9891 9890 
f 9891 9892 9890 
f 9891 9893 9892 
f 9893 9894 9892 
f 9893 9895 9894 
f 9895 9896 9894 
f 9895 9897 9896 
f 9897 9898 9896 
f 9897 9883 9898 
f 9883 9884 9898 
f 9899 9885 9883 
f 9899 9887 9885 
f 9899 9889 9887 
f 9899 9891 9889 
f 9899 9893 9891 
f 9899 9895 9893 
f 9899 9897 9895 
f 9899 9883 9897 
f 9900 9884 9886 
f 9900 9886 9888 
f 9900 9888 9890 
f 9900 9890 9892 
f 9900 9892 9894 
f 9900 9894 9896 
f 9900 9896 9898 
f 9900 9898 9884 
f 9901 9903 9902 
f 9903 9904 9902 
f 9903 9905 9904 
f 9905 9906 9904 
f 9905 9907 9906 
f 9907 9908 9906 
f 9907 9909 9908 
f 9909 9910 9908 
f 9909 9911 9910 
f 9911 9912 9910 
f 9911 9913 9912 
f 9913 9914 9912 
f 9913 9915 9914 
f 9915 9916 9914 
f 9915 9901 9916 
f 9901 9902 9916 
f 9917 9903 9901 
f 9917 9905 9903 
f 9917 9907 9905 
f 9917 9909 9907 
f 9917 9911 9909 
f 9917 9913 9911 
f 9917 9915 9913 
f 9917 9901 9915 
f 9918 9902 9904 
f 9918 9904 9906 
f 9918 9906 9908 
f 9918 9908 9910 
f 9918 9910 9912 
f 9918 9912 9914 
f 9918 9914 9916 
f 9918 9916 9902 
f 9919 9921 9920 
f 9921 9922 9920 
f 9921 9923 9922 
f 9923 9924 9922 
f 9923 9925 9924 
f 9925 9926 9924 
f 9925 9927 9926 
f 9927 9928 9926 
f 9927 9929 9928 
f 9929 9930 9928 
f 9929 9931 9930 
f 9931 9932 9930 
f 9931 9933 9932 
f 9933 9934 9932 
f 9933 9919 9934 
f 9919 9920 9934 
f 9935 9921 9919 
f 9935 9923 9921 
f 9935 9925 9923 
f 9935 9927 9925 
f 9935 9929 9927 
f 9935 9931 9929 
f 9935 9933 9931 
f 9935 9919 9933 
f 9936 9920 9922 
f 9936 9922 9924 
f 9936 9924 9926 
f 9936 9926 9928 
f 9936 9928 9930 
f 9936 9930 9932 
f 9936 9932 9934 
f 9936 9934 9920 
f 9937 9939 9938 
f 9939 9940 9938 
f 9939 9941 9940 
f 9941 9942 9940 
f 9941 9943 9942 
f 9943 9944 9942 
f 9943 9945 9944 
f 9945 9946 9944 
f 9945 9947 9946 
f 9947 9948 9946 
f 9947 9949 9948 
f 9949 9950 9948 
f 9949 9951 9950 
f 9951 9952 9950 
f 9951 9937 9952 
f 9937 9938 9952 
f 9953 9939 9937 
f 9953 9941 9939 
f 9953 9943 9941 
f 9953 9945 9943 
f 9953 9947 9945 
f 9953 9949 9947 
f 9953 9951 9949 
f 9953 9937 9951 
f 9954 9938 9940 
f 9954 9940 9942 
f 9954 9942 9944 
f 9954 9944 9946 
f 9954 9946 9948 
f 9954 9948 9950 
f 9954 9950 9952 
f 9954 9952 9938 
f 9955 9957 9956 
f 9957 9958 9956 
f 9957 9959 9958 
f 9959 9960 9958 
f 9959 9961 9960 
f 9961 9962 9960 
f 9961 9963 9962 
f 9963 9964 9962 
f 9963 9965 9964 
f 9965 9966 9964 
f 9965 9967 9966 
f 9967 9968 9966 
f 9967 9969 9968 
f 9969 9970 9968 
f 9969 9955 9970 
f 9955 9956 9970 
f 9971 9957 9955 
f 9971 9959 9957 
f 9971 9961 9959 
f 9971 9963 9961 
f 9971 9965 9963 
f 9971 9967 9965 
f 9971 9969 9967 
f 9971 9955 9969 
f 9972 9956 9958 
f 9972 9958 9960 
f 9972 9960 9962 
f 9972 9962 9964 
f 9972 9964 9966 
f 9972 9966 9968 
f 9972 9968 9970 
f 9972 9970 9956 
f 9973 9975 9974 
f 9975 9976 9974 
f 9975 9977 9976 
f 9977 9978 9976 
f 9977 9979 9978 
f 9979 9980 9978 
f 9979 9981 9980 
f 9981 9982 9980 
f 9981 9983 9982 
f 9983 9984 9982 
f 9983 9985 9984 
f 9985 9986 9984 
f 9985 9987 9986 
f 9987 9988 9986 
f 9987 9973 9988 
f 9973 9974 9988 
f 9989 9975 9973 
f 9989 9977 9975 
f 9989 9979 9977 
f 9989 9981 9979 
f 9989 9983 9981 
f 9989 9985 9983 
f 9989 9987 9985 
f 9989 9973 9987 
f 9990 9974 9976 
f 9990 9976 9978 
f 9990 9978 9980 
f 9990 9980 9982 
f 9990 9982 9984 
f 9990 9984 9986 
f 9990 9986 9988 
f 9990 9988 9974 
f 9991 9993 9992 
f 9993 9994 9992 
f 9993 9995 9994 
f 9995 9996 9994 
f 9995 9997 9996 
f 9997 9998 9996 
f 9997 9999 9998 
f 9999 10000 9998 
f 9999 10001 10000 
f 10001 10002 10000 
f 10001 10003 10002 
f 10003 10004 10002 
f 10003 10005 10004 
f 10005 10006 10004 
f 10005 9991 10006 
f 9991 9992 10006 
f 10007 9993 9991 
f 10007 9995 9993 
f 10007 9997 9995 
f 10007 9999 9997 
f 10007 10001 9999 
f 10007 10003 10001 
f 10007 10005 10003 
f 10007 9991 10005 
f 10008 9992 9994 
f 10008 9994 9996 
f 10008 9996 9998 
f 10008 9998 10000 
f 10008 10000 10002 
f 10008 10002 10004 
f 10008 10004 10006 
f 10008 10006 9992 
f 10009 10011 10010 
f 10011 10012 10010 
f 10011 10013 10012 
f 10013 10014 10012 
f 10013 10015 10014 
f 10015 10016 10014 
f 10015 10017 10016 
f 10017 10018 10016 
f 10017 10019 10018 
f 10019 10020 10018 
f 10019 10021 10020 
f 10021 10022 10020 
f 10021 10023 10022 
f 10023 10024 10022 
f 10023 10009 10024 
f 10009 10010 10024 
f 10025 10011 10009 
f 10025 10013 10011 
f 10025 10015 10013 
f 10025 10017 10015 
f 10025 10019 10017 
f 10025 10021 10019 
f 10025 10023 10021 
f 10025 10009 10023 
f 10026 10010 10012 
f 10026 10012 10014 
f 10026 10014 10016 
f 10026 10016 10018 
f 10026 10018 10020 
f 10026 10020 10022 
f 10026 10022 10024 
f 10026 10024 10010 
f 10027 10029 10028 
f 10029 10030 10028 
f 10029 10031 10030 
f 10031 10032 10030 
f 10031 10033 10032 
f 10033 10034 10032 
f 10033 10035 10034 
f 10035 10036 10034 
f 10035 10037 10036 
f 10037 10038 10036 
f 10037 10039 10038 
f 10039 10040 10038 
f 10039 10041 10040 
f 10041 10042 10040 
f 10041 10027 10042 
f 10027 10028 10042 
f 10043 10029 10027 
f 10043 10031 10029 
f 10043 10033 10031 
f 10043 10035 10033 
f 10043 10037 10035 
f 10043 10039 10037 
f 10043 10041 10039 
f 10043 10027 10041 
f 10044 10028 10030 
f 10044 10030 10032 
f 10044 10032 10034 
f 10044 10034 10036 
f 10044 10036 10038 
f 10044 10038 10040 
f 10044 10040 10042 
f 10044 10042 10028 
f 10045 10047 10046 
f 10047 10048 10046 
f 10047 10049 10048 
f 10049 10050 10048 
f 10049 10051 10050 
f 10051 10052 10050 
f 10051 10053 10052 
f 10053 10054 10052 
f 10053 10055 10054 
f 10055 10056 10054 
f 10055 10057 10056 
f 10057 10058 10056 
f 10057 10059 10058 
f 10059 10060 10058 
f 10059 10045 10060 
f 10045 10046 10060 
f 10061 10047 10045 
f 10061 10049 10047 
f 10061 10051 10049 
f 10061 10053 10051 
f 10061 10055 10053 
f 10061 10057 10055 
f 10061 10059 10057 
f 10061 10045 10059 
f 10062 10046 10048 
f 10062 10048 10050 
f 10062 10050 10052 
f 10062 10052 10054 
f 10062 10054 10056 
f 10062 10056 10058 
f 10062 10058 10060 
f 10062 10060 10046 
f 10063 10065 10064 
f 10065 10066 10064 
f 10065 10067 10066 
f 10067 10068 10066 
f 10067 10069 10068 
f 10069 10070 10068 
f 10069 10071 10070 
f 10071 10072 10070 
f 10071 10073 10072 
f 10073 10074 10072 
f 10073 10075 10074 
f 10075 10076 10074 
f 10075 10077 10076 
f 10077 10078 10076 
f 10077 10063 10078 
f 10063 10064 10078 
f 10079 10065 10063 
f 10079 10067 10065 
f 10079 10069 10067 
f 10079 10071 10069 
f 10079 10073 10071 
f 10079 10075 10073 
f 10079 10077 10075 
f 10079 10063 10077 
f 10080 10064 10066 
f 10080 10066 10068 
f 10080 10068 10070 
f 10080 10070 10072 
f 10080 10072 10074 
f 10080 10074 10076 
f 10080 10076 10078 
f 10080 10078 10064 
f 10081 10083 10082 
f 10083 10084 10082 
f 10083 10085 10084 
f 10085 10086 10084 
f 10085 10087 10086 
f 10087 10088 10086 
f 10087 10089 10088 
f 10089 10090 10088 
f 10089 10091 10090 
f 10091 10092 10090 
f 10091 10093 10092 
f 10093 10094 10092 
f 10093 10095 10094 
f 10095 10096 10094 
f 10095 10081 10096 
f 10081 10082 10096 
f 10097 10083 10081 
f 10097 10085 10083 
f 10097 10087 10085 
f 10097 10089 10087 
f 10097 10091 10089 
f 10097 10093 10091 
f 10097 10095 10093 
f 10097 10081 10095 
f 10098 10082 10084 
f 10098 10084 10086 
f 10098 10086 10088 
f 10098 10088 10090 
f 10098 10090 10092 
f 10098 10092 10094 
f 10098 10094 10096 
f 10098 10096 10082 
f 10099 10101 10100 
f 10101 10102 10100 
f 10101 10103 10102 
f 10103 10104 10102 
f 10103 10105 10104 
f 10105 10106 10104 
f 10105 10107 10106 
f 10107 10108 10106 
f 10107 10109 10108 
f 10109 10110 10108 
f 10109 10111 10110 
f 10111 10112 10110 
f 10111 10113 10112 
f 10113 10114 10112 
f 10113 10099 10114 
f 10099 10100 10114 
f 10115 10101 10099 
f 10115 10103 10101 
f 10115 10105 10103 
f 10115 10107 10105 
f 10115 10109 10107 
f 10115 10111 10109 
f 10115 10113 10111 
f 10115 10099 10113 
f 10116 10100 10102 
f 10116 10102 10104 
f 10116 10104 10106 
f 10116 10106 10108 
f 10116 10108 10110 
f 10116 10110 10112 
f 10116 10112 10114 
f 10116 10114 10100 
f 10117 10119 10118 
f 10119 10120 10118 
f 10119 10121 10120 
f 10121 10122 10120 
f 10121 10123 10122 
f 10123 10124 10122 
f 10123 10125 10124 
f 10125 10126 10124 
f 10125 10127 10126 
f 10127 10128 10126 
f 10127 10129 10128 
f 10129 10130 10128 
f 10129 10131 10130 
f 10131 10132 10130 
f 10131 10117 10132 
f 10117 10118 10132 
f 10133 10119 10117 
f 10133 10121 10119 
f 10133 10123 10121 
f 10133 10125 10123 
f 10133 10127 10125 
f 10133 10129 10127 
f 10133 10131 10129 
f 10133 10117 10131 
f 10134 10118 10120 
f 10134 10120 10122 
f 10134 10122 10124 
f 10134 10124 10126 
f 10134 10126 10128 
f 10134 10128 10130 
f 10134 10130 10132 
f 10134 10132 10118 
f 10135 10137 10136 
f 10137 10138 10136 
f 10137 10139 10138 
f 10139 10140 10138 
f 10139 10141 10140 
f 10141 10142 10140 
f 10141 10143 10142 
f 10143 10144 10142 
f 10143 10145 10144 
f 10145 10146 10144 
f 10145 10147 10146 
f 10147 10148 10146 
f 10147 10149 10148 
f 10149 10150 10148 
f 10149 10135 10150 
f 10135 10136 10150 
f 10151 10137 10135 
f 10151 10139 10137 
f 10151 10141 10139 
f 10151 10143 10141 
f 10151 10145 10143 
f 10151 10147 10145 
f 10151 10149 10147 
f 10151 10135 10149 
f 10152 10136 10138 
f 10152 10138 10140 
f 10152 10140 10142 
f 10152 10142 10144 
f 10152 10144 10146 
f 10152 10146 10148 
f 10152 10148 10150 
f 10152 10150 10136 
f 10153 10155 10154 
f 10155 10156 10154 
f 10155 10157 10156 
f 10157 10158 10156 
f 10157 10159 10158 
f 10159 10160 10158 
f 10159 10161 10160 
f 10161 10162 10160 
f 10161 10163 10162 
f 10163 10164 10162 
f 10163 10165 10164 
f 10165 10166 10164 
f 10165 10167 10166 
f 10167 10168 10166 
f 10167 10153 10168 
f 10153 10154 10168 
f 10169 10155 10153 
f 10169 10157 10155 
f 10169 10159 10157 
f 10169 10161 10159 
f 10169 10163 10161 
f 10169 10165 10163 
f 10169 10167 10165 
f 10169 10153 10167 
f 10170 10154 10156 
f 10170 10156 10158 
f 10170 10158 10160 
f 10170 10160 10162 
f 10170 10162 10164 
f 10170 10164 10166 
f 10170 10166 10168 
f 10170 10168 10154 
f 10171 10173 10172 
f 10173 10174 10172 
f 10173 10175 10174 
f 10175 10176 10174 
f 10175 10177 10176 
f 10177 10178 10176 
f 10177 10179 10178 
f 10179 10180 10178 
f 10179 10181 10180 
f 10181 10182 10180 
f 10181 10183 10182 
f 10183 10184 10182 
f 10183 10185 10184 
f 10185 10186 10184 
f 10185 10171 10186 
f 10171 10172 10186 
f 10187 10173 10171 
f 10187 10175 10173 
f 10187 10177 10175 
f 10187 10179 10177 
f 10187 10181 10179 
f 10187 10183 10181 
f 10187 10185 10183 
f 10187 10171 10185 
f 10188 10172 10174 
f 10188 10174 10176 
f 10188 10176 10178 
f 10188 10178 10180 
f 10188 10180 10182 
f 10188 10182 10184 
f 10188 10184 10186 
f 10188 10186 10172 
f 10189 10191 10190 
f 10191 10192 10190 
f 10191 10193 10192 
f 10193 10194 10192 
f 10193 10195 10194 
f 10195 10196 10194 
f 10195 10197 10196 
f 10197 10198 10196 
f 10197 10199 10198 
f 10199 10200 10198 
f 10199 10201 10200 
f 10201 10202 10200 
f 10201 10203 10202 
f 10203 10204 10202 
f 10203 10189 10204 
f 10189 10190 10204 
f 10205 10191 10189 
f 10205 10193 10191 
f 10205 10195 10193 
f 10205 10197 10195 
f 10205 10199 10197 
f 10205 10201 10199 
f 10205 10203 10201 
f 10205 10189 10203 
f 10206 10190 10192 
f 10206 10192 10194 
f 10206 10194 10196 
f 10206 10196 10198 
f 10206 10198 10200 
f 10206 10200 10202 
f 10206 10202 10204 
f 10206 10204 10190 
f 10207 10209 10208 
f 10209 10210 10208 
f 10209 10211 10210 
f 10211 10212 10210 
f 10211 10213 10212 
f 10213 10214 10212 
f 10213 10215 10214 
f 10215 10216 10214 
f 10215 10217 10216 
f 10217 10218 10216 
f 10217 10219 10218 
f 10219 10220 10218 
f 10219 10221 10220 
f 10221 10222 10220 
f 10221 10207 10222 
f 10207 10208 10222 
f 10223 10209 10207 
f 10223 10211 10209 
f 10223 10213 10211 
f 10223 10215 10213 
f 10223 10217 10215 
f 10223 10219 10217 
f 10223 10221 10219 
f 10223 10207 10221 
f 10224 10208 10210 
f 10224 10210 10212 
f 10224 10212 10214 
f 10224 10214 10216 
f 10224 10216 10218 
f 10224 10218 10220 
f 10224 10220 10222 
f 10224 10222 10208 
f 10225 10227 10226 
f 10227 10228 10226 
f 10227 10229 10228 
f 10229 10230 10228 
f 10229 10231 10230 
f 10231 10232 10230 
f 10231 10233 10232 
f 10233 10234 10232 
f 10233 10235 10234 
f 10235 10236 10234 
f 10235 10237 10236 
f 10237 10238 10236 
f 10237 10239 10238 
f 10239 10240 10238 
f 10239 10225 10240 
f 10225 10226 10240 
f 10241 10227 10225 
f 10241 10229 10227 
f 10241 10231 10229 
f 10241 10233 10231 
f 10241 10235 10233 
f 10241 10237 10235 
f 10241 10239 10237 
f 10241 10225 10239 
f 10242 10226 10228 
f 10242 10228 10230 
f 10242 10230 10232 
f 10242 10232 10234 
f 10242 10234 10236 
f 10242 10236 10238 
f 10242 10238 10240 
f 10242 10240 10226 
f 10243 10245 10244 
f 10245 10246 10244 
f 10245 10247 10246 
f 10247 10248 10246 
f 10247 10249 10248 
f 10249 10250 10248 
f 10249 10251 10250 
f 10251 10252 10250 
f 10251 10253 10252 
f 10253 10254 10252 
f 10253 10255 10254 
f 10255 10256 10254 
f 10255 10257 10256 
f 10257 10258 10256 
f 10257 10243 10258 
f 10243 10244 10258 
f 10259 10245 10243 
f 10259 10247 10245 
f 10259 10249 10247 
f 10259 10251 10249 
f 10259 10253 10251 
f 10259 10255 10253 
f 10259 10257 10255 
f 10259 10243 10257 
f 10260 10244 10246 
f 10260 10246 10248 
f 10260 10248 10250 
f 10260 10250 10252 
f 10260 10252 10254 
f 10260 10254 10256 
f 10260 10256 10258 
f 10260 10258 10244 
f 10261 10263 10262 
f 10263 10264 10262 
f 10263 10265 10264 
f 10265 10266 10264 
f 10265 10267 10266 
f 10267 10268 10266 
f 10267 10269 10268 
f 10269 10270 10268 
f 10269 10271 10270 
f 10271 10272 10270 
f 10271 10273 10272 
f 10273 10274 10272 
f 10273 10275 10274 
f 10275 10276 10274 
f 10275 10261 10276 
f 10261 10262 10276 
f 10277 10263 10261 
f 10277 10265 10263 
f 10277 10267 10265 
f 10277 10269 10267 
f 10277 10271 10269 
f 10277 10273 10271 
f 10277 10275 10273 
f 10277 10261 10275 
f 10278 10262 10264 
f 10278 10264 10266 
f 10278 10266 10268 
f 10278 10268 10270 
f 10278 10270 10272 
f 10278 10272 10274 
f 10278 10274 10276 
f 10278 10276 10262 
f 10279 10281 10280 
f 10281 10282 10280 
f 10281 10283 10282 
f 10283 10284 10282 
f 10283 10285 10284 
f 10285 10286 10284 
f 10285 10287 10286 
f 10287 10288 10286 
f 10287 10289 10288 
f 10289 10290 10288 
f 10289 10291 10290 
f 10291 10292 10290 
f 10291 10293 10292 
f 10293 10294 10292 
f 10293 10279 10294 
f 10279 10280 10294 
f 10295 10281 10279 
f 10295 10283 10281 
f 10295 10285 10283 
f 10295 10287 10285 
f 10295 10289 10287 
f 10295 10291 10289 
f 10295 10293 10291 
f 10295 10279 10293 
f 10296 10280 10282 
f 10296 10282 10284 
f 10296 10284 10286 
f 10296 10286 10288 
f 10296 10288 10290 
f 10296 10290 10292 
f 10296 10292 10294 
f 10296 10294 10280 
f 10297 10299 10298 
f 10299 10300 10298 
f 10299 10301 10300 
f 10301 10302 10300 
f 10301 10303 10302 
f 10303 10304 10302 
f 10303 10305 10304 
f 10305 10306 10304 
f 10305 10307 10306 
f 10307 10308 10306 
f 10307 10309 10308 
f 10309 10310 10308 
f 10309 10311 10310 
f 10311 10312 10310 
f 10311 10297 10312 
f 10297 10298 10312 
f 10313 10299 10297 
f 10313 10301 10299 
f 10313 10303 10301 
f 10313 10305 10303 
f 10313 10307 10305 
f 10313 10309 10307 
f 10313 10311 10309 
f 10313 10297 10311 
f 10314 10298 10300 
f 10314 10300 10302 
f 10314 10302 10304 
f 10314 10304 10306 
f 10314 10306 10308 
f 10314 10308 10310 
f 10314 10310 10312 
f 10314 10312 10298 
f 10315 10317 10316 
f 10317 10318 10316 
f 10317 10319 10318 
f 10319 10320 10318 
f 10319 10321 10320 
f 10321 10322 10320 
f 10321 10323 10322 
f 10323 10324 10322 
f 10323 10325 10324 
f 10325 10326 10324 
f 10325 10327 10326 
f 10327 10328 10326 
f 10327 10329 10328 
f 10329 10330 10328 
f 10329 10315 10330 
f 10315 10316 10330 
f 10331 10317 10315 
f 10331 10319 10317 
f 10331 10321 10319 
f 10331 10323 10321 
f 10331 10325 10323 
f 10331 10327 10325 
f 10331 10329 10327 
f 10331 10315 10329 
f 10332 10316 10318 
f 10332 10318 10320 
f 10332 10320 10322 
f 10332 10322 10324 
f 10332 10324 10326 
f 10332 10326 10328 
f 10332 10328 10330 
f 10332 10330 10316 
f 10333 10335 10334 
f 10335 10336 10334 
f 10335 10337 10336 
f 10337 10338 10336 
f 10337 10339 10338 
f 10339 10340 10338 
f 10339 10341 10340 
f 10341 10342 10340 
f 10341 10343 10342 
f 10343 10344 10342 
f 10343 10345 10344 
f 10345 10346 10344 
f 10345 10347 10346 
f 10347 10348 10346 
f 10347 10333 10348 
f 10333 10334 10348 
f 10349 10335 10333 
f 10349 10337 10335 
f 10349 10339 10337 
f 10349 10341 10339 
f 10349 10343 10341 
f 10349 10345 10343 
f 10349 10347 10345 
f 10349 10333 10347 
f 10350 10334 10336 
f 10350 10336 10338 
f 10350 10338 10340 
f 10350 10340 10342 
f 10350 10342 10344 
f 10350 10344 10346 
f 10350 10346 10348 
f 10350 10348 10334 
f 10351 10353 10352 
f 10353 10354 10352 
f 10353 10355 10354 
f 10355 10356 10354 
f 10355 10357 10356 
f 10357 10358 10356 
f 10357 10359 10358 
f 10359 10360 10358 
f 10359 10361 10360 
f 10361 10362 10360 
f 10361 10363 10362 
f 10363 10364 10362 
f 10363 10365 10364 
f 10365 10366 10364 
f 10365 10351 10366 
f 10351 10352 10366 
f 10367 10353 10351 
f 10367 10355 10353 
f 10367 10357 10355 
f 10367 10359 10357 
f 10367 10361 10359 
f 10367 10363 10361 
f 10367 10365 10363 
f 10367 10351 10365 
f 10368 10352 10354 
f 10368 10354 10356 
f 10368 10356 10358 
f 10368 10358 10360 
f 10368 10360 10362 
f 10368 10362 10364 
f 10368 10364 10366 
f 10368 10366 10352 
f 10369 10371 10370 
f 10371 10372 10370 
f 10371 10373 10372 
f 10373 10374 10372 
f 10373 10375 10374 
f 10375 10376 10374 
f 10375 10377 10376 
f 10377 10378 10376 
f 10377 10379 10378 
f 10379 10380 10378 
f 10379 10381 10380 
f 10381 10382 10380 
f 10381 10383 10382 
f 10383 10384 10382 
f 10383 10369 10384 
f 10369 10370 10384 
f 10385 10371 10369 
f 10385 10373 10371 
f 10385 10375 10373 
f 10385 10377 10375 
f 10385 10379 10377 
f 10385 10381 10379 
f 10385 10383 10381 
f 10385 10369 10383 
f 10386 10370 10372 
f 10386 10372 10374 
f 10386 10374 10376 
f 10386 10376 10378 
f 10386 10378 10380 
f 10386 10380 10382 
f 10386 10382 10384 
f 10386 10384 10370 
f 10387 10389 10388 
f 10389 10390 10388 
f 10389 10391 10390 
f 10391 10392 10390 
f 10391 10393 10392 
f 10393 10394 10392 
f 10393 10395 10394 
f 10395 10396 10394 
f 10395 10397 10396 
f 10397 10398 10396 
f 10397 10399 10398 
f 10399 10400 10398 
f 10399 10401 10400 
f 10401 10402 10400 
f 10401 10387 10402 
f 10387 10388 10402 
f 10403 10389 10387 
f 10403 10391 10389 
f 10403 10393 10391 
f 10403 10395 10393 
f 10403 10397 10395 
f 10403 10399 10397 
f 10403 10401 10399 
f 10403 10387 10401 
f 10404 10388 10390 
f 10404 10390 10392 
f 10404 10392 10394 
f 10404 10394 10396 
f 10404 10396 10398 
f 10404 10398 10400 
f 10404 10400 10402 
f 10404 10402 10388 
f 10405 10407 10406 
f 10407 10408 10406 
f 10407 10409 10408 
f 10409 10410 10408 
f 10409 10411 10410 
f 10411 10412 10410 
f 10411 10413 10412 
f 10413 10414 10412 
f 10413 10415 10414 
f 10415 10416 10414 
f 10415 10417 10416 
f 10417 10418 10416 
f 10417 10419 10418 
f 10419 10420 10418 
f 10419 10405 10420 
f 10405 10406 10420 
f 10421 10407 10405 
f 10421 10409 10407 
f 10421 10411 10409 
f 10421 10413 10411 
f 10421 10415 10413 
f 10421 10417 10415 
f 10421 10419 10417 
f 10421 10405 10419 
f 10422 10406 10408 
f 10422 10408 10410 
f 10422 10410 10412 
f 10422 10412 10414 
f 10422 10414 10416 
f 10422 10416 10418 
f 10422 10418 10420 
f 10422 10420 10406 
f 10423 10425 10424 
f 10425 10426 10424 
f 10425 10427 10426 
f 10427 10428 10426 
f 10427 10429 10428 
f 10429 10430 10428 
f 10429 10431 10430 
f 10431 10432 10430 
f 10431 10433 10432 
f 10433 10434 10432 
f 10433 10435 10434 
f 10435 10436 10434 
f 10435 10437 10436 
f 10437 10438 10436 
f 10437 10423 10438 
f 10423 10424 10438 
f 10439 10425 10423 
f 10439 10427 10425 
f 10439 10429 10427 
f 10439 10431 10429 
f 10439 10433 10431 
f 10439 10435 10433 
f 10439 10437 10435 
f 10439 10423 10437 
f 10440 10424 10426 
f 10440 10426 10428 
f 10440 10428 10430 
f 10440 10430 10432 
f 10440 10432 10434 
f 10440 10434 10436 
f 10440 10436 10438 
f 10440 10438 10424 
f 10441 10443 10442 
f 10443 10444 10442 
f 10443 10445 10444 
f 10445 10446 10444 
f 10445 10447 10446 
f 10447 10448 10446 
f 10447 10449 10448 
f 10449 10450 10448 
f 10449 10451 10450 
f 10451 10452 10450 
f 10451 10453 10452 
f 10453 10454 10452 
f 10453 10455 10454 
f 10455 10456 10454 
f 10455 10441 10456 
f 10441 10442 10456 
f 10457 10443 10441 
f 10457 10445 10443 
f 10457 10447 10445 
f 10457 10449 10447 
f 10457 10451 10449 
f 10457 10453 10451 
f 10457 10455 10453 
f 10457 10441 10455 
f 10458 10442 10444 
f 10458 10444 10446 
f 10458 10446 10448 
f 10458 10448 10450 
f 10458 10450 10452 
f 10458 10452 10454 
f 10458 10454 10456 
f 10458 10456 10442 
f 10459 10461 10460 
f 10461 10462 10460 
f 10461 10463 10462 
f 10463 10464 10462 
f 10463 10465 10464 
f 10465 10466 10464 
f 10465 10467 10466 
f 10467 10468 10466 
f 10467 10469 10468 
f 10469 10470 10468 
f 10469 10471 10470 
f 10471 10472 10470 
f 10471 10473 10472 
f 10473 10474 10472 
f 10473 10459 10474 
f 10459 10460 10474 
f 10475 10461 10459 
f 10475 10463 10461 
f 10475 10465 10463 
f 10475 10467 10465 
f 10475 10469 10467 
f 10475 10471 10469 
f 10475 10473 10471 
f 10475 10459 10473 
f 10476 10460 10462 
f 10476 10462 10464 
f 10476 10464 10466 
f 10476 10466 10468 
f 10476 10468 10470 
f 10476 10470 10472 
f 10476 10472 10474 
f 10476 10474 10460 
f 10477 10479 10478 
f 10479 10480 10478 
f 10479 10481 10480 
f 10481 10482 10480 
f 10481 10483 10482 
f 10483 10484 10482 
f 10483 10485 10484 
f 10485 10486 10484 
f 10485 10487 10486 
f 10487 10488 10486 
f 10487 10489 10488 
f 10489 10490 10488 
f 10489 10491 10490 
f 10491 10492 10490 
f 10491 10477 10492 
f 10477 10478 10492 
f 10493 10479 10477 
f 10493 10481 10479 
f 10493 10483 10481 
f 10493 10485 10483 
f 10493 10487 10485 
f 10493 10489 10487 
f 10493 10491 10489 
f 10493 10477 10491 
f 10494 10478 10480 
f 10494 10480 10482 
f 10494 10482 10484 
f 10494 10484 10486 
f 10494 10486 10488 
f 10494 10488 10490 
f 10494 10490 10492 
f 10494 10492 10478 
f 10495 10497 10496 
f 10497 10498 10496 
f 10497 10499 10498 
f 10499 10500 10498 
f 10499 10501 10500 
f 10501 10502 10500 
f 10501 10503 10502 
f 10503 10504 10502 
f 10503 10505 10504 
f 10505 10506 10504 
f 10505 10507 10506 
f 10507 10508 10506 
f 10507 10509 10508 
f 10509 10510 10508 
f 10509 10495 10510 
f 10495 10496 10510 
f 10511 10497 10495 
f 10511 10499 10497 
f 10511 10501 10499 
f 10511 10503 10501 
f 10511 10505 10503 
f 10511 10507 10505 
f 10511 10509 10507 
f 10511 10495 10509 
f 10512 10496 10498 
f 10512 10498 10500 
f 10512 10500 10502 
f 10512 10502 10504 
f 10512 10504 10506 
f 10512 10506 10508 
f 10512 10508 10510 
f 10512 10510 10496 
f 10513 10515 10514 
f 10515 10516 10514 
f 10515 10517 10516 
f 10517 10518 10516 
f 10517 10519 10518 
f 10519 10520 10518 
f 10519 10521 10520 
f 10521 10522 10520 
f 10521 10523 10522 
f 10523 10524 10522 
f 10523 10525 10524 
f 10525 10526 10524 
f 10525 10527 10526 
f 10527 10528 10526 
f 10527 10513 10528 
f 10513 10514 10528 
f 10529 10515 10513 
f 10529 10517 10515 
f 10529 10519 10517 
f 10529 10521 10519 
f 10529 10523 10521 
f 10529 10525 10523 
f 10529 10527 10525 
f 10529 10513 10527 
f 10530 10514 10516 
f 10530 10516 10518 
f 10530 10518 10520 
f 10530 10520 10522 
f 10530 10522 10524 
f 10530 10524 10526 
f 10530 10526 10528 
f 10530 10528 10514 
f 10531 10533 10532 
f 10533 10534 10532 
f 10533 10535 10534 
f 10535 10536 10534 
f 10535 10537 10536 
f 10537 10538 10536 
f 10537 10539 10538 
f 10539 10540 10538 
f 10539 10541 10540 
f 10541 10542 10540 
f 10541 10543 10542 
f 10543 10544 10542 
f 10543 10545 10544 
f 10545 10546 10544 
f 10545 10531 10546 
f 10531 10532 10546 
f 10547 10533 10531 
f 10547 10535 10533 
f 10547 10537 10535 
f 10547 10539 10537 
f 10547 10541 10539 
f 10547 10543 10541 
f 10547 10545 10543 
f 10547 10531 10545 
f 10548 10532 10534 
f 10548 10534 10536 
f 10548 10536 10538 
f 10548 10538 10540 
f 10548 10540 10542 
f 10548 10542 10544 
f 10548 10544 10546 
f 10548 10546 10532 
f 10549 10551 10550 
f 10551 10552 10550 
f 10551 10553 10552 
f 10553 10554 10552 
f 10553 10555 10554 
f 10555 10556 10554 
f 10555 10557 10556 
f 10557 10558 10556 
f 10557 10559 10558 
f 10559 10560 10558 
f 10559 10561 10560 
f 10561 10562 10560 
f 10561 10563 10562 
f 10563 10564 10562 
f 10563 10549 10564 
f 10549 10550 10564 
f 10565 10551 10549 
f 10565 10553 10551 
f 10565 10555 10553 
f 10565 10557 10555 
f 10565 10559 10557 
f 10565 10561 10559 
f 10565 10563 10561 
f 10565 10549 10563 
f 10566 10550 10552 
f 10566 10552 10554 
f 10566 10554 10556 
f 10566 10556 10558 
f 10566 10558 10560 
f 10566 10560 10562 
f 10566 10562 10564 
f 10566 10564 10550 
f 10567 10569 10568 
f 10569 10570 10568 
f 10569 10571 10570 
f 10571 10572 10570 
f 10571 10573 10572 
f 10573 10574 10572 
f 10573 10575 10574 
f 10575 10576 10574 
f 10575 10577 10576 
f 10577 10578 10576 
f 10577 10579 10578 
f 10579 10580 10578 
f 10579 10581 10580 
f 10581 10582 10580 
f 10581 10567 10582 
f 10567 10568 10582 
f 10583 10569 10567 
f 10583 10571 10569 
f 10583 10573 10571 
f 10583 10575 10573 
f 10583 10577 10575 
f 10583 10579 10577 
f 10583 10581 10579 
f 10583 10567 10581 
f 10584 10568 10570 
f 10584 10570 10572 
f 10584 10572 10574 
f 10584 10574 10576 
f 10584 10576 10578 
f 10584 10578 10580 
f 10584 10580 10582 
f 10584 10582 10568 
f 10585 10587 10586 
f 10587 10588 10586 
f 10587 10589 10588 
f 10589 10590 10588 
f 10589 10591 10590 
f 10591 10592 10590 
f 10591 10593 10592 
f 10593 10594 10592 
f 10593 10595 10594 
f 10595 10596 10594 
f 10595 10597 10596 
f 10597 10598 10596 
f 10597 10599 10598 
f 10599 10600 10598 
f 10599 10585 10600 
f 10585 10586 10600 
f 10601 10587 10585 
f 10601 10589 10587 
f 10601 10591 10589 
f 10601 10593 10591 
f 10601 10595 10593 
f 10601 10597 10595 
f 10601 10599 10597 
f 10601 10585 10599 
f 10602 10586 10588 
f 10602 10588 10590 
f 10602 10590 10592 
f 10602 10592 10594 
f 10602 10594 10596 
f 10602 10596 10598 
f 10602 10598 10600 
f 10602 10600 10586 
f 10603 10605 10604 
f 10605 10606 10604 
f 10605 10607 10606 
f 10607 10608 10606 
f 10607 10609 10608 
f 10609 10610 10608 
f 10609 10611 10610 
f 10611 10612 10610 
f 10611 10613 10612 
f 10613 10614 10612 
f 10613 10615 10614 
f 10615 10616 10614 
f 10615 10617 10616 
f 10617 10618 10616 
f 10617 10603 10618 
f 10603 10604 10618 
f 10619 10605 10603 
f 10619 10607 10605 
f 10619 10609 10607 
f 10619 10611 10609 
f 10619 10613 10611 
f 10619 10615 10613 
f 10619 10617 10615 
f 10619 10603 10617 
f 10620 10604 10606 
f 10620 10606 10608 
f 10620 10608 10610 
f 10620 10610 10612 
f 10620 10612 10614 
f 10620 10614 10616 
f 10620 10616 10618 
f 10620 10618 10604 
f 10621 10623 10622 
f 10623 10624 10622 
f 10623 10625 10624 
f 10625 10626 10624 
f 10625 10627 10626 
f 10627 10628 10626 
f 10627 10629 10628 
f 10629 10630 10628 
f 10629 10631 10630 
f 10631 10632 10630 
f 10631 10633 10632 
f 10633 10634 10632 
f 10633 10635 10634 
f 10635 10636 10634 
f 10635 10621 10636 
f 10621 10622 10636 
f 10637 10623 10621 
f 10637 10625 10623 
f 10637 10627 10625 
f 10637 10629 10627 
f 10637 10631 10629 
f 10637 10633 10631 
f 10637 10635 10633 
f 10637 10621 10635 
f 10638 10622 10624 
f 10638 10624 10626 
f 10638 10626 10628 
f 10638 10628 10630 
f 10638 10630 10632 
f 10638 10632 10634 
f 10638 10634 10636 
f 10638 10636 10622 
f 10639 10641 10640 
f 10641 10642 10640 
f 10641 10643 10642 
f 10643 10644 10642 
f 10643 10645 10644 
f 10645 10646 10644 
f 10645 10647 10646 
f 10647 10648 10646 
f 10647 10649 10648 
f 10649 10650 10648 
f 10649 10651 10650 
f 10651 10652 10650 
f 10651 10653 10652 
f 10653 10654 10652 
f 10653 10639 10654 
f 10639 10640 10654 
f 10655 10641 10639 
f 10655 10643 10641 
f 10655 10645 10643 
f 10655 10647 10645 
f 10655 10649 10647 
f 10655 10651 10649 
f 10655 10653 10651 
f 10655 10639 10653 
f 10656 10640 10642 
f 10656 10642 10644 
f 10656 10644 10646 
f 10656 10646 10648 
f 10656 10648 10650 
f 10656 10650 10652 
f 10656 10652 10654 
f 10656 10654 10640 
f 10657 10659 10658 
f 10659 10660 10658 
f 10659 10661 10660 
f 10661 10662 10660 
f 10661 10663 10662 
f 10663 10664 10662 
f 10663 10665 10664 
f 10665 10666 10664 
f 10665 10667 10666 
f 10667 10668 10666 
f 10667 10669 10668 
f 10669 10670 10668 
f 10669 10671 10670 
f 10671 10672 10670 
f 10671 10657 10672 
f 10657 10658 10672 
f 10673 10659 10657 
f 10673 10661 10659 
f 10673 10663 10661 
f 10673 10665 10663 
f 10673 10667 10665 
f 10673 10669 10667 
f 10673 10671 10669 
f 10673 10657 10671 
f 10674 10658 10660 
f 10674 10660 10662 
f 10674 10662 10664 
f 10674 10664 10666 
f 10674 10666 10668 
f 10674 10668 10670 
f 10674 10670 10672 
f 10674 10672 10658 
f 10675 10677 10676 
f 10677 10678 10676 
f 10677 10679 10678 
f 10679 10680 10678 
f 10679 10681 10680 
f 10681 10682 10680 
f 10681 10683 10682 
f 10683 10684 10682 
f 10683 10685 10684 
f 10685 10686 10684 
f 10685 10687 10686 
f 10687 10688 10686 
f 10687 10689 10688 
f 10689 10690 10688 
f 10689 10675 10690 
f 10675 10676 10690 
f 10691 10677 10675 
f 10691 10679 10677 
f 10691 10681 10679 
f 10691 10683 10681 
f 10691 10685 10683 
f 10691 10687 10685 
f 10691 10689 10687 
f 10691 10675 10689 
f 10692 10676 10678 
f 10692 10678 10680 
f 10692 10680 10682 
f 10692 10682 10684 
f 10692 10684 10686 
f 10692 10686 10688 
f 10692 10688 10690 
f 10692 10690 10676 
f 10693 10695 10694 
f 10695 10696 10694 
f 10695 10697 10696 
f 10697 10698 10696 
f 10697 10699 10698 
f 10699 10700 10698 
f 10699 10701 10700 
f 10701 10702 10700 
f 10701 10703 10702 
f 10703 10704 10702 
f 10703 10705 10704 
f 10705 10706 10704 
f 10705 10707 10706 
f 10707 10708 10706 
f 10707 10693 10708 
f 10693 10694 10708 
f 10709 10695 10693 
f 10709 10697 10695 
f 10709 10699 10697 
f 10709 10701 10699 
f 10709 10703 10701 
f 10709 10705 10703 
f 10709 10707 10705 
f 10709 10693 10707 
f 10710 10694 10696 
f 10710 10696 10698 
f 10710 10698 10700 
f 10710 10700 10702 
f 10710 10702 10704 
f 10710 10704 10706 
f 10710 10706 10708 
f 10710 10708 10694 
f 10711 10713 10712 
f 10713 10714 10712 
f 10713 10715 10714 
f 10715 10716 10714 
f 10715 10717 10716 
f 10717 10718 10716 
f 10717 10719 10718 
f 10719 10720 10718 
f 10719 10721 10720 
f 10721 10722 10720 
f 10721 10723 10722 
f 10723 10724 10722 
f 10723 10725 10724 
f 10725 10726 10724 
f 10725 10711 10726 
f 10711 10712 10726 
f 10727 10713 10711 
f 10727 10715 10713 
f 10727 10717 10715 
f 10727 10719 10717 
f 10727 10721 10719 
f 10727 10723 10721 
f 10727 10725 10723 
f 10727 10711 10725 
f 10728 10712 10714 
f 10728 10714 10716 
f 10728 10716 10718 
f 10728 10718 10720 
f 10728 10720 10722 
f 10728 10722 10724 
f 10728 10724 10726 
f 10728 10726 10712 
f 10729 10731 10730 
f 10731 10732 10730 
f 10731 10733 10732 
f 10733 10734 10732 
f 10733 10735 10734 
f 10735 10736 10734 
f 10735 10737 10736 
f 10737 10738 10736 
f 10737 10739 10738 
f 10739 10740 10738 
f 10739 10741 10740 
f 10741 10742 10740 
f 10741 10743 10742 
f 10743 10744 10742 
f 10743 10729 10744 
f 10729 10730 10744 
f 10745 10731 10729 
f 10745 10733 10731 
f 10745 10735 10733 
f 10745 10737 10735 
f 10745 10739 10737 
f 10745 10741 10739 
f 10745 10743 10741 
f 10745 10729 10743 
f 10746 10730 10732 
f 10746 10732 10734 
f 10746 10734 10736 
f 10746 10736 10738 
f 10746 10738 10740 
f 10746 10740 10742 
f 10746 10742 10744 
f 10746 10744 10730 
f 10747 10749 10748 
f 10749 10750 10748 
f 10749 10751 10750 
f 10751 10752 10750 
f 10751 10753 10752 
f 10753 10754 10752 
f 10753 10755 10754 
f 10755 10756 10754 
f 10755 10757 10756 
f 10757 10758 10756 
f 10757 10759 10758 
f 10759 10760 10758 
f 10759 10761 10760 
f 10761 10762 10760 
f 10761 10747 10762 
f 10747 10748 10762 
f 10763 10749 10747 
f 10763 10751 10749 
f 10763 10753 10751 
f 10763 10755 10753 
f 10763 10757 10755 
f 10763 10759 10757 
f 10763 10761 10759 
f 10763 10747 10761 
f 10764 10748 10750 
f 10764 10750 10752 
f 10764 10752 10754 
f 10764 10754 10756 
f 10764 10756 10758 
f 10764 10758 10760 
f 10764 10760 10762 
f 10764 10762 10748 
f 10765 10767 10766 
f 10767 10768 10766 
f 10767 10769 10768 
f 10769 10770 10768 
f 10769 10771 10770 
f 10771 10772 10770 
f 10771 10773 10772 
f 10773 10774 10772 
f 10773 10775 10774 
f 10775 10776 10774 
f 10775 10777 10776 
f 10777 10778 10776 
f 10777 10779 10778 
f 10779 10780 10778 
f 10779 10765 10780 
f 10765 10766 10780 
f 10781 10767 10765 
f 10781 10769 10767 
f 10781 10771 10769 
f 10781 10773 10771 
f 10781 10775 10773 
f 10781 10777 10775 
f 10781 10779 10777 
f 10781 10765 10779 
f 10782 10766 10768 
f 10782 10768 10770 
f 10782 10770 10772 
f 10782 10772 10774 
f 10782 10774 10776 
f 10782 10776 10778 
f 10782 10778 10780 
f 10782 10780 10766 
f 10783 10785 10784 
f 10785 10786 10784 
f 10785 10787 10786 
f 10787 10788 10786 
f 10787 10789 10788 
f 10789 10790 10788 
f 10789 10791 10790 
f 10791 10792 10790 
f 10791 10793 10792 
f 10793 10794 10792 
f 10793 10795 10794 
f 10795 10796 10794 
f 10795 10797 10796 
f 10797 10798 10796 
f 10797 10783 10798 
f 10783 10784 10798 
f 10799 10785 10783 
f 10799 10787 10785 
f 10799 10789 10787 
f 10799 10791 10789 
f 10799 10793 10791 
f 10799 10795 10793 
f 10799 10797 10795 
f 10799 10783 10797 
f 10800 10784 10786 
f 10800 10786 10788 
f 10800 10788 10790 
f 10800 10790 10792 
f 10800 10792 10794 
f 10800 10794 10796 
f 10800 10796 10798 
f 10800 10798 10784 
f 10801 10803 10802 
f 10803 10804 10802 
f 10803 10805 10804 
f 10805 10806 10804 
f 10805 10807 10806 
f 10807 10808 10806 
f 10807 10809 10808 
f 10809 10810 10808 
f 10809 10811 10810 
f 10811 10812 10810 
f 10811 10813 10812 
f 10813 10814 10812 
f 10813 10815 10814 
f 10815 10816 10814 
f 10815 10801 10816 
f 10801 10802 10816 
f 10817 10803 10801 
f 10817 10805 10803 
f 10817 10807 10805 
f 10817 10809 10807 
f 10817 10811 10809 
f 10817 10813 10811 
f 10817 10815 10813 
f 10817 10801 10815 
f 10818 10802 10804 
f 10818 10804 10806 
f 10818 10806 10808 
f 10818 10808 10810 
f 10818 10810 10812 
f 10818 10812 10814 
f 10818 10814 10816 
f 10818 10816 10802 
f 10819 10821 10820 
f 10821 10822 10820 
f 10821 10823 10822 
f 10823 10824 10822 
f 10823 10825 10824 
f 10825 10826 10824 
f 10825 10827 10826 
f 10827 10828 10826 
f 10827 10829 10828 
f 10829 10830 10828 
f 10829 10831 10830 
f 10831 10832 10830 
f 10831 10833 10832 
f 10833 10834 10832 
f 10833 10819 10834 
f 10819 10820 10834 
f 10835 10821 10819 
f 10835 10823 10821 
f 10835 10825 10823 
f 10835 10827 10825 
f 10835 10829 10827 
f 10835 10831 10829 
f 10835 10833 10831 
f 10835 10819 10833 
f 10836 10820 10822 
f 10836 10822 10824 
f 10836 10824 10826 
f 10836 10826 10828 
f 10836 10828 10830 
f 10836 10830 10832 
f 10836 10832 10834 
f 10836 10834 10820 
f 10837 10839 10838 
f 10839 10840 10838 
f 10839 10841 10840 
f 10841 10842 10840 
f 10841 10843 10842 
f 10843 10844 10842 
f 10843 10845 10844 
f 10845 10846 10844 
f 10845 10847 10846 
f 10847 10848 10846 
f 10847 10849 10848 
f 10849 10850 10848 
f 10849 10851 10850 
f 10851 10852 10850 
f 10851 10837 10852 
f 10837 10838 10852 
f 10853 10839 10837 
f 10853 10841 10839 
f 10853 10843 10841 
f 10853 10845 10843 
f 10853 10847 10845 
f 10853 10849 10847 
f 10853 10851 10849 
f 10853 10837 10851 
f 10854 10838 10840 
f 10854 10840 10842 
f 10854 10842 10844 
f 10854 10844 10846 
f 10854 10846 10848 
f 10854 10848 10850 
f 10854 10850 10852 
f 10854 10852 10838 
f 10855 10857 10856 
f 10857 10858 10856 
f 10857 10859 10858 
f 10859 10860 10858 
f 10859 10861 10860 
f 10861 10862 10860 
f 10861 10863 10862 
f 10863 10864 10862 
f 10863 10865 10864 
f 10865 10866 10864 
f 10865 10867 10866 
f 10867 10868 10866 
f 10867 10869 10868 
f 10869 10870 10868 
f 10869 10855 10870 
f 10855 10856 10870 
f 10871 10857 10855 
f 10871 10859 10857 
f 10871 10861 10859 
f 10871 10863 10861 
f 10871 10865 10863 
f 10871 10867 10865 
f 10871 10869 10867 
f 10871 10855 10869 
f 10872 10856 10858 
f 10872 10858 10860 
f 10872 10860 10862 
f 10872 10862 10864 
f 10872 10864 10866 
f 10872 10866 10868 
f 10872 10868 10870 
f 10872 10870 10856 
f 10873 10875 10874 
f 10875 10876 10874 
f 10875 10877 10876 
f 10877 10878 10876 
f 10877 10879 10878 
f 10879 10880 10878 
f 10879 10881 10880 
f 10881 10882 10880 
f 10881 10883 10882 
f 10883 10884 10882 
f 10883 10885 10884 
f 10885 10886 10884 
f 10885 10887 10886 
f 10887 10888 10886 
f 10887 10873 10888 
f 10873 10874 10888 
f 10889 10875 10873 
f 10889 10877 10875 
f 10889 10879 10877 
f 10889 10881 10879 
f 10889 10883 10881 
f 10889 10885 10883 
f 10889 10887 10885 
f 10889 10873 10887 
f 10890 10874 10876 
f 10890 10876 10878 
f 10890 10878 10880 
f 10890 10880 10882 
f 10890 10882 10884 
f 10890 10884 10886 
f 10890 10886 10888 
f 10890 10888 10874 
f 10891 10893 10892 
f 10893 10894 10892 
f 10893 10895 10894 
f 10895 10896 10894 
f 10895 10897 10896 
f 10897 10898 10896 
f 10897 10899 10898 
f 10899 10900 10898 
f 10899 10901 10900 
f 10901 10902 10900 
f 10901 10903 10902 
f 10903 10904 10902 
f 10903 10905 10904 
f 10905 10906 10904 
f 10905 10891 10906 
f 10891 10892 10906 
f 10907 10893 10891 
f 10907 10895 10893 
f 10907 10897 10895 
f 10907 10899 10897 
f 10907 10901 10899 
f 10907 10903 10901 
f 10907 10905 10903 
f 10907 10891 10905 
f 10908 10892 10894 
f 10908 10894 10896 
f 10908 10896 10898 
f 10908 10898 10900 
f 10908 10900 10902 
f 10908 10902 10904 
f 10908 10904 10906 
f 10908 10906 10892 
f 10909 10911 10910 
f 10911 10912 10910 
f 10911 10913 10912 
f 10913 10914 10912 
f 10913 10915 10914 
f 10915 10916 10914 
f 10915 10917 10916 
f 10917 10918 10916 
f 10917 10919 10918 
f 10919 10920 10918 
f 10919 10921 10920 
f 10921 10922 10920 
f 10921 10923 10922 
f 10923 10924 10922 
f 10923 10909 10924 
f 10909 10910 10924 
f 10925 10911 10909 
f 10925 10913 10911 
f 10925 10915 10913 
f 10925 10917 10915 
f 10925 10919 10917 
f 10925 10921 10919 
f 10925 10923 10921 
f 10925 10909 10923 
f 10926 10910 10912 
f 10926 10912 10914 
f 10926 10914 10916 
f 10926 10916 10918 
f 10926 10918 10920 
f 10926 10920 10922 
f 10926 10922 10924 
f 10926 10924 10910 
f 10927 10929 10928 
f 10929 10930 10928 
f 10929 10931 10930 
f 10931 10932 10930 
f 10931 10933 10932 
f 10933 10934 10932 
f 10933 10935 10934 
f 10935 10936 10934 
f 10935 10937 10936 
f 10937 10938 10936 
f 10937 10939 10938 
f 10939 10940 10938 
f 10939 10941 10940 
f 10941 10942 10940 
f 10941 10927 10942 
f 10927 10928 10942 
f 10943 10929 10927 
f 10943 10931 10929 
f 10943 10933 10931 
f 10943 10935 10933 
f 10943 10937 10935 
f 10943 10939 10937 
f 10943 10941 10939 
f 10943 10927 10941 
f 10944 10928 10930 
f 10944 10930 10932 
f 10944 10932 10934 
f 10944 10934 10936 
f 10944 10936 10938 
f 10944 10938 10940 
f 10944 10940 10942 
f 10944 10942 10928 
f 10945 10947 10946 
f 10947 10948 10946 
f 10947 10949 10948 
f 10949 10950 10948 
f 10949 10951 10950 
f 10951 10952 10950 
f 10951 10953 10952 
f 10953 10954 10952 
f 10953 10955 10954 
f 10955 10956 10954 
f 10955 10957 10956 
f 10957 10958 10956 
f 10957 10959 10958 
f 10959 10960 10958 
f 10959 10945 10960 
f 10945 10946 10960 
f 10961 10947 10945 
f 10961 10949 10947 
f 10961 10951 10949 
f 10961 10953 10951 
f 10961 10955 10953 
f 10961 10957 10955 
f 10961 10959 10957 
f 10961 10945 10959 
f 10962 10946 10948 
f 10962 10948 10950 
f 10962 10950 10952 
f 10962 10952 10954 
f 10962 10954 10956 
f 10962 10956 10958 
f 10962 10958 10960 
f 10962 10960 10946 
f 10963 10965 10964 
f 10965 10966 10964 
f 10965 10967 10966 
f 10967 10968 10966 
f 10967 10969 10968 
f 10969 10970 10968 
f 10969 10971 10970 
f 10971 10972 10970 
f 10971 10973 10972 
f 10973 10974 10972 
f 10973 10975 10974 
f 10975 10976 10974 
f 10975 10977 10976 
f 10977 10978 10976 
f 10977 10963 10978 
f 10963 10964 10978 
f 10979 10965 10963 
f 10979 10967 10965 
f 10979 10969 10967 
f 10979 10971 10969 
f 10979 10973 10971 
f 10979 10975 10973 
f 10979 10977 10975 
f 10979 10963 10977 
f 10980 10964 10966 
f 10980 10966 10968 
f 10980 10968 10970 
f 10980 10970 10972 
f 10980 10972 10974 
f 10980 10974 10976 
f 10980 10976 10978 
f 10980 10978 10964 
f 10981 10983 10982 
f 10983 10984 10982 
f 10983 10985 10984 
f 10985 10986 10984 
f 10985 10987 10986 
f 10987 10988 10986 
f 10987 10989 10988 
f 10989 10990 10988 
f 10989 10991 10990 
f 10991 10992 10990 
f 10991 10993 10992 
f 10993 10994 10992 
f 10993 10995 10994 
f 10995 10996 10994 
f 10995 10981 10996 
f 10981 10982 10996 
f 10997 10983 10981 
f 10997 10985 10983 
f 10997 10987 10985 
f 10997 10989 10987 
f 10997 10991 10989 
f 10997 10993 10991 
f 10997 10995 10993 
f 10997 10981 10995 
f 10998 10982 10984 
f 10998 10984 10986 
f 10998 10986 10988 
f 10998 10988 10990 
f 10998 10990 10992 
f 10998 10992 10994 
f 10998 10994 10996 
f 10998 10996 10982 
f 10999 11001 11000 
f 11001 11002 11000 
f 11001 11003 11002 
f 11003 11004 11002 
f 11003 11005 11004 
f 11005 11006 11004 
f 11005 11007 11006 
f 11007 11008 11006 
f 11007 11009 11008 
f 11009 11010 11008 
f 11009 11011 11010 
f 11011 11012 11010 
f 11011 11013 11012 
f 11013 11014 11012 
f 11013 10999 11014 
f 10999 11000 11014 
f 11015 11001 10999 
f 11015 11003 11001 
f 11015 11005 11003 
f 11015 11007 11005 
f 11015 11009 11007 
f 11015 11011 11009 
f 11015 11013 11011 
f 11015 10999 11013 
f 11016 11000 11002 
f 11016 11002 11004 
f 11016 11004 11006 
f 11016 11006 11008 
f 11016 11008 11010 
f 11016 11010 11012 
f 11016 11012 11014 
f 11016 11014 11000 
f 11017 11019 11018 
f 11019 11020 11018 
f 11019 11021 11020 
f 11021 11022 11020 
f 11021 11023 11022 
f 11023 11024 11022 
f 11023 11025 11024 
f 11025 11026 11024 
f 11025 11027 11026 
f 11027 11028 11026 
f 11027 11029 11028 
f 11029 11030 11028 
f 11029 11031 11030 
f 11031 11032 11030 
f 11031 11017 11032 
f 11017 11018 11032 
f 11033 11019 11017 
f 11033 11021 11019 
f 11033 11023 11021 
f 11033 11025 11023 
f 11033 11027 11025 
f 11033 11029 11027 
f 11033 11031 11029 
f 11033 11017 11031 
f 11034 11018 11020 
f 11034 11020 11022 
f 11034 11022 11024 
f 11034 11024 11026 
f 11034 11026 11028 
f 11034 11028 11030 
f 11034 11030 11032 
f 11034 11032 11018 
f 11035 11037 11036 
f 11037 11038 11036 
f 11037 11039 11038 
f 11039 11040 11038 
f 11039 11041 11040 
f 11041 11042 11040 
f 11041 11043 11042 
f 11043 11044 11042 
f 11043 11045 11044 
f 11045 11046 11044 
f 11045 11047 11046 
f 11047 11048 11046 
f 11047 11049 11048 
f 11049 11050 11048 
f 11049 11035 11050 
f 11035 11036 11050 
f 11051 11037 11035 
f 11051 11039 11037 
f 11051 11041 11039 
f 11051 11043 11041 
f 11051 11045 11043 
f 11051 11047 11045 
f 11051 11049 11047 
f 11051 11035 11049 
f 11052 11036 11038 
f 11052 11038 11040 
f 11052 11040 11042 
f 11052 11042 11044 
f 11052 11044 11046 
f 11052 11046 11048 
f 11052 11048 11050 
f 11052 11050 11036 
f 11053 11055 11054 
f 11055 11056 11054 
f 11055 11057 11056 
f 11057 11058 11056 
f 11057 11059 11058 
f 11059 11060 11058 
f 11059 11061 11060 
f 11061 11062 11060 
f 11061 11063 11062 
f 11063 11064 11062 
f 11063 11065 11064 
f 11065 11066 11064 
f 11065 11067 11066 
f 11067 11068 11066 
f 11067 11053 11068 
f 11053 11054 11068 
f 11069 11055 11053 
f 11069 11057 11055 
f 11069 11059 11057 
f 11069 11061 11059 
f 11069 11063 11061 
f 11069 11065 11063 
f 11069 11067 11065 
f 11069 11053 11067 
f 11070 11054 11056 
f 11070 11056 11058 
f 11070 11058 11060 
f 11070 11060 11062 
f 11070 11062 11064 
f 11070 11064 11066 
f 11070 11066 11068 
f 11070 11068 11054 
f 11071 11073 11072 
f 11073 11074 11072 
f 11073 11075 11074 
f 11075 11076 11074 
f 11075 11077 11076 
f 11077 11078 11076 
f 11077 11079 11078 
f 11079 11080 11078 
f 11079 11081 11080 
f 11081 11082 11080 
f 11081 11083 11082 
f 11083 11084 11082 
f 11083 11085 11084 
f 11085 11086 11084 
f 11085 11071 11086 
f 11071 11072 11086 
f 11087 11073 11071 
f 11087 11075 11073 
f 11087 11077 11075 
f 11087 11079 11077 
f 11087 11081 11079 
f 11087 11083 11081 
f 11087 11085 11083 
f 11087 11071 11085 
f 11088 11072 11074 
f 11088 11074 11076 
f 11088 11076 11078 
f 11088 11078 11080 
f 11088 11080 11082 
f 11088 11082 11084 
f 11088 11084 11086 
f 11088 11086 11072 
f 11089 11091 11090 
f 11091 11092 11090 
f 11091 11093 11092 
f 11093 11094 11092 
f 11093 11095 11094 
f 11095 11096 11094 
f 11095 11097 11096 
f 11097 11098 11096 
f 11097 11099 11098 
f 11099 11100 11098 
f 11099 11101 11100 
f 11101 11102 11100 
f 11101 11103 11102 
f 11103 11104 11102 
f 11103 11089 11104 
f 11089 11090 11104 
f 11105 11091 11089 
f 11105 11093 11091 
f 11105 11095 11093 
f 11105 11097 11095 
f 11105 11099 11097 
f 11105 11101 11099 
f 11105 11103 11101 
f 11105 11089 11103 
f 11106 11090 11092 
f 11106 11092 11094 
f 11106 11094 11096 
f 11106 11096 11098 
f 11106 11098 11100 
f 11106 11100 11102 
f 11106 11102 11104 
f 11106 11104 11090 
f 11107 11109 11108 
f 11109 11110 11108 
f 11109 11111 11110 
f 11111 11112 11110 
f 11111 11113 11112 
f 11113 11114 11112 
f 11113 11115 11114 
f 11115 11116 11114 
f 11115 11117 11116 
f 11117 11118 11116 
f 11117 11119 11118 
f 11119 11120 11118 
f 11119 11121 11120 
f 11121 11122 11120 
f 11121 11107 11122 
f 11107 11108 11122 
f 11123 11109 11107 
f 11123 11111 11109 
f 11123 11113 11111 
f 11123 11115 11113 
f 11123 11117 11115 
f 11123 11119 11117 
f 11123 11121 11119 
f 11123 11107 11121 
f 11124 11108 11110 
f 11124 11110 11112 
f 11124 11112 11114 
f 11124 11114 11116 
f 11124 11116 11118 
f 11124 11118 11120 
f 11124 11120 11122 
f 11124 11122 11108 
f 11125 11127 11126 
f 11127 11128 11126 
f 11127 11129 11128 
f 11129 11130 11128 
f 11129 11131 11130 
f 11131 11132 11130 
f 11131 11133 11132 
f 11133 11134 11132 
f 11133 11135 11134 
f 11135 11136 11134 
f 11135 11137 11136 
f 11137 11138 11136 
f 11137 11139 11138 
f 11139 11140 11138 
f 11139 11125 11140 
f 11125 11126 11140 
f 11141 11127 11125 
f 11141 11129 11127 
f 11141 11131 11129 
f 11141 11133 11131 
f 11141 11135 11133 
f 11141 11137 11135 
f 11141 11139 11137 
f 11141 11125 11139 
f 11142 11126 11128 
f 11142 11128 11130 
f 11142 11130 11132 
f 11142 11132 11134 
f 11142 11134 11136 
f 11142 11136 11138 
f 11142 11138 11140 
f 11142 11140 11126 
f 11143 11145 11144 
f 11145 11146 11144 
f 11145 11147 11146 
f 11147 11148 11146 
f 11147 11149 11148 
f 11149 11150 11148 
f 11149 11151 11150 
f 11151 11152 11150 
f 11151 11153 11152 
f 11153 11154 11152 
f 11153 11155 11154 
f 11155 11156 11154 
f 11155 11157 11156 
f 11157 11158 11156 
f 11157 11143 11158 
f 11143 11144 11158 
f 11159 11145 11143 
f 11159 11147 11145 
f 11159 11149 11147 
f 11159 11151 11149 
f 11159 11153 11151 
f 11159 11155 11153 
f 11159 11157 11155 
f 11159 11143 11157 
f 11160 11144 11146 
f 11160 11146 11148 
f 11160 11148 11150 
f 11160 11150 11152 
f 11160 11152 11154 
f 11160 11154 11156 
f 11160 11156 11158 
f 11160 11158 11144 
f 11161 11163 11162 
f 11163 11164 11162 
f 11163 11165 11164 
f 11165 11166 11164 
f 11165 11167 11166 
f 11167 11168 11166 
f 11167 11169 11168 
f 11169 11170 11168 
f 11169 11171 11170 
f 11171 11172 11170 
f 11171 11173 11172 
f 11173 11174 11172 
f 11173 11175 11174 
f 11175 11176 11174 
f 11175 11161 11176 
f 11161 11162 11176 
f 11177 11163 11161 
f 11177 11165 11163 
f 11177 11167 11165 
f 11177 11169 11167 
f 11177 11171 11169 
f 11177 11173 11171 
f 11177 11175 11173 
f 11177 11161 11175 
f 11178 11162 11164 
f 11178 11164 11166 
f 11178 11166 11168 
f 11178 11168 11170 
f 11178 11170 11172 
f 11178 11172 11174 
f 11178 11174 11176 
f 11178 11176 11162 
f 11179 11181 11180 
f 11181 11182 11180 
f 11181 11183 11182 
f 11183 11184 11182 
f 11183 11185 11184 
f 11185 11186 11184 
f 11185 11187 11186 
f 11187 11188 11186 
f 11187 11189 11188 
f 11189 11190 11188 
f 11189 11191 11190 
f 11191 11192 11190 
f 11191 11193 11192 
f 11193 11194 11192 
f 11193 11179 11194 
f 11179 11180 11194 
f 11195 11181 11179 
f 11195 11183 11181 
f 11195 11185 11183 
f 11195 11187 11185 
f 11195 11189 11187 
f 11195 11191 11189 
f 11195 11193 11191 
f 11195 11179 11193 
f 11196 11180 11182 
f 11196 11182 11184 
f 11196 11184 11186 
f 11196 11186 11188 
f 11196 11188 11190 
f 11196 11190 11192 
f 11196 11192 11194 
f 11196 11194 11180 
f 11197 11199 11198 
f 11199 11200 11198 
f 11199 11201 11200 
f 11201 11202 11200 
f 11201 11203 11202 
f 11203 11204 11202 
f 11203 11205 11204 
f 11205 11206 11204 
f 11205 11207 11206 
f 11207 11208 11206 
f 11207 11209 11208 
f 11209 11210 11208 
f 11209 11211 11210 
f 11211 11212 11210 
f 11211 11197 11212 
f 11197 11198 11212 
f 11213 11199 11197 
f 11213 11201 11199 
f 11213 11203 11201 
f 11213 11205 11203 
f 11213 11207 11205 
f 11213 11209 11207 
f 11213 11211 11209 
f 11213 11197 11211 
f 11214 11198 11200 
f 11214 11200 11202 
f 11214 11202 11204 
f 11214 11204 11206 
f 11214 11206 11208 
f 11214 11208 11210 
f 11214 11210 11212 
f 11214 11212 11198 
f 11215 11217 11216 
f 11217 11218 11216 
f 11217 11219 11218 
f 11219 11220 11218 
f 11219 11221 11220 
f 11221 11222 11220 
f 11221 11223 11222 
f 11223 11224 11222 
f 11223 11225 11224 
f 11225 11226 11224 
f 11225 11227 11226 
f 11227 11228 11226 
f 11227 11229 11228 
f 11229 11230 11228 
f 11229 11215 11230 
f 11215 11216 11230 
f 11231 11217 11215 
f 11231 11219 11217 
f 11231 11221 11219 
f 11231 11223 11221 
f 11231 11225 11223 
f 11231 11227 11225 
f 11231 11229 11227 
f 11231 11215 11229 
f 11232 11216 11218 
f 11232 11218 11220 
f 11232 11220 11222 
f 11232 11222 11224 
f 11232 11224 11226 
f 11232 11226 11228 
f 11232 11228 11230 
f 11232 11230 11216 
f 11233 11235 11234 
f 11235 11236 11234 
f 11235 11237 11236 
f 11237 11238 11236 
f 11237 11239 11238 
f 11239 11240 11238 
f 11239 11241 11240 
f 11241 11242 11240 
f 11241 11243 11242 
f 11243 11244 11242 
f 11243 11245 11244 
f 11245 11246 11244 
f 11245 11247 11246 
f 11247 11248 11246 
f 11247 11233 11248 
f 11233 11234 11248 
f 11249 11235 11233 
f 11249 11237 11235 
f 11249 11239 11237 
f 11249 11241 11239 
f 11249 11243 11241 
f 11249 11245 11243 
f 11249 11247 11245 
f 11249 11233 11247 
f 11250 11234 11236 
f 11250 11236 11238 
f 11250 11238 11240 
f 11250 11240 11242 
f 11250 11242 11244 
f 11250 11244 11246 
f 11250 11246 11248 
f 11250 11248 11234 
f 11251 11253 11252 
f 11253 11254 11252 
f 11253 11255 11254 
f 11255 11256 11254 
f 11255 11257 11256 
f 11257 11258 11256 
f 11257 11259 11258 
f 11259 11260 11258 
f 11259 11261 11260 
f 11261 11262 11260 
f 11261 11263 11262 
f 11263 11264 11262 
f 11263 11265 11264 
f 11265 11266 11264 
f 11265 11251 11266 
f 11251 11252 11266 
f 11267 11253 11251 
f 11267 11255 11253 
f 11267 11257 11255 
f 11267 11259 11257 
f 11267 11261 11259 
f 11267 11263 11261 
f 11267 11265 11263 
f 11267 11251 11265 
f 11268 11252 11254 
f 11268 11254 11256 
f 11268 11256 11258 
f 11268 11258 11260 
f 11268 11260 11262 
f 11268 11262 11264 
f 11268 11264 11266 
f 11268 11266 11252 
f 11269 11271 11270 
f 11271 11272 11270 
f 11271 11273 11272 
f 11273 11274 11272 
f 11273 11275 11274 
f 11275 11276 11274 
f 11275 11277 11276 
f 11277 11278 11276 
f 11277 11279 11278 
f 11279 11280 11278 
f 11279 11281 11280 
f 11281 11282 11280 
f 11281 11283 11282 
f 11283 11284 11282 
f 11283 11269 11284 
f 11269 11270 11284 
f 11285 11271 11269 
f 11285 11273 11271 
f 11285 11275 11273 
f 11285 11277 11275 
f 11285 11279 11277 
f 11285 11281 11279 
f 11285 11283 11281 
f 11285 11269 11283 
f 11286 11270 11272 
f 11286 11272 11274 
f 11286 11274 11276 
f 11286 11276 11278 
f 11286 11278 11280 
f 11286 11280 11282 
f 11286 11282 11284 
f 11286 11284 11270 
f 11287 11289 11288 
f 11289 11290 11288 
f 11289 11291 11290 
f 11291 11292 11290 
f 11291 11293 11292 
f 11293 11294 11292 
f 11293 11295 11294 
f 11295 11296 11294 
f 11295 11297 11296 
f 11297 11298 11296 
f 11297 11299 11298 
f 11299 11300 11298 
f 11299 11301 11300 
f 11301 11302 11300 
f 11301 11287 11302 
f 11287 11288 11302 
f 11303 11289 11287 
f 11303 11291 11289 
f 11303 11293 11291 
f 11303 11295 11293 
f 11303 11297 11295 
f 11303 11299 11297 
f 11303 11301 11299 
f 11303 11287 11301 
f 11304 11288 11290 
f 11304 11290 11292 
f 11304 11292 11294 
f 11304 11294 11296 
f 11304 11296 11298 
f 11304 11298 11300 
f 11304 11300 11302 
f 11304 11302 11288 
f 11305 11307 11306 
f 11307 11308 11306 
f 11307 11309 11308 
f 11309 11310 11308 
f 11309 11311 11310 
f 11311 11312 11310 
f 11311 11313 11312 
f 11313 11314 11312 
f 11313 11315 11314 
f 11315 11316 11314 
f 11315 11317 11316 
f 11317 11318 11316 
f 11317 11319 11318 
f 11319 11320 11318 
f 11319 11305 11320 
f 11305 11306 11320 
f 11321 11307 11305 
f 11321 11309 11307 
f 11321 11311 11309 
f 11321 11313 11311 
f 11321 11315 11313 
f 11321 11317 11315 
f 11321 11319 11317 
f 11321 11305 11319 
f 11322 11306 11308 
f 11322 11308 11310 
f 11322 11310 11312 
f 11322 11312 11314 
f 11322 11314 11316 
f 11322 11316 11318 
f 11322 11318 11320 
f 11322 11320 11306 
f 11323 11325 11324 
f 11325 11326 11324 
f 11325 11327 11326 
f 11327 11328 11326 
f 11327 11329 11328 
f 11329 11330 11328 
f 11329 11331 11330 
f 11331 11332 11330 
f 11331 11333 11332 
f 11333 11334 11332 
f 11333 11335 11334 
f 11335 11336 11334 
f 11335 11337 11336 
f 11337 11338 11336 
f 11337 11323 11338 
f 11323 11324 11338 
f 11339 11325 11323 
f 11339 11327 11325 
f 11339 11329 11327 
f 11339 11331 11329 
f 11339 11333 11331 
f 11339 11335 11333 
f 11339 11337 11335 
f 11339 11323 11337 
f 11340 11324 11326 
f 11340 11326 11328 
f 11340 11328 11330 
f 11340 11330 11332 
f 11340 11332 11334 
f 11340 11334 11336 
f 11340 11336 11338 
f 11340 11338 11324 
f 11341 11343 11342 
f 11343 11344 11342 
f 11343 11345 11344 
f 11345 11346 11344 
f 11345 11347 11346 
f 11347 11348 11346 
f 11347 11349 11348 
f 11349 11350 11348 
f 11349 11351 11350 
f 11351 11352 11350 
f 11351 11353 11352 
f 11353 11354 11352 
f 11353 11355 11354 
f 11355 11356 11354 
f 11355 11341 11356 
f 11341 11342 11356 
f 11357 11343 11341 
f 11357 11345 11343 
f 11357 11347 11345 
f 11357 11349 11347 
f 11357 11351 11349 
f 11357 11353 11351 
f 11357 11355 11353 
f 11357 11341 11355 
f 11358 11342 11344 
f 11358 11344 11346 
f 11358 11346 11348 
f 11358 11348 11350 
f 11358 11350 11352 
f 11358 11352 11354 
f 11358 11354 11356 
f 11358 11356 11342 
f 11359 11361 11360 
f 11361 11362 11360 
f 11361 11363 11362 
f 11363 11364 11362 
f 11363 11365 11364 
f 11365 11366 11364 
f 11365 11367 11366 
f 11367 11368 11366 
f 11367 11369 11368 
f 11369 11370 11368 
f 11369 11371 11370 
f 11371 11372 11370 
f 11371 11373 11372 
f 11373 11374 11372 
f 11373 11359 11374 
f 11359 11360 11374 
f 11375 11361 11359 
f 11375 11363 11361 
f 11375 11365 11363 
f 11375 11367 11365 
f 11375 11369 11367 
f 11375 11371 11369 
f 11375 11373 11371 
f 11375 11359 11373 
f 11376 11360 11362 
f 11376 11362 11364 
f 11376 11364 11366 
f 11376 11366 11368 
f 11376 11368 11370 
f 11376 11370 11372 
f 11376 11372 11374 
f 11376 11374 11360 
f 11377 11379 11378 
f 11379 11380 11378 
f 11379 11381 11380 
f 11381 11382 11380 
f 11381 11383 11382 
f 11383 11384 11382 
f 11383 11385 11384 
f 11385 11386 11384 
f 11385 11387 11386 
f 11387 11388 11386 
f 11387 11389 11388 
f 11389 11390 11388 
f 11389 11391 11390 
f 11391 11392 11390 
f 11391 11377 11392 
f 11377 11378 11392 
f 11393 11379 11377 
f 11393 11381 11379 
f 11393 11383 11381 
f 11393 11385 11383 
f 11393 11387 11385 
f 11393 11389 11387 
f 11393 11391 11389 
f 11393 11377 11391 
f 11394 11378 11380 
f 11394 11380 11382 
f 11394 11382 11384 
f 11394 11384 11386 
f 11394 11386 11388 
f 11394 11388 11390 
f 11394 11390 11392 
f 11394 11392 11378 
